-- phpMyAdmin SQL Dump
-- version 4.6.4
-- https://www.phpmyadmin.net/
--
-- Host: 127.0.0.1
-- Generation Time: Jul 28, 2017 at 05:36 AM
-- Server version: 5.7.14
-- PHP Version: 5.6.25

SET SQL_MODE = "NO_AUTO_VALUE_ON_ZERO";
SET time_zone = "+00:00";


/*!40101 SET @OLD_CHARACTER_SET_CLIENT=@@CHARACTER_SET_CLIENT */;
/*!40101 SET @OLD_CHARACTER_SET_RESULTS=@@CHARACTER_SET_RESULTS */;
/*!40101 SET @OLD_COLLATION_CONNECTION=@@COLLATION_CONNECTION */;
/*!40101 SET NAMES utf8mb4 */;

--
-- Database: `reshma_solmate`
--

-- --------------------------------------------------------

--
-- Table structure for table `active_members`
--

CREATE TABLE `active_members` (
  `id` int(11) NOT NULL,
  `user_id` int(11) NOT NULL,
  `date_time` datetime NOT NULL
) ENGINE=InnoDB DEFAULT CHARSET=latin1;

--
-- Dumping data for table `active_members`
--

INSERT INTO `active_members` (`id`, `user_id`, `date_time`) VALUES
(1, 6539442, '2017-03-29 15:53:36'),
(2, 1569628, '2017-02-03 17:11:07'),
(3, 5980622, '2017-01-30 12:59:51'),
(4, 1000228, '2017-01-20 14:53:48'),
(5, 7577796, '2017-04-07 13:01:44'),
(6, 9528120, '2017-02-02 18:35:09'),
(7, 3081369, '2017-01-31 17:52:29'),
(8, 6249224, '2017-03-02 15:47:59'),
(9, 8624954, '2017-04-13 06:19:10'),
(10, 4370060, '2017-02-02 18:16:50'),
(11, 9729449, '2017-02-02 17:04:09'),
(12, 9279227, '2017-02-03 10:43:44'),
(13, 1923511, '2017-02-03 17:55:30'),
(14, 7520209, '2017-02-09 13:41:26'),
(15, 5549915, '2017-02-06 15:08:52'),
(16, 6260944, '2017-02-09 10:44:00'),
(17, 1328195, '2017-02-06 17:46:56'),
(18, 3485745, '2017-02-09 10:53:34'),
(19, 6467798, '2017-02-10 14:43:54'),
(20, 4380262, '2017-02-09 15:58:24'),
(21, 6423471, '2017-02-09 17:29:31'),
(22, 9950824, '2017-02-13 17:58:30'),
(23, 6528430, '2017-03-03 09:56:06'),
(24, 8493817, '2017-03-29 15:54:07'),
(25, 1035131, '2017-02-24 18:47:11'),
(26, 8235405, '2017-02-25 12:08:23'),
(27, 1708918, '2017-03-03 11:42:33'),
(28, 5308352, '2017-03-17 18:51:58'),
(29, 7923722, '2017-03-06 15:59:42'),
(30, 5872868, '2017-03-13 14:40:30'),
(31, 4925794, '2017-03-17 16:59:23'),
(32, 4646241, '2017-03-30 09:48:50'),
(33, 5941411, '2017-04-25 14:19:04'),
(34, 1904840, '2017-04-25 12:43:40'),
(35, 4229173, '2017-04-27 10:07:30'),
(36, 8710301, '2017-04-27 14:09:01'),
(37, 7535161, '2017-07-27 12:18:11'),
(38, 5136172, '2017-07-27 14:17:52'),
(39, 4355283, '2017-07-19 12:40:16'),
(40, 7180214, '2017-07-19 17:20:19'),
(41, 6848089, '2017-07-27 14:27:59'),
(42, 5151715, '2017-07-27 15:22:17');

-- --------------------------------------------------------

--
-- Table structure for table `app_tokens`
--

CREATE TABLE `app_tokens` (
  `token_id` int(11) UNSIGNED NOT NULL,
  `token_unique` varchar(100) NOT NULL,
  `token_user` int(30) UNSIGNED NOT NULL,
  `token_active` int(11) UNSIGNED NOT NULL
) ENGINE=InnoDB DEFAULT CHARSET=latin1;

--
-- Dumping data for table `app_tokens`
--

INSERT INTO `app_tokens` (`token_id`, `token_unique`, `token_user`, `token_active`) VALUES
(1, '34f5437275eb5bca6ec82cf683f81681', 6539442, 1),
(2, 'd9828d5fff44cad0049e3660585016f1', 6539442, 1),
(3, '3a6ec2e5c17005e1407d8b36f9f328b8', 6539442, 1),
(4, '591f19a2376c1e0c44e8e192c1d520d9', 6539442, 1),
(5, 'b9762c8a073648f3f8014ae050c0ee88', 6539442, 1),
(6, '3613c786607d91f4971b43aa4aa39aab', 6539442, 1),
(7, '0a6662b80b01693bf9fde7a6c65ddd4e', 6539442, 1),
(8, '9b0c5b8e7f3b5ba50a9d47f5a4a3d77c', 6539442, 1),
(9, 'd457b5fc0607d78e68748a792812f7a7', 6539442, 1),
(10, '4e01d18b02582cd646f7a0401fd0c09a', 6539442, 1),
(17, 'fc1fd82bc992aae407dc88c12aa868b9', 3593565, 1),
(18, '40ce61c9c1f2ded43ff7f05352bbd1e7', 1000228, 1),
(19, 'df4b43cefdf87a3519add287147966f5', 9229214, 1),
(20, '12b31001c47d7b2cc6250e81c6d3b651', 3846529, 1),
(21, '8339764f0d460a7305bdd8600c3fc741', 1000228, 1),
(22, 'b8fafbe493323a2b89422db4f6cef9f9', 7577796, 1),
(23, '76e23d327de338ac601c340705db1068', 1000228, 1),
(24, 'f7b8f6fa5d4d5418848ea574d117e24f', 7577796, 1),
(25, '75845b0d53ee749b2097b0fd9d3da9e8', 7577796, 1),
(26, 'fd245f1f8ec0e5cc9cdc8d8a9bf99853', 7577796, 1),
(27, '2b60ae04f6271447e5fe1fc62a8436d2', 7577796, 1),
(28, 'be123a501e0578c4b1f3b2a96b7b5b10', 7577796, 1),
(29, 'd1d9b81e7b4e721b469e6ba6c661cd02', 7577796, 1),
(30, 'fd96343363e5687e72863fcb66d85b5d', 7577796, 1),
(31, '14c4e4bff537512dccb686da91fc4cae', 7577796, 1),
(32, 'ff5ec4af6e815e072562654b2ca5630e', 7577796, 1),
(33, 'ae112a407ccabfe8e5983591c233b477', 8726489, 1),
(34, '3b2c715a7b57d9f64469f5bf971c29e9', 8518006, 1),
(35, '6e1c225cb98063a753e8665dbb3c1539', 8348562, 1),
(36, '5578ee2f6261bfefd1d6a443dd76d4a3', 9151541, 1),
(37, '44c39d6b48036ff9e085adcb44c7da65', 4120165, 1),
(38, 'c99c759a735594739543b272126728f8', 8943196, 1),
(39, '53ea178f4a8c33007edc1ffa5272eecb', 2267403, 1),
(40, '857a3f2daaaa0216dc97bd16a5666127', 9840726, 1),
(41, '454f209766fd85d112d9077689328284', 6876814, 1),
(42, 'ac6c164c9c389bbc522a9c01236cb6c3', 8859573, 1),
(43, '974a1b67b017a3547368223e05395681', 7577796, 1),
(44, 'c92a6487dad2d30c16d006312bb67d39', 8859573, 1),
(45, '39be2e1ef97a94cf32c4230b24694b0c', 4921067, 1),
(46, '6277db08cb012e7ddcddb237f047f802', 8859573, 1),
(47, '1d3cf402dd0d214d8b84bec0154992ef', 1923511, 1),
(48, '1acae08ad746fbe9f983b0b20eabf684', 6539442, 1),
(49, '53f85f8d298824129ced975dbf526115', 8624954, 1),
(50, '6207ef1005dbc92d2b5e2df30cdf5349', 7577796, 1),
(51, 'e5cf86fabecfe368303821aad01f643e', 7577796, 1),
(52, '4979def6842c2727cce0a6834b5f0653', 8624954, 1),
(53, '1bdb3048718324d2095f651e14935def', 8624954, 1),
(54, '3ceb9e3f4a2ece531a8cb7ffb107b224', 8624954, 1),
(55, 'aeee9968e1fdd1488d23a45273d59e83', 7776784, 1),
(56, '366804f9edf73800e8a110cbccb0aaef', 7572943, 1),
(57, 'af1b17b1729664d62f20845dead72650', 7136853, 1),
(58, '357ff60b826b7fa031a21370aa248c16', 3663911, 1),
(59, '272e80936d2dfa54d0cf62bc5637e999', 6427253, 1),
(60, '9531ce5b220f3b1f69cabdba20f4e8f1', 5400379, 1),
(61, '2ae6c13c913ca99ec9114c267b037778', 8702356, 1),
(62, 'b30265fab6f21f427d65b214cb91bbc0', 4959795, 1),
(63, 'd0c901942095b680f53423b500b90ea2', 1660450, 1),
(64, '8a1a266b028b7e06c07edd5a5afcb8d3', 1990850, 1),
(65, '621825c0cd02bf3d68ff933235580065', 5703735, 1),
(66, '19f3c97b610004fe6ac00927b2718797', 7577796, 1),
(67, 'c4b8439069a210b5a0f687916374cb58', 8199372, 1),
(68, '80547765f74581ad50229429f5277d7f', 3283770, 1),
(69, '48d5d8bd45160283f82e8ec2d0b780c1', 7848443, 1),
(70, '89efaf9eb249453c2e6da502c8d621fc', 2834671, 1),
(71, 'd71e8e7b08855c84c67f6128c061fd48', 4053649, 1),
(72, 'be532b7a6bbdd985f39901255d7f5e9f', 6954190, 1),
(73, '517b76ae79bad9c9ccffadd45fa4ed64', 1345081, 1),
(74, 'dd96ba42cb41a058a66810efdb086fd8', 7754611, 1),
(75, '4decd8ef2c35c84ef1a871aa93d3e570', 4033110, 1),
(76, '3626a39f0d52baa4d700e804de5a534b', 6057810, 1),
(77, '86dbea180deadfeb1e5a2bcdfa91db4e', 7466668, 1),
(78, '1c01260ed259d3e318b93f88ae3ef212', 9342283, 1),
(79, '49d7c456ba5bfd904423498c11632b62', 3438393, 1),
(80, 'a5f2a1c0da08bf89289017c83314ccf3', 1384518, 1),
(81, 'c1fe97fb68def79654c7e075fea3a586', 1815459, 1),
(82, 'f3ffefb90784a76ef3f5a566b600c7a3', 7974577, 1),
(83, '48967fdb332cb7ca2150dbc10ef5a7e5', 9777935, 1),
(84, '709bff6cbc4373c530cba5e4653e99bf', 3507744, 1),
(85, '27802a40d98962457f35779c39485160', 2067377, 1),
(86, '74003a90ae462bac1f921707de04111e', 2923417, 1),
(87, 'b740946b35ef4826bda032f0bacb2f0e', 8623008, 1),
(88, 'f77dd8b9c3dd0c45ed140cc7c7d70c08', 5311154, 1),
(89, 'b08e7eaa3ca03a0c65baceac5073bd70', 5311154, 1),
(90, '31937ad8180caa7719706b9ad1c77d63', 5311154, 1),
(91, 'ded6c8f3431773375377e029c53cf8bd', 5311154, 1),
(92, '77b1027027909949122a12a4c9f5c983', 5311154, 1),
(93, 'b48f10904d090ecda35933d9f312bea2', 5311154, 1),
(94, '1e6148359ce0be71590560b73709a6f4', 5311154, 1),
(95, 'c573fd59fe0ea41aa8def6ae43f1b4df', 5311154, 1),
(96, '9d99cdbdffe320483cdbbbd9fa5c83b7', 5311154, 1),
(97, 'dac67a04635d78eba0d8a749f6644dec', 5311154, 1),
(98, '93b8bed6d0e70530371e34bffafbdf90', 5311154, 1),
(99, 'bea13f8d3327c957dd610649f058aca8', 5311154, 1),
(100, '518ad7020cd3a6cb0346195371e7982d', 5311154, 1),
(101, 'cd55b69ef4d0ba8f9a06624ac73bf540', 5311154, 1),
(102, 'cb3d630f473b5f06039e593afcb25d8d', 5311154, 1),
(103, 'b955d97d366fe258a05c644e16632c64', 5311154, 1),
(104, 'a8b74f094cb742315491105d00d88525', 5311154, 1),
(105, '8471ca5e896c6e0be30ffbcfaf8eb5fc', 5311154, 1),
(106, '0be3002843ef386b3e6e38fcfce48906', 5311154, 1),
(107, '28cdb52a7f3399100e8aa8fd911832d2', 5311154, 1),
(108, '5172d2db8ec45e66fd64aa8cebb7473b', 5311154, 1),
(109, 'e60aadfddffbfe6ffe5a079e0e4ba15b', 4629392, 1),
(110, 'eb84476d2df164d867757c3e6b666b0b', 4629392, 1),
(111, '8787a4551bcc1b90319da3dfee5a42f9', 4629392, 1),
(112, 'ffb0323a6e499aedff898172d223284f', 4629392, 1),
(113, 'e28c1ac986057ddf9d5698b39bdaee58', 4629392, 1),
(114, '6e7237fd365b5754967e96bcb374dbc3', 4629392, 1),
(115, '1448ed8a7e65a80f04c9c1372df9ae51', 4629392, 1),
(116, '717fe5c68db6f7c330e91f984c285dc7', 4629392, 1),
(117, 'b5bd3f1e57f94b7704f21ab1e40c4313', 4629392, 1),
(118, 'e65a1e3026184d57d3ad46116ecee3c5', 4629392, 1),
(119, '7ab715e22733f34eb5a93bfd3c4ba311', 4629392, 1),
(120, 'd6c493ab802eb395907738433f340c85', 4629392, 1),
(121, 'ac64ebf597e763cca528f9117e1d9daf', 4629392, 1),
(122, '6cda434d5887ec4f85b0f7b0e2d3b6ca', 4629392, 1),
(123, '3ea2d6e98261866c433fb10f85f04109', 9564319, 1),
(124, 'f04eb914245e7c817da868059fe79231', 4629392, 1),
(125, '26a9588b900b50bf0973ee76115b9bd3', 4629392, 1),
(126, 'e3ea6032fd4be64e348313bf9579cc41', 9247732, 1),
(127, 'ac72505c68c7e16331f2ebc101216fcd', 4629392, 1),
(128, '2455ceaba75fd613ee036be893aa505b', 6509859, 1),
(129, 'b1cb61fa6501a0d5698b428edbf2de66', 6458979, 1),
(130, '213944744e5d85e016eb51c338172e0a', 6698394, 1),
(131, 'd0def3ce92e3ba61ecbea296da51fd90', 5664416, 1),
(132, '1ff0c2a6bdae2cec5f04ca7ef93b8398', 2434679, 1),
(133, '4985b48df796261f0c31fd747428b2f3', 7342216, 1),
(134, '453c2cdc58f1ca5eb92bdb0ac54f63c6', 4629392, 1),
(135, '6d393dca4b713e7e767a391e60b2527b', 3467505, 1),
(136, 'b953fbd6c0f005e96de0bb9c49c0e0db', 4629392, 1),
(137, 'fb652b16d5494e3f15d39fb170643576', 8489922, 1),
(138, '8c97d5e6d7c07067ad3d95396dff2320', 8624954, 1),
(139, '6d69719152c8ba0b90d0658cae0a196c', 4629392, 1),
(140, '23a415c12d32bbe13b5735d3e85ab381', 4801982, 1),
(141, 'b8286b3ac481eb9252add81ccabcc90f', 4629392, 1),
(142, 'b0936722313fff20ab2771b35354d8b4', 4629392, 1),
(143, '96ab51d192f48bc68f4358c94d5ccd5d', 4629392, 1),
(144, 'c3e58477bc020049e54b9925e7f1ac11', 4629392, 1),
(145, '2217c658563bad27dc90251166b5b68b', 4629392, 1),
(146, '003cd9ad93eb8ba94ab115912f28bd92', 4629392, 1),
(147, '1655e538c300c86180cc605c8e6ad09f', 2853970, 1),
(148, 'c1a5e06f23943fd891679ee72beeafda', 4629392, 1),
(149, 'f6a4a875bd869a8850ed01dbf7ef2030', 4629392, 1),
(150, '468be54ef4625c616be087155577fd65', 4629392, 1),
(151, 'c01a58abafd157f835b607e3f1c0a29a', 4629392, 1),
(152, '6f692e90ccfed1df935a0a4015356e83', 4629392, 1),
(153, '4b054ca65aba4ac7bb4994254b8e1a08', 4629392, 1),
(154, '9724b2af78b12338e718ca99bc37f59f', 4629392, 1),
(155, 'd19e74d776a4830bbc110403af0d29b9', 9264210, 1),
(156, 'b127933acf3f92ac202be57fb1bed8ba', 1035131, 1),
(157, '87e7cb5fdb4e4d7d3c813ffb3660909c', 7256591, 1),
(158, '7ec2ba9cb772a38ac801972ff0684d8d', 2390478, 1),
(159, '682b38df9994318f20c8a4970a6a207a', 1347299, 1),
(160, 'f17522d6c0a693c5e01a183ddd1527dd', 6917346, 1),
(161, '2b170ace1f0b084b79c39aa6b4d3de87', 4629392, 1),
(162, 'd3c6d2919dba1fc9f3d0079b50ff44da', 4629392, 1),
(163, '424f96046c7a8e0a9c78cfaec2a95c84', 4629392, 1),
(164, '81eb8f0c62e5323af2f7478ea382e0c4', 1035131, 1),
(165, 'be6ef7ba36f7b3c6a31ca5c80688b791', 4629392, 1),
(166, '78304903e989878ec5981e278d592fa4', 1035131, 1),
(167, 'aca02a28e680f2cbf906f0ada07c68b0', 6265502, 1),
(168, 'd92e1190306549baa1fca2ae1b30a46c', 6265502, 1),
(169, '7b6ff21976a888ca88360f7237d38564', 6265502, 1),
(170, '292a231f587619564faf6136e0acff88', 8840620, 1),
(171, 'fd2d1274866d2b8589a6f95e8e092f0c', 8840620, 1),
(172, '9d9f8b0a8c8639d408148e7cf1d4936d', 8840620, 1),
(173, '44716f976429b8abd01529e9375a1b9d', 8840620, 1),
(174, 'a155959e3ad1942592f3fdb5b6c83eaf', 8840620, 1),
(175, '6c9bb5c71b142e30d26451e64a831691', 8840620, 1),
(176, '29656c894393ba0aec086305029b6410', 8840620, 1),
(177, '37811e0e66a6ebe49b7e04ab487ba8a2', 8840620, 1),
(178, '6ca5e7ab58d81c46d98d394a659d54da', 8840620, 1),
(179, 'e7865302497a7fbec0a41d7875d04715', 8840620, 1),
(180, '5b2ee610befdf8a9549da16c3bc38ff6', 7577796, 1),
(181, '8776fbc267e108fceedb7a1a27974009', 8840620, 1),
(182, '18a8f05dbac4fb7929a8a28ff9b6ad99', 8840620, 1),
(183, '935210bcd271ab54715eefe7aed9ba11', 8840620, 1),
(184, 'a154ad6cddd6085557003248372148a0', 8840620, 1),
(185, '703397d8a094e38efdd7529ffff6430e', 8840620, 1),
(186, '7c83a63c97f100d86867a08f15d23e5c', 8840620, 1),
(187, '16b37bc55150752a9efd3c82e2039cd5', 8840620, 1),
(188, 'db3b1a5da188909d81b330081c6f3c4b', 8840620, 1),
(189, '809c83dbc3f140deb931ff91247dce0b', 8840620, 1),
(190, '72000117127c2b01f7f3cc2cf92476af', 8840620, 1),
(191, '7218bd12353e826f43e9c7e49bd94e46', 8840620, 1),
(192, '4055d160dc080e04d32bda97b9cae962', 8840620, 1),
(193, 'd2de598a65679d0b56a27a89485058b2', 8840620, 1),
(194, '2305c7219e4e85cf42f535c5488e2343', 7577796, 1),
(195, '77b03651d14b263b5b4ad5dc1e7729e7', 8840620, 1),
(196, 'cc6cdebbd3d4222519c4d7fccb687908', 8840620, 1),
(197, '6c7f62993d1e304ed68dbef1d20184d6', 8840620, 1),
(198, '16aaa86efd48c15bd8a58ea76350e5ef', 8840620, 1),
(199, '1ea41c016d1acf21eae7792ffb88d88b', 8840620, 1),
(200, '36f8c0798f16b84bd6741af4ca39a1c6', 8840620, 1),
(201, '2054bb279c583b8e87a6ceed91195a08', 8840620, 1),
(202, '9a4e776246815615451a897db87edd5b', 8840620, 1),
(203, '88ba49e740eb7881e2fd18d40f56f5c5', 8840620, 1),
(204, '5a34bb10690af25745eed12a1e295846', 8840620, 1),
(205, '1b916dda113bcf01c5c15d2a6a63c9b7', 8840620, 1),
(206, '3567c6ab00ec3d5e9b13cc6c994af7eb', 8840620, 1),
(207, '346f6632115e58c29fbf87ec92f9ce8e', 8840620, 1),
(208, '4144f0a5a504326cd3e42c28bb035f4c', 8840620, 1),
(209, '63f30c38ca06ee964777ebb7a064bb30', 8840620, 1),
(210, '2bebac8d33e2b6eba3413a33c2aae6f1', 8840620, 1),
(211, 'eb2751a281c9fca88a7087b7dec6fc37', 1035131, 1),
(212, '5fd7ab3f1ebbcaae8773ec2918296454', 8624954, 1),
(213, 'f88948e919df26075645502d82f0b025', 8840620, 1),
(214, '010da757c864e0461457eaa63b6852f3', 8840620, 1),
(215, '5cff0844de1d23b7f5b08e532b28b165', 8840620, 1),
(216, 'aa9d57b54a62c1a06abe78dce6defe52', 8840620, 1),
(217, '031837d29281b3a84c9597150e881622', 8840620, 1),
(218, '4e90b042a7f977c4b8e2ea740af82f40', 8840620, 1),
(219, '27a98bf1af92ff4dd1c0d4642d49c07b', 8840620, 1),
(220, '51563b8f94b505f3453b8042b9904e26', 8840620, 1),
(221, '3712d694e9215f9e20a3352a3a28d4e3', 8840620, 1),
(222, '1259e270fc18d3dfdf7ccf72a513aa3e', 8840620, 1),
(223, '9a0accb85d7565154f8de5bf730ecf8e', 8840620, 1),
(224, '4cb5d275f10db31c9670943a98b598c4', 8840620, 1),
(225, '01786805987aff788efaaf51ae54b587', 8840620, 1),
(226, '59a1f228a546470fc612793d06126155', 8840620, 1),
(227, '2b8bb0fbc46888a229927068de3bb097', 8840620, 1),
(228, 'da8a00ac9e5d75a486d3d21220dbd17c', 8840620, 1),
(229, '18422b939ef2fddc6c0b9d624451b410', 8840620, 1),
(230, '534deaf76b176fac76361286e4fdf12d', 8840620, 1),
(231, 'df9988dc1fd8f30acb29494a20523fc3', 8840620, 1),
(232, '85cc88eaa7bc1a98c49ed27450bd0783', 8840620, 1),
(233, '1a70e714cba6047dd72572548944da49', 8840620, 1),
(234, '3048f6d6d84a7a05d7cd96885d6ec840', 8840620, 1),
(235, 'fd06120beb776e27ecac60fb322e2778', 8840620, 1),
(236, '970e0e96742fd6ede08d2929dbac6e8d', 8840620, 1),
(237, '4b4f2c91771480c141d0ac3d6ee63809', 8840620, 1),
(238, 'b324de1f438854800af296ce2dd193dd', 8840620, 1),
(239, '38d13830d4454cd384f27eccffe7a801', 8840620, 1),
(240, '3a5d6c7c88a179221a241978c7e648b9', 8840620, 1),
(241, 'd89f84956a266d813cd1d48fab9c7992', 8840620, 1),
(242, 'b5b1ad12b72cbc7052109ef42b53fb78', 8840620, 1),
(243, '73faf184594ad453d50837b4421e8463', 8840620, 1),
(244, 'df7cd18467e73c1cf1c34a74b266871b', 8840620, 1),
(245, 'f23efb09deadf26b5fecf3c72350c81f', 8840620, 1),
(246, '14cea15a348140bd1241572b3b48bbf2', 8840620, 1),
(247, 'b1f727a9780fa7573fe8769866241d3e', 8840620, 1),
(248, 'a8a83c1f517b27d89b5790156dffd02e', 8840620, 1),
(249, '90594200ecb7125d205c08258ed56aee', 8840620, 1),
(250, 'c1ac97e042ac553c685f66cd9cee679b', 8840620, 1),
(251, 'cd3882590c72ac03dfc742736b823936', 8840620, 1),
(252, '8a05d25c3076ac3cb27cdfa00e860e9c', 8840620, 1),
(253, '5d3672ae8c36f5382b85d736c6154b4d', 8840620, 1),
(254, 'fd03c1954c286a71b85a0d52b164e05c', 8840620, 1),
(255, '987cfeec5d947cbf373481b2cb518773', 8840620, 1),
(256, '8ba2c8ae219d6eb409f4c589503b233c', 8840620, 1),
(257, '605f31f35a04efcbf55bfd27c3d3a3df', 8840620, 1),
(258, '03d9b0674a22733792be15493d070ee2', 8840620, 1),
(259, '95c8e07584e77a4c83d192de0b444780', 8840620, 1),
(260, 'ffbfb8e0845329a441512e3ee7c28c4a', 8840620, 1),
(261, 'cfc2e137cb92da8c4ddf5b0ad57c5bda', 8840620, 1),
(262, 'bcb16428d1f993b49019600289a25b7d', 7577796, 1),
(263, '36bfa7ba463d6b86bb6bd807f8d1e5e6', 8840620, 1),
(264, 'c0aa16c843bfe25e97e2a6cd44cc1e56', 8840620, 1),
(265, '8dbe7a4ec2408280da429f0d70daa386', 8840620, 1),
(266, '85d891630a1735f94ee0dcfd79d0a48b', 8840620, 1),
(267, '388155294cfb2e991ef24531c4a2cf64', 8840620, 1),
(268, '616471ad6806329f0013a9b6f8536b15', 8840620, 1),
(269, '71d9c89b8e2c620c046d22b9322a3e52', 8840620, 1),
(270, 'bf87dd63b073b6f35395854beae90da9', 8840620, 1),
(271, 'dc478b115142fb7a806c2d1197a79594', 8840620, 1),
(272, '3869cd5f25118f82bad3a24e31789e1e', 8840620, 1),
(273, '978cf4c75a4c5665d60570188905295c', 8840620, 1),
(274, '00ff5c8adf6e96608e3a666408ccf241', 8840620, 1),
(275, '601350daf88611400fc829468657b912', 8840620, 1),
(276, '8efd4d4f74a4602c49428b687cebd214', 8840620, 1),
(277, '325d3862b5ad742de46f08cc53ac14f8', 8840620, 1),
(278, '19c0bd324f1374bf4d5934cc1cb6a431', 8840620, 1),
(279, 'e96e27baa4d48a03930cd8adccac5203', 8840620, 1),
(280, '5044307e56b190642428cc3d8c631071', 8840620, 1),
(281, '5aeb795120390e186e7a792786036d8a', 8840620, 1),
(282, '860c24cbcb495991b4e9ed35c3c2f12a', 8840620, 1),
(283, 'e0aefce5f6400315bc1eddc7e3452b21', 8840620, 1),
(284, '285db627013e6f7bdad62cefcdb4a96d', 8840620, 1),
(285, 'a934088d8019a9f3acb8dc130c94e825', 8840620, 1),
(286, 'c0e0ae44d6460365ab76bb0dbcd79122', 8840620, 1),
(287, '47211dfe2927f98bab60b261f6ee2632', 8840620, 1),
(288, 'ab9153a6b4e94c228e420f3ca7c4ba60', 8840620, 1),
(289, '1b7dfd2c7a83746e4a9edc2909e8357a', 8840620, 1),
(290, '2d01410c61e3e312f198566902a7d3d7', 8840620, 1),
(291, '95b97e580d74c7adaa609879f9f07629', 8840620, 1),
(292, '68f74c76f096f1f31694c318e03e02bb', 8840620, 1),
(293, 'e316ac29daf9c69d70d71ec9632c0e15', 8840620, 1),
(294, 'd0cf875c908c1a0fdeaabf10a50a4582', 8840620, 1),
(295, '5e9eb8759146305945571b657fb3d69d', 8840620, 1),
(296, '77d1b504c0bc2d5c535d10f0b39b2058', 8840620, 1),
(297, 'bf5afdda9644e0c8f5f58ba0e2d8349d', 8840620, 1),
(298, '9582de99853a774f0f9a73f3e07afbe4', 8840620, 1),
(299, 'ef33863f14dc90ad8948f12958c0dc18', 8840620, 1),
(300, '5a1613c667a77276be999b1d78de2a43', 8840620, 1),
(301, 'b55c37c7243d165220c831be85f91072', 8840620, 1),
(302, '87d38ebd654ae0ce960d7321ec1bc07a', 8840620, 1),
(303, '09eb82a7f28b7e6f930c170e52994033', 8840620, 1),
(304, 'ac4b87a8d454ca32f034a3d41d1bab79', 8840620, 1),
(305, '6bee9d5d0cc6c36adc941f06c52241f5', 8840620, 1),
(306, 'e2074f9c99397459c403e88dc8db60ed', 8840620, 1),
(307, 'c8dc9ad605e1e5358e2e0106f4541fc7', 8840620, 1),
(308, '2c5fa7112c1f7bfa6ae0896f97147daf', 8840620, 1),
(309, '9d28bd00574d5bcd1d6216db09ec0f8d', 8840620, 1),
(310, 'be54daf148e4786a6e47c7fb43ed1cda', 8840620, 1),
(311, 'e40b3cd573f9d2e78c0bd6996218dbbc', 8840620, 1),
(312, '1b12c66e715c8afa8a99a1b8be90066f', 8840620, 1),
(313, '965de6cda65a8439f4d6356fad3911b2', 8840620, 1),
(314, 'fbe786a4d727db31f3a56dbf2db8c6a5', 8840620, 1),
(315, '5a2ac27d58d173d89f41f0b3107c691e', 8840620, 1),
(316, 'd1b6317f87a3745a81226863239e7394', 8840620, 1),
(317, 'fac4d7a5adb70d0a475351c3fd612daf', 8840620, 1),
(318, 'c83c10deca812db7f4bbacf246595d39', 8840620, 1),
(319, '7eb93c189716396a6ddf0ad5fea0e69e', 8840620, 1),
(320, '7e7fc3971dbfc82d6e9d75c5a621ba4e', 8840620, 1),
(321, '86a70f3ca1d4821f9e3f22997939b789', 8840620, 1),
(322, '004c742723f4afd28e1fd7e8d339a233', 8840620, 1),
(323, 'b09fbf71e55d559db0c7761679fe6974', 8840620, 1),
(324, '2e9c59b4ce55090cae189cc354ec9fb2', 8840620, 1),
(325, 'a36edae5f6a587ea8341db8bc6e30d2f', 8840620, 1),
(326, '7df4acda6c24db3eff0e0f398ddbff1a', 8840620, 1),
(327, '085798d116e43885d9e02a8de069f204', 7577796, 1),
(328, '0764a88abeb323e5b3990a68713cd2ff', 8840620, 1),
(329, 'ea4bfc85b04a10374a28faece68482f8', 8840620, 1),
(330, '2a4fe41fc956f21b01306701e6306f01', 4689972, 1),
(331, '3a9b7bef34b1fb537b5f696766fc7503', 8840620, 1),
(332, 'cba5fa48d44240e501d174320e83efcc', 8624954, 1),
(333, '0fa5b1f365f5b84d6ee8972a56847018', 7577796, 1),
(334, '1beb6e17d4ccd3a36cd952f094d0d889', 9361701, 1),
(335, 'b028c05644df1da8039a89e71e3a0a7c', 8840620, 1),
(336, '7b3f4bee3aa9e6d23531c2980ffbdea1', 9361701, 1),
(337, 'fd6387a4c75799d9be6a3edf1c4bd28a', 9361701, 1),
(338, '865dc4ece1b2a174fd52bd779f9c0631', 7577796, 1),
(339, '11862866188e54cba4001c655edc42e4', 9361701, 1),
(340, '75f97fc0efd3ece76b05217c18d6ce8e', 9361701, 1),
(341, '67f0cf480614228f715c42e2241d6cbb', 3617298, 1),
(342, '22772df75c911e77c9be4931bec42e9c', 9361701, 1),
(343, 'b5ca2eea4e953df930be68814aee720a', 7577796, 1),
(344, 'c5a4435300df41e8ee315dcbd1c7c9d7', 3400038, 1),
(345, '322eeae86f45d4d5f1ff6880c878b8fb', 2795557, 1),
(346, '822f49871ca3573de127ad7fbaec21cd', 8072240, 1),
(347, '214ccfb355874470aec16e2aa052d9ce', 7848788, 1),
(348, 'a5f1b9dadb07d16f20faf4baf86dab02', 7848788, 1),
(349, '452164de581580f494c46dbe84c06cd0', 3617298, 1),
(350, '82b78551bbec9800695ebcd21f69d9e8', 8624954, 1),
(351, '2d1a2f37f68d7c60011c3440a0b42dd5', 3617298, 1),
(352, '5f525590574942e8bd73f26c29e8b9ce', 8624954, 1),
(353, 'c5692db91c135e4a456e606466400f8f', 7577796, 1),
(354, '0f06ab8d977278c615a5e82728cbfbac', 3617298, 1),
(355, '6f9a5dae6cfa922630b9f09293093479', 5464799, 1),
(356, 'eebd5363ffdedd68de69c54bf318e0bb', 8624954, 1),
(357, '6756fe93c2640cbb58aca91fcbb224da', 7577796, 1),
(358, '8f6aa9ed450af4f2948a251161f28af9', 7577796, 1),
(359, 'f54da974803912fe0ba3f9cdc07256bc', 1035131, 1),
(360, 'da1fa90310a5aaf0866d6b25a6da85c5', 7848788, 1),
(361, '7679b09a7354926d6669125680a005b1', 1035131, 1),
(362, 'f681242a55a5fc5296f132275aef2d44', 8840620, 1),
(363, '57665e7af7c94835755e81f7f33a56fa', 8840620, 1),
(364, 'd82b93d8ede6262122e5df727aeedaaa', 8840620, 1),
(365, '9a0c646de576658df8eedbc1e81d5c19', 8840620, 1),
(366, '4f20ff029b064605da3012116bc06dbe', 8840620, 1),
(367, '08951b5ca4afeb697fd99dd6abbbabb4', 8840620, 1),
(368, '5b71b5b55634afdad0945f2978b9b953', 4352108, 1),
(369, '8097dfe1ff8ccfed971b73c873312d4a', 7577796, 1),
(370, 'aca5e0292dd391022a9cb221cb494664', 4352108, 1),
(371, 'c393cf9a87a45254f280d0bd09c98622', 4352108, 1),
(372, '0ca5ee8fdc74a70b9d391def355ec13f', 7246089, 1),
(373, 'f7505f3d84780d4277b7e81561572d63', 6929097, 1),
(374, 'b9f6b68ac0c28021f6be5b41d7198f37', 4352108, 1),
(375, '7049b4649817cf60dd488fd5ac3db1ed', 7577796, 1),
(376, '3132c0e3094167a7b3b91a5f9f97dea5', 7577796, 1),
(377, '976bb7c4bd48cc1e4d88179a150bcea7', 7577796, 1),
(378, '354229ac53bc2cc3626813e24664cd78', 7577796, 1),
(379, '224428477fc9f6918e23abc3ec5ec0b7', 7577796, 1),
(380, '72ac479cf3c34376efa0e00c2097e256', 4988492, 1),
(381, 'f0d634a5183b10bdea74e83359861031', 7577796, 1),
(382, 'e47d292f52c9625df1afd274f2d7e4a1', 8624954, 1),
(383, '70b7ec77d0edd0df96a3ea9863131582', 7577796, 1),
(384, 'f1b9623ebd9496aa1f0c037f02bee2a0', 7577796, 1),
(385, 'bcfced0287daa149daf436d54874ad4c', 1057664, 1),
(386, '0804efa256e08146ca124a496a91ce48', 4352108, 1),
(387, '19811c15104ac620ca62bbd0cf4b0ac2', 4352108, 1),
(388, '40d2416f1f7b2e4a418f774c5ce92674', 4352108, 1),
(389, '3b9d26b0fd6a7a0499bfd2236d4a787d', 4352108, 1),
(390, '470b4fe7bacfd2f3340516248f1279af', 4352108, 1),
(391, 'a19ef964c0f022020ee9c29f1e27c958', 7577796, 1),
(392, 'e5c5d3667abd994fd5405c894cd1e8e2', 7577796, 1),
(393, 'd49e247ed8e03e07680f3d2302bbf560', 7577796, 1),
(394, '81a7dbe02e4cddc0d22d39f31b4e32c4', 7577796, 1),
(395, '8bcd586ca85e994d39bdac5bca49ccf4', 7577796, 1),
(396, 'c170ce7e2a99d2b63a1453dcced4399d', 7577796, 1),
(397, '7b647a6e8e50cddd0c37007ad5c03ee5', 7577796, 1),
(398, '14bbad918811824d640ddb2eb340226e', 7442202, 1),
(399, '74c51e52850db8762f53844875444b4f', 7577796, 1),
(400, '193018890e82783d3d6defd65df5fcf7', 8624954, 1),
(401, '1d276a0ede02fffb857f130668a4768d', 8624954, 1),
(402, '5946fd3efab73c596f2d708722fa2b30', 8624954, 1),
(403, '35f89a50179f22220d672576525052d1', 8624954, 1),
(404, 'edeb521239ebaebf442bd5d8db48b210', 7577796, 1),
(405, '8963a8b5c9efd48842c2fabd6e3050aa', 8624954, 1),
(406, 'fbf225b30132ab7fa6484ba884776961', 8624954, 1),
(407, 'e6f1191ee088cf098ff8b83bda522e27', 8624954, 1),
(408, 'c1b5c40439340a2d2f033558d3adc888', 8624954, 1),
(409, '8c95b178c4128b7561436cb1bb77b7ba', 8624954, 1),
(410, 'b474a13228e1472db30d83ba8357b3b1', 8624954, 1),
(411, 'a37c2f9a062e1214be191590970f6996', 7577796, 1),
(412, '0010ce270ffefd221e100e33539ba280', 8624954, 1),
(413, '76849463c37d379799c95326ac9aacd6', 8624954, 1),
(414, '3beb41ba711cca6d02d712c685f5ef7a', 8624954, 1),
(415, 'fa2790dec5c6d7caee62ca646ad0dbb2', 7577796, 1),
(416, '6ca3a9aff099195a2d977bcaf075f38b', 8624954, 1),
(417, '0652dee77c2fb26d4fb3b5e67d0e4cee', 7577796, 1),
(418, 'bb325fe2cff7bc1b1d09abf615137094', 7577796, 1),
(419, '24c40f1e29f255a146647f0c6308a716', 8624954, 1),
(420, '4bfefdb56eb89c06b814bee256fcbfe7', 8624954, 1),
(421, 'd437cde1513fe4aa92b81d97053072b8', 7577796, 1),
(422, '39d9f261c59c1995a29c0e1240914e82', 8624954, 1),
(423, 'd6e1d3172af9439d719689f390549f9d', 8624954, 1),
(424, '341a04318c763f19277a5bebbd19d5df', 8624954, 1);

-- --------------------------------------------------------

--
-- Table structure for table `badge`
--

CREATE TABLE `badge` (
  `id` int(11) NOT NULL,
  `user_id` varchar(50) NOT NULL,
  `idproof` varchar(100) NOT NULL,
  `proof_path` varchar(750) NOT NULL,
  `date_time` datetime NOT NULL
) ENGINE=InnoDB DEFAULT CHARSET=latin1;

--
-- Dumping data for table `badge`
--

INSERT INTO `badge` (`id`, `user_id`, `idproof`, `proof_path`, `date_time`) VALUES
(1, '5136172', 'passport', 'assets/uploads/proofs/SM5136172-Aswathi-become-member.png', '2017-05-10 12:25:38');

-- --------------------------------------------------------

--
-- Table structure for table `castes`
--

CREATE TABLE `castes` (
  `caste_id` int(11) NOT NULL,
  `religion_id` int(11) NOT NULL,
  `caste_name` varchar(34) NOT NULL,
  `caste_status` bit(1) NOT NULL DEFAULT b'1'
) ENGINE=MyISAM DEFAULT CHARSET=latin1;

--
-- Dumping data for table `castes`
--

INSERT INTO `castes` (`caste_id`, `religion_id`, `caste_name`, `caste_status`) VALUES
(1, 1, 'Aaru Nattu Vellala', b'1'),
(2, 1, 'Ad Dharmi', b'1'),
(3, 1, 'Adi Andhra', b'1'),
(4, 1, 'Adi Dravidar', b'1'),
(5, 1, 'Adi Karnataka', b'1'),
(6, 1, 'Agamudayar/Arcot/Thuluva Vellala', b'1'),
(7, 1, 'Agaram Vellan Chettiar', b'1'),
(8, 1, 'Agarwal', b'1'),
(9, 1, 'Agnikula Kshatriya', b'1'),
(10, 1, 'Agrahari', b'1'),
(11, 1, 'Agri', b'1'),
(12, 1, 'Ahir Shimpi', b'1'),
(13, 1, 'Ahirwar', b'1'),
(14, 1, 'Ahom', b'1'),
(15, 1, 'Ambalavasi', b'1'),
(16, 1, 'Anjana (Chowdary)Patel', b'1'),
(17, 1, 'Aramari / Gabit', b'1'),
(18, 1, 'Arekatica', b'1'),
(19, 1, 'Arora', b'1'),
(20, 1, 'Arunthathiyar', b'1'),
(21, 1, 'Arya Vysya', b'1'),
(22, 1, 'Asathi', b'1'),
(23, 1, 'Ayira Vysya', b'1'),
(24, 1, 'Ayodhyavasi', b'1'),
(25, 1, 'Ayyaraka', b'1'),
(26, 1, 'Budaga', b'1'),
(27, 1, 'Bagdi', b'1'),
(28, 1, 'Baidya', b'1'),
(29, 1, 'Bairwa', b'1'),
(30, 1, 'Baishbnab', b'1'),
(31, 1, 'Baishya', b'1'),
(32, 1, 'Bajantri', b'1'),
(33, 1, 'Balai', b'1'),
(34, 1, 'Balija', b'1'),
(35, 1, 'Balija Naidu', b'1'),
(36, 1, 'Balija Reddy', b'1'),
(37, 1, 'Banayat Oriya', b'1'),
(38, 1, 'Banik', b'1'),
(39, 1, 'Baniya', b'1'),
(40, 1, 'Baniya - Bania', b'1'),
(41, 1, 'Baniya - KUmuti', b'1'),
(42, 1, 'Banjara', b'1'),
(43, 1, 'Barai', b'1'),
(44, 1, 'Barnwal', b'1'),
(45, 1, 'Barujibi', b'1'),
(46, 1, 'Beri Chettiar', b'1'),
(47, 1, 'Besta', b'1'),
(48, 1, 'Bhandari', b'1'),
(49, 1, 'Bhaia', b'1'),
(50, 1, 'Bhatraju', b'1'),
(51, 1, 'Bhavasar Vshatriya', b'1'),
(52, 1, 'Bhoi', b'1'),
(53, 1, 'Bhovi', b'1'),
(54, 1, 'Bhoyar', b'1'),
(55, 1, 'Billava', b'1'),
(56, 1, 'Bishnoi / Vishnoi', b'1'),
(57, 1, 'Bondili', b'1'),
(58, 1, 'Born Again', b'1'),
(59, 1, 'Boyar', b'1'),
(60, 1, 'Brahmbatt', b'1'),
(61, 1, 'Brahmin - Anavil', b'1'),
(62, 1, 'Brahmin - Anaviln Desai', b'1'),
(63, 1, 'Brahmin - Audichya', b'1'),
(64, 1, 'Brahmin - Baidhiki / Vaidhiki', b'1'),
(65, 1, 'Brahmin - Bardai', b'1'),
(66, 1, 'Brahmin - Barendra', b'1'),
(67, 1, 'Brahmin - Bhargav', b'1'),
(68, 1, 'Brahmin - Bhatt', b'1'),
(69, 1, 'Brahmin - Bhumihar', b'1'),
(70, 1, 'Brahmin - Dadhich', b'1'),
(71, 1, 'Brahmin - Daivadnya', b'1'),
(72, 1, 'Brahmin - Danua', b'1'),
(73, 1, 'Brahmin - Deshastha', b'1'),
(74, 1, 'Brahmin - Dhiman', b'1'),
(75, 1, 'Brahmin - Dravida', b'1'),
(76, 1, 'Brahmin - Embrandiri', b'1'),
(77, 1, 'Brahmin - Garhwali', b'1'),
(78, 1, 'Brahmin - Gaur', b'1'),
(79, 1, 'Brahmin - Goswami / Gosavi', b'1'),
(80, 1, 'Brahmin - Gujar Gaur', b'1'),
(81, 1, 'Brahmin - Gurakkal', b'1'),
(82, 1, 'Brahmin - Halua', b'1'),
(83, 1, 'Brahmin - Havyaka', b'1'),
(84, 1, 'Brahmin - Hoysala', b'1'),
(85, 1, 'Brahmin - Iyengar', b'1'),
(86, 1, 'Brahmin - Iyer', b'1'),
(87, 1, 'Brahmin - Jabgid', b'1'),
(88, 1, 'Brahmin - Jhadua', b'1'),
(89, 1, 'Brahmin - Jyotish', b'1'),
(90, 1, 'Brahmin - Kanyakubi', b'1'),
(91, 1, 'Brahmin - Karhade', b'1'),
(92, 1, 'Brahmin - Khadayata', b'1'),
(93, 1, 'Brahmin - Khandelwal', b'1'),
(94, 1, 'Brahmin - Khedaval', b'1'),
(95, 1, 'Brahmin - Kokanastha', b'1'),
(96, 1, 'Brahmin - Kota', b'1'),
(97, 1, 'Brahmin - Koteshwara /Kota(Madhwa)', b'1'),
(98, 1, 'Brahmin - Kulin', b'1'),
(99, 1, 'Brahmin - Kumaoni', b'1'),
(100, 1, 'Brahmin - Madhwa', b'1'),
(101, 1, 'Brahmin - Maithil', b'1'),
(102, 1, 'Brahmin - Meveda', b'1'),
(103, 1, 'Brahmin - Modh', b'1'),
(104, 1, 'Brahmin - Mohyal', b'1'),
(105, 1, 'Brahmin - Nagar', b'1'),
(106, 1, 'Brahmin - Namboodiri', b'1'),
(107, 1, 'Brahmin - Narmadiya', b'1'),
(108, 1, 'Brahmin - Niyogi', b'1'),
(109, 1, 'Brahmin - Others', b'1'),
(110, 1, 'Brahmin - Paliwal', b'1'),
(111, 1, 'Brahmin - Panda', b'1'),
(112, 1, 'Brahmin - Pandit', b'1'),
(113, 1, 'Brahmin - Panicker', b'1'),
(114, 1, 'Brahmin - Pareek', b'1'),
(115, 1, 'Brahmin - Pushkarna', b'1'),
(116, 1, 'Brahmin - Rajgor', b'1'),
(117, 1, 'Brahmin - Rarhi', b'1'),
(118, 1, 'Brahmin - Rarhi /Radhi', b'1'),
(119, 1, 'Brahmin - Rigvedi', b'1'),
(120, 1, 'Brahmin - Rudraj', b'1'),
(121, 1, 'Brahmin - Sakaldwipi', b'1'),
(122, 1, 'Brahmin - Sanadya', b'1'),
(123, 1, 'Brahmin - Sanketi', b'1'),
(124, 1, 'Brahmin - Saraswat', b'1'),
(125, 1, 'Brahmin - Sarua', b'1'),
(126, 1, 'Brahmin - Saeyuparin', b'1'),
(127, 1, 'Brahmin - Shivalli (Madhva)', b'1'),
(128, 1, 'Brahmin - Shivhalli', b'1'),
(129, 1, 'Brahmin - Shri Gaud', b'1'),
(130, 1, 'Brahmin - Shri Mali', b'1'),
(131, 1, 'Brahmin - Shrimali', b'1'),
(132, 1, 'Brahmin - Shukla Yajurvedi', b'1'),
(133, 1, 'Brahmin - Sikhwal', b'1'),
(134, 1, 'Brahmin - Smartha', b'1'),
(135, 1, 'Brahmin - Sri Vaishnava', b'1'),
(136, 1, 'Brahmin - Stanila', b'1'),
(137, 1, 'Brahmin - Tapodhan', b'1'),
(138, 1, 'Brahmin - Tyagi', b'1'),
(139, 1, 'Brahmin - Vaidiki', b'1'),
(140, 1, 'Brahmin - Vaikhanasa', b'1'),
(141, 1, 'Brahmin - Valam', b'1'),
(142, 1, 'Brahmin - Velanadu', b'1'),
(143, 1, 'Brahmin - Vyas', b'1'),
(144, 1, 'Brahmin - Zalora', b'1'),
(145, 1, 'Brajastha Maithil', b'1'),
(146, 1, 'Bunt (Shetty)', b'1'),
(147, 1, 'CKP', b'1'),
(148, 1, 'Chalawadi and Holeya', b'1'),
(149, 1, 'Chambhar', b'1'),
(150, 1, 'Chandravanishi Kahar', b'1'),
(151, 1, 'Chasa', b'1'),
(152, 1, 'Chattada Sri Vaishnava', b'1'),
(153, 1, 'Chaturth', b'1'),
(154, 1, 'Chaudary', b'1'),
(155, 1, 'Chaurasia', b'1'),
(156, 1, 'Chennadasar', b'1'),
(157, 1, 'Cjerukula Vellalar', b'1'),
(158, 1, 'Chettiar', b'1'),
(159, 1, 'Chhetri', b'1'),
(160, 1, 'Chippolu(Mera)', b'1'),
(161, 1, 'Choudary', b'1'),
(162, 1, 'Coorgi', b'1'),
(163, 1, 'Deshmukh', b'1'),
(164, 1, 'Desikar', b'1'),
(165, 1, 'Desikar Thanjuvur', b'1'),
(166, 1, 'Devadiga', b'1'),
(167, 1, 'Devandra Kula Vellalar', b'1'),
(168, 1, 'Devang Koshthi', b'1'),
(169, 1, 'Devanga', b'1'),
(170, 1, 'Devanga Chettiar', b'1'),
(171, 1, 'Devar / Thevar /Mukkulathor', b'1'),
(172, 1, 'Devrukhe Brahmin', b'1'),
(173, 1, 'Dhanak', b'1'),
(174, 1, 'Dhangar', b'1'),
(175, 1, 'Dheevara', b'1'),
(176, 1, 'Dhiman', b'1'),
(177, 1, 'Dhobi', b'1'),
(178, 1, 'Dhor /Dusra', b'1'),
(179, 1, 'Dumal', b'1'),
(180, 1, 'Dusadh (Paswan)', b'1'),
(181, 1, 'Ediga', b'1'),
(182, 1, 'Ediga / Goud (Balija)', b'1'),
(183, 1, 'Elur Chetty', b'1'),
(184, 1, 'Ezhava', b'1'),
(185, 1, 'Ezhava Panciker', b'1'),
(186, 1, 'Ezhava Thandan', b'1'),
(187, 1, 'Ezhuthachan', b'1'),
(188, 1, 'Gabit', b'1'),
(189, 1, 'Gahoi', b'1'),
(190, 1, 'Gajula / Kavarai', b'1'),
(191, 1, 'Ganda', b'1'),
(192, 1, 'Gandha Vanika', b'1'),
(193, 1, 'Gandla', b'1'),
(194, 1, 'Gandla / Ganiga', b'1'),
(195, 1, 'Ganiga', b'1'),
(196, 1, 'Garhwall', b'1'),
(197, 1, 'Gatti', b'1'),
(198, 1, 'Gavara', b'1'),
(199, 1, 'Gawali', b'1'),
(200, 1, 'Ghisadi', b'1'),
(201, 1, 'Ghumar', b'1'),
(202, 1, 'Goala', b'1'),
(203, 1, 'Goan', b'1'),
(204, 1, 'Gomantak', b'1'),
(205, 1, 'Gondhali', b'1'),
(206, 1, 'Goud', b'1'),
(207, 1, 'Gounder', b'1'),
(208, 1, 'Gounder - Kongu Vellala Gounder', b'1'),
(209, 1, 'Gounder - Nattu Guunder', b'1'),
(210, 1, 'Gounder - Others', b'1'),
(211, 1, 'Gounder - Urali Gounder', b'1'),
(212, 1, 'Gounder - Vanniya Kula Kshatriyar', b'1'),
(213, 1, 'Gounder - Vettuva Gounder', b'1'),
(214, 1, 'Gowda', b'1'),
(215, 1, 'Gowda - Kuruba gowda', b'1'),
(216, 1, 'Gramani', b'1'),
(217, 1, 'Gudia', b'1'),
(218, 1, 'Gujjar', b'1'),
(219, 1, 'Gulahre', b'1'),
(220, 1, 'Gupta', b'1'),
(221, 1, 'Guptan', b'1'),
(222, 1, 'Gurav', b'1'),
(223, 1, 'Gurjar', b'1'),
(224, 1, 'Haihavanshi', b'1'),
(225, 1, 'Halba Koshti', b'1'),
(226, 1, 'Helava', b'1'),
(227, 1, 'Hugar(Jeer)', b'1'),
(228, 1, 'IIIaththu Pillai', b'1'),
(229, 1, 'Intercaste', b'1'),
(230, 1, 'Irani', b'1'),
(231, 1, 'Isai Vellalar', b'1'),
(232, 1, 'Jaalari', b'1'),
(233, 1, 'Jaiswal', b'1'),
(234, 1, 'Jandra', b'1'),
(235, 1, 'Jangam', b'1'),
(236, 1, 'Jangra - Brahmin', b'1'),
(237, 1, 'Jat', b'1'),
(238, 1, 'Jatav', b'1'),
(239, 1, 'Jetty / Malla', b'1'),
(240, 1, 'Jhadav', b'1'),
(241, 1, 'Jijhotia Brahmin', b'1'),
(242, 1, 'Jogi (Nath)', b'1'),
(243, 1, 'Julaha', b'1'),
(244, 1, 'Kachara', b'1'),
(245, 1, 'Kadava Patel', b'1'),
(246, 1, 'Kaibarta', b'1'),
(247, 1, 'Kaikaala', b'1'),
(248, 1, 'Kalal', b'1'),
(249, 1, 'Kalanji', b'1'),
(250, 1, 'Kalar', b'1'),
(251, 1, 'Kalinga', b'1'),
(252, 1, 'Kalinga Vysya', b'1'),
(253, 1, 'Kalita', b'1'),
(254, 1, 'Kalwar', b'1'),
(255, 1, 'Kamboj', b'1'),
(256, 1, 'Kamma', b'1'),
(257, 1, 'Kamma Naidu', b'1'),
(258, 1, 'Kanakkan Padanna', b'1'),
(259, 1, 'Kandara', b'1'),
(260, 1, 'Kanasari', b'1'),
(261, 1, 'Kanykubj Bania', b'1'),
(262, 1, 'Kapu', b'1'),
(263, 1, 'Kapu Naidu', b'1'),
(264, 1, 'Kapu Reddy', b'1'),
(265, 1, 'Karakala Bhakthula', b'1'),
(266, 1, 'Karana', b'1'),
(267, 1, 'Karkathar', b'1'),
(268, 1, 'Karmakar', b'1'),
(269, 1, 'Karani Bhakthula', b'1'),
(270, 1, 'Karuneegar', b'1'),
(271, 1, 'Kasar', b'1'),
(272, 1, 'Kasaundhan', b'1'),
(273, 1, 'Kashyap', b'1'),
(274, 1, 'Kasukara', b'1'),
(275, 1, 'Katiya', b'1'),
(276, 1, 'Kavara', b'1'),
(277, 1, 'Kavuthiyya / Ezhavathy', b'1'),
(278, 1, 'Kayastha', b'1'),
(279, 1, 'Kayastha (Bengali)', b'1'),
(280, 1, 'Kerala Mudali', b'1'),
(281, 1, 'Keshri (Kesarwani)', b'1'),
(282, 1, 'Khandayat', b'1'),
(283, 1, 'Khandelwal', b'1'),
(284, 1, 'Kharwa', b'1'),
(285, 1, 'Kharwar', b'1'),
(286, 1, 'Khatik', b'1'),
(287, 1, 'Khatri', b'1'),
(288, 1, 'Kirar', b'1'),
(289, 1, 'Kodikal Pillai', b'1'),
(290, 1, 'Kokanastha Maratha', b'1'),
(291, 1, 'Koli', b'1'),
(292, 1, 'Koli Madhadev', b'1'),
(293, 1, 'Koli Patel', b'1'),
(294, 1, 'Komati / Arya Vaishya', b'1'),
(295, 1, 'Kongu Chettiar', b'1'),
(296, 1, 'Kongu Nadar', b'1'),
(297, 1, 'Kongu Vellala Gounder', b'1'),
(298, 1, 'Konkani', b'1'),
(299, 1, 'Korama', b'1'),
(300, 1, 'Kori', b'1'),
(301, 1, 'Kori / Koli', b'1'),
(302, 1, 'Kosthi', b'1'),
(303, 1, 'Krishnavaka', b'1'),
(304, 1, 'Kshatriya', b'1'),
(305, 1, 'Kshatriya Kurmi', b'1'),
(306, 1, 'Kshatriya Raju', b'1'),
(307, 1, 'Kudumbi', b'1'),
(308, 1, 'Kulal', b'1'),
(309, 1, 'Kulalar', b'1'),
(310, 1, 'Kilita', b'1'),
(311, 1, 'Kumaoni Rajput', b'1'),
(312, 1, 'Kumawat', b'1'),
(313, 1, 'Kumbhakar', b'1'),
(314, 1, 'Kumbhar', b'1'),
(315, 1, 'Kumhar', b'1'),
(316, 1, 'Kummari', b'1'),
(317, 1, 'Kunbi', b'1'),
(318, 1, 'Kunbi Lonari', b'1'),
(319, 1, 'Kunbi Maratha', b'1'),
(320, 1, 'Kunbi Tirale', b'1'),
(321, 1, 'Kuravan', b'1'),
(322, 1, 'Kurmi', b'1'),
(323, 1, 'Kurmi / Kurmi Kshatriya', b'1'),
(324, 1, 'Kurni', b'1'),
(325, 1, 'Kuruba', b'1'),
(326, 1, 'Kuruhina Shetty', b'1'),
(327, 1, 'Kuruhini CHetty', b'1'),
(328, 1, 'Kurumbar', b'1'),
(329, 1, 'Kuruva', b'1'),
(330, 1, 'Kushwaha (Koiri)', b'1'),
(331, 1, 'Kurchi', b'1'),
(332, 1, 'Lad', b'1'),
(333, 1, 'Lambadi', b'1'),
(334, 1, 'Leva patel', b'1'),
(335, 1, 'Linga Balija', b'1'),
(336, 1, 'Lingayath', b'1'),
(337, 1, 'Lodhi Rajput', b'1'),
(338, 1, 'Lohana', b'1'),
(339, 1, 'Lohar', b'1'),
(340, 1, 'Loniya', b'1'),
(341, 1, 'Lubana', b'1'),
(342, 1, 'Madhesiya / Kani / Halwai', b'1'),
(343, 1, 'Madiga', b'1'),
(344, 1, 'Mahakan', b'1'),
(345, 1, 'Mahar', b'1'),
(346, 1, 'Mahendra', b'1'),
(347, 1, 'Maheswari', b'1'),
(348, 1, 'Maheswari / Meshri', b'1'),
(349, 1, 'Mahishya', b'1'),
(350, 1, 'Mahor', b'1'),
(351, 1, 'Mahuri', b'1'),
(352, 1, 'Mair Rajput Swarnkar', b'1'),
(353, 1, 'Majabi', b'1'),
(354, 1, 'Mala', b'1'),
(355, 1, 'Mali', b'1'),
(356, 1, 'Mallah', b'1'),
(357, 1, 'Malviya Bramhim', b'1'),
(358, 1, 'Malwani', b'1'),
(359, 1, 'Mangalorean', b'1'),
(360, 1, 'Manipuri', b'1'),
(361, 1, 'Manjapidur Chettiar', b'1'),
(362, 1, 'Mannan / Velan / Vannan', b'1'),
(363, 1, 'Mapila', b'1'),
(364, 1, 'Maratha', b'1'),
(365, 1, 'Maratha Kshatriya', b'1'),
(366, 1, 'Maruthuvar', b'1'),
(367, 1, 'Matang', b'1'),
(368, 1, 'Mathur', b'1'),
(369, 1, 'Mathur Vaishya', b'1'),
(370, 1, 'Maurya / Shakya', b'1'),
(371, 1, 'Meena', b'1'),
(372, 1, 'Meenavar', b'1'),
(373, 1, 'Meghwal', b'1'),
(374, 1, 'Mehra', b'1'),
(375, 1, 'Meru Darji', b'1'),
(376, 1, 'Mochi', b'1'),
(377, 1, 'Medak', b'1'),
(378, 1, 'Modi', b'1'),
(379, 1, 'Modikarlu', b'1'),
(380, 1, 'Mogaveera', b'1'),
(381, 1, 'Mudaliyar', b'1'),
(382, 1, 'Mudiraj', b'1'),
(383, 1, 'Munnuru Kapu', b'1'),
(384, 1, 'Musukama', b'1'),
(385, 1, 'Muthuraja', b'1'),
(386, 1, 'Naagavamsam', b'1'),
(387, 1, 'Nabit', b'1'),
(388, 1, 'Nadar', b'1'),
(389, 1, 'Nagaralu', b'1'),
(390, 1, 'Nai', b'1'),
(391, 1, 'Naicker', b'1'),
(392, 1, 'Naicker - Others', b'1'),
(393, 1, 'Naicker - Vanniya Kula Kshatriyar', b'1'),
(394, 1, 'Naidu', b'1'),
(395, 1, 'Naik', b'1'),
(396, 1, 'Nair', b'1'),
(397, 1, 'Namasudra / Namaseej', b'1'),
(398, 1, 'Namniar', b'1'),
(399, 1, 'Namdarlu', b'1'),
(400, 1, 'Nanjil Mudali', b'1'),
(401, 1, 'Nanjil Nattu Vellalar', b'1'),
(402, 1, 'Nanjil Vellalar', b'1'),
(403, 1, 'Nanjil Pillai', b'1'),
(404, 1, 'Nankudi Vellalar', b'1'),
(405, 1, 'Napit', b'1'),
(406, 1, 'Nattu Gounder', b'1'),
(407, 1, 'Nattukottai Chettiar', b'1'),
(408, 1, 'Nayaka', b'1'),
(409, 1, 'Neeli', b'1'),
(410, 1, 'Neeli Saali', b'1'),
(411, 1, 'Nema', b'1'),
(412, 1, 'Nepali', b'1'),
(413, 1, 'Nessi', b'1'),
(414, 1, 'Nhavi', b'1'),
(415, 1, 'Ontari', b'1'),
(416, 1, 'Oswal', b'1'),
(417, 1, 'Otari', b'1'),
(418, 1, 'Othuvaar', b'1'),
(419, 1, 'Padmasali', b'1'),
(420, 1, 'Padmashali', b'1'),
(421, 1, 'Padmavathi Porwal', b'1'),
(422, 1, 'Pagadala', b'1'),
(423, 1, 'Pal', b'1'),
(424, 1, 'Pallan / Devandra Kula Vellalan', b'1'),
(425, 1, 'Panan', b'1'),
(426, 1, 'Panchal', b'1'),
(427, 1, 'Pandaram', b'1'),
(428, 1, 'Pandiya Vellalar', b'1'),
(429, 1, 'Panicker', b'1'),
(430, 1, 'Pannirandam Chettiar', b'1'),
(431, 1, 'Paravan / Bharatar', b'1'),
(432, 1, 'Parit', b'1'),
(433, 1, 'Parkava Kulam', b'1'),
(434, 1, 'Parsi', b'1'),
(435, 1, 'Partraj', b'1'),
(436, 1, 'Parvatha Rajakulam', b'1'),
(437, 1, 'Pasi', b'1'),
(438, 1, 'Paswan / Dusadh', b'1'),
(439, 1, 'Patel', b'1'),
(440, 1, 'Pathare Prabhu', b'1'),
(441, 1, 'Patil', b'1'),
(442, 1, 'Patnick / Sistakaranam', b'1'),
(443, 1, 'Patra', b'1'),
(444, 1, 'Pattinavar', b'1'),
(445, 1, 'Pattusali', b'1'),
(446, 1, 'Patwa', b'1'),
(447, 1, 'Perika', b'1'),
(448, 1, 'Perika / Puragiri Kshatriya', b'1'),
(449, 1, 'Pillai', b'1'),
(450, 1, 'Poosala', b'1'),
(451, 1, 'Porwal', b'1'),
(452, 1, 'Porwal / Porwar', b'1'),
(453, 1, 'Poundra', b'1'),
(454, 1, 'Prajapati', b'1'),
(455, 1, 'Pulaya / Cheruman', b'1'),
(456, 1, 'Raigar', b'1'),
(457, 1, 'Rajaka', b'1'),
(458, 1, 'Rajastani', b'1'),
(459, 1, 'Rajbhar', b'1'),
(460, 1, 'Rajbonshi', b'1'),
(461, 1, 'Rajpurohot', b'1'),
(462, 1, 'Rajput', b'1'),
(463, 1, 'Ramanandi', b'1'),
(464, 1, 'Ramdasia', b'1'),
(465, 1, 'Ramgariah', b'1'),
(466, 1, 'Ramoshi', b'1'),
(467, 1, 'Rastogi', b'1'),
(468, 1, 'Rathi', b'1'),
(469, 1, 'Rauniar', b'1'),
(470, 1, 'Ravidaisia', b'1'),
(471, 1, 'Rawat', b'1'),
(472, 1, 'Reddy', b'1'),
(473, 1, 'Relli', b'1'),
(474, 1, 'Ronit / Chamar', b'1'),
(475, 1, 'Ror', b'1'),
(476, 1, 'SC', b'1'),
(477, 1, 'SKP', b'1'),
(478, 1, 'ST', b'1'),
(479, 1, 'Sadgope', b'1'),
(480, 1, 'Sadhi Chetty', b'1'),
(481, 1, 'Sagara (Uppara)', b'1'),
(482, 1, 'Saha', b'1'),
(483, 1, 'Sahu', b'1'),
(484, 1, 'Saini', b'1'),
(485, 1, 'Saiva Pillai Thanjavur', b'1'),
(486, 1, 'Saiva Pillai Tirunelveli', b'1'),
(487, 1, 'Saliya', b'1'),
(488, 1, 'Samagar', b'1'),
(489, 1, 'Sambava', b'1'),
(490, 1, 'Sathwara', b'1'),
(491, 1, 'Satnami', b'1'),
(492, 1, 'Savji', b'1'),
(493, 1, 'Senai Thalaivar', b'1'),
(494, 1, 'Senguntha Mudiliyar', b'1'),
(495, 1, 'Sengunthar / Kaikolar', b'1'),
(496, 1, 'Settibalija', b'1'),
(497, 1, 'Setty Balija', b'1'),
(498, 1, 'Shaw / Sahu / Teli', b'1'),
(499, 1, 'Shettigar', b'1'),
(500, 1, 'Shipkar', b'1'),
(501, 1, 'Shimpi/ Namdev', b'1'),
(502, 1, 'Sindhi', b'1'),
(503, 1, 'Sindhi-Amil', b'1'),
(504, 1, 'Sindhi-Baibhand', b'1'),
(505, 1, 'Sindhi-Bhanusali', b'1'),
(506, 1, 'Sindhi-Bhatia', b'1'),
(507, 1, 'Sindhi-Chhapru', b'1'),
(508, 1, 'Sindhi-Dadu', b'1'),
(509, 1, 'Sindhi-Hyderabadi', b'1'),
(510, 1, 'Sindhi-Larai', b'1'),
(511, 1, 'Sindhi-Larkana', b'1'),
(512, 1, 'Sindhi-Lohana', b'1'),
(513, 1, 'Sindhi-Rohiri', b'1'),
(514, 1, 'Sindhi-Sahiti', b'1'),
(515, 1, 'Sindhi-Sakkhar', b'1'),
(516, 1, 'Sindhi-Sehwani', b'1'),
(517, 1, 'Sindhi-Shikarpuri', b'1'),
(518, 1, 'Sindhi-Thatai', b'1'),
(519, 1, 'Sonar', b'1'),
(520, 1, 'Soni', b'1'),
(521, 1, 'Sonkar', b'1'),
(522, 1, 'Sourashtra', b'1'),
(523, 1, 'Sozhia Chetty', b'1'),
(524, 1, 'Sozhiya Vellalar', b'1'),
(525, 1, 'Srisayana', b'1'),
(526, 1, 'Sugali (Naika)', b'1'),
(527, 1, 'Sunari', b'1'),
(528, 1, 'Sundhi', b'1'),
(529, 1, 'Surya Balija', b'1'),
(530, 1, 'Suthar', b'1'),
(531, 1, 'Swakula Sali', b'1'),
(532, 1, 'Tamboli', b'1'),
(533, 1, 'Tanti', b'1'),
(534, 1, 'Tantubai', b'1'),
(535, 1, 'Telaga', b'1'),
(536, 1, 'Teli', b'1'),
(537, 1, 'Telugupatti', b'1'),
(538, 1, 'Thakkar', b'1'),
(539, 1, 'Thakore', b'1'),
(540, 1, 'Thakur', b'1'),
(541, 1, 'Thandan', b'1'),
(542, 1, 'Thigala', b'1'),
(543, 1, 'Thiyya', b'1'),
(544, 1, 'Thiyya Thandan', b'1'),
(545, 1, 'Thogata Veera Kshatriya', b'1'),
(546, 1, 'Thogata Veerakshathriya', b'1'),
(547, 1, 'Thondai Mandala Vellalar', b'1'),
(548, 1, 'Thota', b'1'),
(549, 1, 'Tili', b'1'),
(550, 1, 'Togata', b'1'),
(551, 1, 'Tonk Kshatriya', b'1'),
(552, 1, 'Turupu Kapu', b'1'),
(553, 1, 'Ummar / Umre / Bagaria', b'1'),
(554, 1, 'Urali Gounder', b'1'),
(555, 1, 'Urs', b'1'),
(556, 1, 'Vada Baliji', b'1'),
(557, 1, 'Vasambar', b'1'),
(558, 1, 'Vaddera', b'1'),
(559, 1, 'Vadugan', b'1'),
(560, 1, 'Vaish', b'1'),
(561, 1, 'Vaishnav', b'1'),
(562, 1, 'Vaishanav Dishaval', b'1'),
(563, 1, 'Vaishanav Khadyata', b'1'),
(564, 1, 'Vaishanav Lad', b'1'),
(565, 1, 'Vaishanav Modh', b'1'),
(566, 1, 'Vaishanav Porvas', b'1'),
(567, 1, 'Vaishanav Shrimali', b'1'),
(568, 1, 'Vaishanav Sorathaiya', b'1'),
(569, 1, 'Vaishanav Vania', b'1'),
(570, 1, 'Vaishanav', b'1'),
(571, 1, 'Vaishya', b'1'),
(572, 1, 'Vaishya Vani', b'1'),
(573, 1, 'Vallivan', b'1'),
(574, 1, 'Vakmiki', b'1'),
(575, 1, 'Vani', b'1'),
(576, 1, 'Vani / Vaishya', b'1'),
(577, 1, 'Vania', b'1'),
(578, 1, 'Vanika Vyshaya', b'1'),
(579, 1, 'Vaniya', b'1'),
(580, 1, 'Vaniya Chettiar', b'1'),
(581, 1, 'Vanjara', b'1'),
(582, 1, 'Vanjari', b'1'),
(583, 1, 'Vankar', b'1'),
(584, 1, 'Vannar', b'1'),
(585, 1, 'Vannia Kula Lshatriyar', b'1'),
(586, 1, 'Variar', b'1'),
(587, 1, 'Varshney', b'1'),
(588, 1, 'Varsjney (Baraseni)', b'1'),
(589, 1, 'Veera Shivam', b'1'),
(590, 1, 'Veerakodi Vellala', b'1'),
(591, 1, 'Velaan', b'1'),
(592, 1, 'Velama', b'1'),
(593, 1, 'Vellalar', b'1'),
(594, 1, 'Vellan Chettiars', b'1'),
(595, 1, 'Veluthedathu Nair', b'1'),
(596, 1, 'Vettuva Gounder', b'1'),
(597, 1, 'Vettuvan', b'1'),
(598, 1, 'Vijayvargia', b'1'),
(599, 1, 'Vilakithala Nair', b'1'),
(600, 1, 'Vilakkithala Nair', b'1'),
(601, 1, 'Vishwakarma', b'1'),
(602, 1, 'Viswabramhin', b'1'),
(603, 1, 'Vokkaliga', b'1'),
(604, 1, 'Vysya', b'1'),
(605, 1, 'Yadav', b'1'),
(606, 1, 'Yadav Naidu', b'1'),
(607, 1, 'Yellapu', b'1'),
(608, 1, 'Other Caste', b'1'),
(609, 1, 'Don\'t wish to Specify', b'1'),
(610, 1, 'Avavil Bramhin', b'1'),
(611, 1, 'Audichya Brahmin', b'1'),
(612, 1, 'Barendra Brahmin', b'1'),
(613, 1, 'Bharr Brahmin', b'1'),
(614, 1, 'Bhatt Brahmin', b'1'),
(615, 1, 'Bhumihar Brahmin', b'1'),
(616, 1, 'Daivadnya Brahmin', b'1'),
(617, 1, 'Danua Brahmin', b'1'),
(618, 1, 'Deshasthu Brahmin', b'1'),
(619, 1, 'Dhiman Brahmin', b'1'),
(620, 1, 'Dravida Brahmin', b'1'),
(621, 1, 'Embrandiri Brahmin', b'1'),
(622, 1, 'Gaur Brahmin', b'1'),
(623, 1, 'Goswami / Gosavi Brahmin', b'1'),
(624, 1, 'Gujar Guar Brahmin', b'1'),
(625, 1, 'Gurukkal Brahmin', b'1'),
(626, 1, 'Havyaka Brahmin', b'1'),
(627, 1, 'Hoysala Brahmin', b'1'),
(628, 1, 'Iyengar Brahmin', b'1'),
(629, 1, 'Iyer Brahmin', b'1'),
(630, 1, 'Jangid Brahmin', b'1'),
(631, 1, 'Jangid Brahmin', b'1'),
(632, 1, 'Jhadua Brahmin', b'1'),
(633, 1, 'Janyajubi Brahmin', b'1'),
(634, 1, 'Kanyakubj Brahmin', b'1'),
(635, 1, 'Karhade Brahmin', b'1'),
(636, 1, 'Kokanastha Brahmin', b'1'),
(637, 1, 'Kota Brahmin', b'1'),
(638, 1, 'Kulin Brahmin', b'1'),
(639, 1, 'Kumaoni Brahmin', b'1'),
(640, 1, 'Madhwa Brahmin', b'1'),
(641, 1, 'Maithil Brahmin', b'1'),
(642, 1, 'Modh Brahmin', b'1'),
(643, 1, 'Mohyal Brahmin', b'1'),
(644, 1, 'Nagar Brahmin', b'1'),
(645, 1, 'Namboodiri Brahmin', b'1'),
(646, 1, 'Barmaduya Brahmin', b'1'),
(647, 1, 'Niyogi Brahmin', b'1'),
(648, 1, 'Panda Brahmin', b'1'),
(649, 1, 'Pandit Brahmin', b'1'),
(650, 1, 'Pushkarna Brahmin', b'1'),
(651, 1, 'Pushkarna Brahmin', b'1'),
(652, 1, 'Rarhi Brahmin', b'1'),
(653, 1, 'Rigvedi Brahmin', b'1'),
(654, 1, 'Rudraj Brahmin', b'1'),
(655, 1, 'Sakaldwipi Brahmin', b'1'),
(656, 1, 'Sanadya Brahmin', b'1'),
(657, 1, 'Sanketi Brahmin', b'1'),
(658, 1, 'Saraswat Brahmin', b'1'),
(659, 1, 'Saryuparin Brahmin', b'1'),
(660, 1, 'Shivhalli Brahmin', b'1'),
(661, 1, 'Shrimali Brahmin', b'1'),
(662, 1, 'Sikhwal Brahmin', b'1'),
(663, 1, 'Sri Vaishnava Brahmin', b'1'),
(664, 1, 'Stanika Brahmin', b'1'),
(665, 1, 'Tyagi Brahmin', b'1'),
(666, 1, 'Vaidiki Brahmin', b'1'),
(667, 1, 'Vaikhanasa Brahmin', b'1'),
(668, 1, 'Velanadu Brahmin', b'1'),
(669, 1, 'Vyas Brahmin', b'1'),
(670, 1, 'Shetty', b'1'),
(671, 1, 'Mera', b'1'),
(672, 1, 'Mukkulathor', b'1'),
(673, 1, 'Paswan', b'1'),
(674, 1, 'Jeer', b'1'),
(675, 1, 'Bramhin Jijhotia', b'1'),
(676, 1, 'Nath', b'1'),
(677, 1, 'Koiri', b'1'),
(678, 1, 'Bramhin Malviya', b'1'),
(679, 1, 'Darji', b'1'),
(680, 1, 'Amil Sindhi', b'1'),
(681, 1, 'Baidhand Sindhi', b'1'),
(682, 1, 'Bhanusali Sindhi', b'1'),
(683, 1, 'Bhatia Sindhi', b'1'),
(684, 1, 'Chhapru Sindhi', b'1'),
(685, 1, 'Sadu Sindhi', b'1'),
(686, 1, 'Hyderabadi Sindhi', b'1'),
(687, 1, 'Larai Sindhi', b'1'),
(688, 1, 'Larkana Sindhi', b'1'),
(689, 1, 'Lohana Sindhi', b'1'),
(690, 1, 'Rohiri Sindhi', b'1'),
(691, 1, 'Sahiti Sindhi', b'1'),
(692, 1, 'Sakkhar Sindhi', b'1'),
(693, 1, 'Sehwani Sindhi', b'1'),
(694, 1, 'Shikarpuri Sindhi', b'1'),
(695, 1, 'Thatai Sindhi', b'1'),
(696, 1, 'Naika', b'1'),
(697, 1, 'Don\'t wish to specify', b'1'),
(698, 14, 'Aaru Nattu Vellala', b'1'),
(699, 14, 'Ad Dharmi', b'1'),
(700, 14, 'Adi Andhra', b'1'),
(701, 14, 'Adi Dravidar', b'1'),
(702, 14, 'Adi Karnataka', b'1'),
(703, 14, 'Agamudayar/Arcot/Thuluva Vellala', b'1'),
(704, 14, 'Agaram Vellan Chettiar', b'1'),
(705, 14, 'Agarwal', b'1'),
(706, 14, 'Agnikula Kshatriya', b'1'),
(707, 14, 'Agrahari', b'1'),
(708, 14, 'Agri', b'1'),
(709, 14, 'Ahir Shimpi', b'1'),
(710, 14, 'Ahirwar', b'1'),
(711, 14, 'Ahom', b'1'),
(712, 14, 'Ambalavasi', b'1'),
(713, 14, 'Anjana (Chowdary)Patel', b'1'),
(714, 14, 'Aramari / Gabit', b'1'),
(715, 14, 'Arekatica', b'1'),
(716, 14, 'Arora', b'1'),
(717, 14, 'Arunthathiyar', b'1'),
(718, 14, 'Arya Vysya', b'1'),
(719, 14, 'Asathi', b'1'),
(720, 14, 'Ayira Vysya', b'1'),
(721, 14, 'Ayodhyavasi', b'1'),
(722, 14, 'Ayyaraka', b'1'),
(723, 14, 'Budaga', b'1'),
(724, 14, 'Bagdi', b'1'),
(725, 14, 'Baidya', b'1'),
(726, 14, 'Bairwa', b'1'),
(727, 14, 'Baishbnab', b'1'),
(728, 14, 'Baishya', b'1'),
(729, 14, 'Bajantri', b'1'),
(730, 14, 'Balai', b'1'),
(731, 14, 'Balija', b'1'),
(732, 14, 'Balija Naidu', b'1'),
(733, 14, 'Balija Reddy', b'1'),
(734, 14, 'Banayat Oriya', b'1'),
(735, 14, 'Banik', b'1'),
(736, 14, 'Baniya', b'1'),
(737, 14, 'Baniya - Bania', b'1'),
(738, 14, 'Baniya - KUmuti', b'1'),
(739, 14, 'Banjara', b'1'),
(740, 14, 'Barai', b'1'),
(741, 14, 'Barnwal', b'1'),
(742, 14, 'Barujibi', b'1'),
(743, 14, 'Beri Chettiar', b'1'),
(744, 14, 'Besta', b'1'),
(745, 14, 'Bhandari', b'1'),
(746, 14, 'Bhaia', b'1'),
(747, 14, 'Bhatraju', b'1'),
(748, 14, 'Bhavasar Vshatriya', b'1'),
(749, 14, 'Bhoi', b'1'),
(750, 14, 'Bhovi', b'1'),
(751, 14, 'Bhoyar', b'1'),
(752, 14, 'Billava', b'1'),
(753, 14, 'Bishnoi / Vishnoi', b'1'),
(754, 14, 'Bondili', b'1'),
(755, 14, 'Born Again', b'1'),
(756, 14, 'Boyar', b'1'),
(757, 14, 'Brahmbatt', b'1'),
(758, 14, 'Brahmin - Anavil', b'1'),
(759, 14, 'Brahmin - Anaviln Desai', b'1'),
(760, 14, 'Brahmin - Audichya', b'1'),
(761, 14, 'Brahmin - Baidhiki / Vaidhiki', b'1'),
(762, 14, 'Brahmin - Bardai', b'1'),
(763, 14, 'Brahmin - Barendra', b'1'),
(764, 14, 'Brahmin - Bhargav', b'1'),
(765, 14, 'Brahmin - Bhatt', b'1'),
(766, 14, 'Brahmin - Bhumihar', b'1'),
(767, 14, 'Brahmin - Dadhich', b'1'),
(768, 14, 'Brahmin - Daivadnya', b'1'),
(769, 14, 'Brahmin - Danua', b'1'),
(770, 14, 'Brahmin - Deshastha', b'1'),
(771, 14, 'Brahmin - Dhiman', b'1'),
(772, 14, 'Brahmin - Dravida', b'1'),
(773, 14, 'Brahmin - Embrandiri', b'1'),
(774, 14, 'Brahmin - Garhwali', b'1'),
(775, 14, 'Brahmin - Gaur', b'1'),
(776, 14, 'Brahmin - Goswami / Gosavi', b'1'),
(777, 14, 'Brahmin - Gujar Gaur', b'1'),
(778, 14, 'Brahmin - Gurakkal', b'1'),
(779, 14, 'Brahmin - Halua', b'1'),
(780, 14, 'Brahmin - Havyaka', b'1'),
(781, 14, 'Brahmin - Hoysala', b'1'),
(782, 14, 'Brahmin - Iyengar', b'1'),
(783, 14, 'Brahmin - Iyer', b'1'),
(784, 14, 'Brahmin - Jabgid', b'1'),
(785, 14, 'Brahmin - Jhadua', b'1'),
(786, 14, 'Brahmin - Jyotish', b'1'),
(787, 14, 'Brahmin - Kanyakubi', b'1'),
(788, 14, 'Brahmin - Karhade', b'1'),
(789, 14, 'Brahmin - Khadayata', b'1'),
(790, 14, 'Brahmin - Khandelwal', b'1'),
(791, 14, 'Brahmin - Khedaval', b'1'),
(792, 14, 'Brahmin - Kokanastha', b'1'),
(793, 14, 'Brahmin - Kota', b'1'),
(794, 14, 'Brahmin - Koteshwara /Kota(Madhwa)', b'1'),
(795, 14, 'Brahmin - Kulin', b'1'),
(796, 14, 'Brahmin - Kumaoni', b'1'),
(797, 14, 'Brahmin - Madhwa', b'1'),
(798, 14, 'Brahmin - Maithil', b'1'),
(799, 14, 'Brahmin - Meveda', b'1'),
(800, 14, 'Brahmin - Modh', b'1'),
(801, 14, 'Brahmin - Mohyal', b'1'),
(802, 14, 'Brahmin - Nagar', b'1'),
(803, 14, 'Brahmin - Namboodiri', b'1'),
(804, 14, 'Brahmin - Narmadiya', b'1'),
(805, 14, 'Brahmin - Niyogi', b'1'),
(806, 14, 'Brahmin - Others', b'1'),
(807, 14, 'Brahmin - Paliwal', b'1'),
(808, 14, 'Brahmin - Panda', b'1'),
(809, 14, 'Brahmin - Pandit', b'1'),
(810, 14, 'Brahmin - Panicker', b'1'),
(811, 14, 'Brahmin - Pareek', b'1'),
(812, 14, 'Brahmin - Pushkarna', b'1'),
(813, 14, 'Brahmin - Rajgor', b'1'),
(814, 14, 'Brahmin - Rarhi', b'1'),
(815, 14, 'Brahmin - Rarhi /Radhi', b'1'),
(816, 14, 'Brahmin - Rigvedi', b'1'),
(817, 14, 'Brahmin - Rudraj', b'1'),
(818, 14, 'Brahmin - Sakaldwipi', b'1'),
(819, 14, 'Brahmin - Sanadya', b'1'),
(820, 14, 'Brahmin - Sanketi', b'1'),
(821, 14, 'Brahmin - Saraswat', b'1'),
(822, 14, 'Brahmin - Sarua', b'1'),
(823, 14, 'Brahmin - Saeyuparin', b'1'),
(824, 14, 'Brahmin - Shivalli (Madhva)', b'1'),
(825, 14, 'Brahmin - Shivhalli', b'1'),
(826, 14, 'Brahmin - Shri Gaud', b'1'),
(827, 14, 'Brahmin - Shri Mali', b'1'),
(828, 14, 'Brahmin - Shrimali', b'1'),
(829, 14, 'Brahmin - Shukla Yajurvedi', b'1'),
(830, 14, 'Brahmin - Sikhwal', b'1'),
(831, 14, 'Brahmin - Smartha', b'1'),
(832, 14, 'Brahmin - Sri Vaishnava', b'1'),
(833, 14, 'Brahmin - Stanila', b'1'),
(834, 14, 'Brahmin - Tapodhan', b'1'),
(835, 14, 'Brahmin - Tyagi', b'1'),
(836, 14, 'Brahmin - Vaidiki', b'1'),
(837, 14, 'Brahmin - Vaikhanasa', b'1'),
(838, 14, 'Brahmin - Valam', b'1'),
(839, 14, 'Brahmin - Velanadu', b'1'),
(840, 14, 'Brahmin - Vyas', b'1'),
(841, 14, 'Brahmin - Zalora', b'1'),
(842, 14, 'Brajastha Maithil', b'1'),
(843, 14, 'Bunt (Shetty)', b'1'),
(844, 14, 'CKP', b'1'),
(845, 14, 'Chalawadi and Holeya', b'1'),
(846, 14, 'Chambhar', b'1'),
(847, 14, 'Chandravanishi Kahar', b'1'),
(848, 14, 'Chasa', b'1'),
(849, 14, 'Chattada Sri Vaishnava', b'1'),
(850, 14, 'Chaturth', b'1'),
(851, 14, 'Chaudary', b'1'),
(852, 14, 'Chaurasia', b'1'),
(853, 14, 'Chennadasar', b'1'),
(854, 14, 'Cjerukula Vellalar', b'1'),
(855, 14, 'Chettiar', b'1'),
(856, 14, 'Chhetri', b'1'),
(857, 14, 'Chippolu(Mera)', b'1'),
(858, 14, 'Choudary', b'1'),
(859, 14, 'Coorgi', b'1'),
(860, 14, 'Deshmukh', b'1'),
(861, 14, 'Desikar', b'1'),
(862, 14, 'Desikar Thanjuvur', b'1'),
(863, 14, 'Devadiga', b'1'),
(864, 14, 'Devandra Kula Vellalar', b'1'),
(865, 14, 'Devang Koshthi', b'1'),
(866, 14, 'Devanga', b'1'),
(867, 14, 'Devanga Chettiar', b'1'),
(868, 14, 'Devar / Thevar /Mukkulathor', b'1'),
(869, 14, 'Devrukhe Brahmin', b'1'),
(870, 14, 'Dhanak', b'1'),
(871, 14, 'Dhangar', b'1'),
(872, 14, 'Dheevara', b'1'),
(873, 14, 'Dhiman', b'1'),
(874, 14, 'Dhobi', b'1'),
(875, 14, 'Dhor /Dusra', b'1'),
(876, 14, 'Dumal', b'1'),
(877, 14, 'Dusadh (Paswan)', b'1'),
(878, 14, 'Ediga', b'1'),
(879, 14, 'Ediga / Goud (Balija)', b'1'),
(880, 14, 'Elur Chetty', b'1'),
(881, 14, 'Ezhava', b'1'),
(882, 14, 'Ezhava Panciker', b'1'),
(883, 14, 'Ezhava Thandan', b'1'),
(884, 14, 'Ezhuthachan', b'1'),
(885, 14, 'Gabit', b'1'),
(886, 14, 'Gahoi', b'1'),
(887, 14, 'Gajula / Kavarai', b'1'),
(888, 14, 'Ganda', b'1'),
(889, 14, 'Gandha Vanika', b'1'),
(890, 14, 'Gandla', b'1'),
(891, 14, 'Gandla / Ganiga', b'1'),
(892, 14, 'Ganiga', b'1'),
(893, 14, 'Garhwall', b'1'),
(894, 14, 'Gatti', b'1'),
(895, 14, 'Gavara', b'1'),
(896, 14, 'Gawali', b'1'),
(897, 14, 'Ghisadi', b'1'),
(898, 14, 'Ghumar', b'1'),
(899, 14, 'Goala', b'1'),
(900, 14, 'Goan', b'1'),
(901, 14, 'Gomantak', b'1'),
(902, 14, 'Gondhali', b'1'),
(903, 14, 'Goud', b'1'),
(904, 14, 'Gounder', b'1'),
(905, 14, 'Gounder - Kongu Vellala Gounder', b'1'),
(906, 14, 'Gounder - Nattu Guunder', b'1'),
(907, 14, 'Gounder - Others', b'1'),
(908, 14, 'Gounder - Urali Gounder', b'1'),
(909, 14, 'Gounder - Vanniya Kula Kshatriyar', b'1'),
(910, 14, 'Gounder - Vettuva Gounder', b'1'),
(911, 14, 'Gowda', b'1'),
(912, 14, 'Gowda - Kuruba gowda', b'1'),
(913, 14, 'Gramani', b'1'),
(914, 14, 'Gudia', b'1'),
(915, 14, 'Gujjar', b'1'),
(916, 14, 'Gulahre', b'1'),
(917, 14, 'Gupta', b'1'),
(918, 14, 'Guptan', b'1'),
(919, 14, 'Gurav', b'1'),
(920, 14, 'Gurjar', b'1'),
(921, 14, 'Haihavanshi', b'1'),
(922, 14, 'Halba Koshti', b'1'),
(923, 14, 'Helava', b'1'),
(924, 14, 'Hugar(Jeer)', b'1'),
(925, 14, 'IIIaththu Pillai', b'1'),
(926, 14, 'Intercaste', b'1'),
(927, 14, 'Irani', b'1'),
(928, 14, 'Isai Vellalar', b'1'),
(929, 14, 'Jaalari', b'1'),
(930, 14, 'Jaiswal', b'1'),
(931, 14, 'Jandra', b'1'),
(932, 14, 'Jangam', b'1'),
(933, 14, 'Jangra - Brahmin', b'1'),
(934, 14, 'Jat', b'1'),
(935, 14, 'Jatav', b'1'),
(936, 14, 'Jetty / Malla', b'1'),
(937, 14, 'Jhadav', b'1'),
(938, 14, 'Jijhotia Brahmin', b'1'),
(939, 14, 'Jogi (Nath)', b'1'),
(940, 14, 'Julaha', b'1'),
(941, 14, 'Kachara', b'1'),
(942, 14, 'Kadava Patel', b'1'),
(943, 14, 'Kaibarta', b'1'),
(944, 14, 'Kaikaala', b'1'),
(945, 14, 'Kalal', b'1'),
(946, 14, 'Kalanji', b'1'),
(947, 14, 'Kalar', b'1'),
(948, 14, 'Kalinga', b'1'),
(949, 14, 'Kalinga Vysya', b'1'),
(950, 14, 'Kalita', b'1'),
(951, 14, 'Kalwar', b'1'),
(952, 14, 'Kamboj', b'1'),
(953, 14, 'Kamma', b'1'),
(954, 14, 'Kamma Naidu', b'1'),
(955, 14, 'Kanakkan Padanna', b'1'),
(956, 14, 'Kandara', b'1'),
(957, 14, 'Kanasari', b'1'),
(958, 14, 'Kanykubj Bania', b'1'),
(959, 14, 'Kapu', b'1'),
(960, 14, 'Kapu Naidu', b'1'),
(961, 14, 'Kapu Reddy', b'1'),
(962, 14, 'Karakala Bhakthula', b'1'),
(963, 14, 'Karana', b'1'),
(964, 14, 'Karkathar', b'1'),
(965, 14, 'Karmakar', b'1'),
(966, 14, 'Karani Bhakthula', b'1'),
(967, 14, 'Karuneegar', b'1'),
(968, 14, 'Kasar', b'1'),
(969, 14, 'Kasaundhan', b'1'),
(970, 14, 'Kashyap', b'1'),
(971, 14, 'Kasukara', b'1'),
(972, 14, 'Katiya', b'1'),
(973, 14, 'Kavara', b'1'),
(974, 14, 'Kavuthiyya / Ezhavathy', b'1'),
(975, 14, 'Kayastha', b'1'),
(976, 14, 'Kayastha (Bengali)', b'1'),
(977, 14, 'Kerala Mudali', b'1'),
(978, 14, 'Keshri (Kesarwani)', b'1'),
(979, 14, 'Khandayat', b'1'),
(980, 14, 'Khandelwal', b'1'),
(981, 14, 'Kharwa', b'1'),
(982, 14, 'Kharwar', b'1'),
(983, 14, 'Khatik', b'1'),
(984, 14, 'Khatri', b'1'),
(985, 14, 'Kirar', b'1'),
(986, 14, 'Kodikal Pillai', b'1'),
(987, 14, 'Kokanastha Maratha', b'1'),
(988, 14, 'Koli', b'1'),
(989, 14, 'Koli Madhadev', b'1'),
(990, 14, 'Koli Patel', b'1'),
(991, 14, 'Komati / Arya Vaishya', b'1'),
(992, 14, 'Kongu Chettiar', b'1'),
(993, 14, 'Kongu Nadar', b'1'),
(994, 14, 'Kongu Vellala Gounder', b'1'),
(995, 14, 'Konkani', b'1'),
(996, 14, 'Korama', b'1'),
(997, 14, 'Kori', b'1'),
(998, 14, 'Kori / Koli', b'1'),
(999, 14, 'Kosthi', b'1'),
(1000, 14, 'Krishnavaka', b'1'),
(1001, 14, 'Kshatriya', b'1'),
(1002, 14, 'Kshatriya Kurmi', b'1'),
(1003, 14, 'Kshatriya Raju', b'1'),
(1004, 14, 'Kudumbi', b'1'),
(1005, 14, 'Kulal', b'1'),
(1006, 14, 'Kulalar', b'1'),
(1007, 14, 'Kilita', b'1'),
(1008, 14, 'Kumaoni Rajput', b'1'),
(1009, 14, 'Kumawat', b'1'),
(1010, 14, 'Kumbhakar', b'1'),
(1011, 14, 'Kumbhar', b'1'),
(1012, 14, 'Kumhar', b'1'),
(1013, 14, 'Kummari', b'1'),
(1014, 14, 'Kunbi', b'1'),
(1015, 14, 'Kunbi Lonari', b'1'),
(1016, 14, 'Kunbi Maratha', b'1'),
(1017, 14, 'Kunbi Tirale', b'1'),
(1018, 14, 'Kuravan', b'1'),
(1019, 14, 'Kurmi', b'1'),
(1020, 14, 'Kurmi / Kurmi Kshatriya', b'1'),
(1021, 14, 'Kurni', b'1'),
(1022, 14, 'Kuruba', b'1'),
(1023, 14, 'Kuruhina Shetty', b'1'),
(1024, 14, 'Kuruhini CHetty', b'1'),
(1025, 14, 'Kurumbar', b'1'),
(1026, 14, 'Kuruva', b'1'),
(1027, 14, 'Kushwaha (Koiri)', b'1'),
(1028, 14, 'Kurchi', b'1'),
(1029, 14, 'Lad', b'1'),
(1030, 14, 'Lambadi', b'1'),
(1031, 14, 'Leva patel', b'1'),
(1032, 14, 'Linga Balija', b'1'),
(1033, 14, 'Lingayath', b'1'),
(1034, 14, 'Lodhi Rajput', b'1'),
(1035, 14, 'Lohana', b'1'),
(1036, 14, 'Lohar', b'1'),
(1037, 14, 'Loniya', b'1'),
(1038, 14, 'Lubana', b'1'),
(1039, 14, 'Madhesiya / Kani / Halwai', b'1'),
(1040, 14, 'Madiga', b'1'),
(1041, 14, 'Mahakan', b'1'),
(1042, 14, 'Mahar', b'1'),
(1043, 14, 'Mahendra', b'1'),
(1044, 14, 'Maheswari', b'1'),
(1045, 14, 'Maheswari / Meshri', b'1'),
(1046, 14, 'Mahishya', b'1'),
(1047, 14, 'Mahor', b'1'),
(1048, 14, 'Mahuri', b'1'),
(1049, 14, 'Mair Rajput Swarnkar', b'1'),
(1050, 14, 'Majabi', b'1'),
(1051, 14, 'Mala', b'1'),
(1052, 14, 'Mali', b'1'),
(1053, 14, 'Mallah', b'1'),
(1054, 14, 'Malviya Bramhim', b'1'),
(1055, 14, 'Malwani', b'1'),
(1056, 14, 'Mangalorean', b'1'),
(1057, 14, 'Manipuri', b'1'),
(1058, 14, 'Manjapidur Chettiar', b'1'),
(1059, 14, 'Mannan / Velan / Vannan', b'1'),
(1060, 14, 'Mapila', b'1'),
(1061, 14, 'Maratha', b'1'),
(1062, 14, 'Maratha Kshatriya', b'1'),
(1063, 14, 'Maruthuvar', b'1'),
(1064, 14, 'Matang', b'1'),
(1065, 14, 'Mathur', b'1'),
(1066, 14, 'Mathur Vaishya', b'1'),
(1067, 14, 'Maurya / Shakya', b'1'),
(1068, 14, 'Meena', b'1'),
(1069, 14, 'Meenavar', b'1'),
(1070, 14, 'Meghwal', b'1'),
(1071, 14, 'Mehra', b'1'),
(1072, 14, 'Meru Darji', b'1'),
(1073, 14, 'Mochi', b'1'),
(1074, 14, 'Medak', b'1'),
(1075, 14, 'Modi', b'1'),
(1076, 14, 'Modikarlu', b'1'),
(1077, 14, 'Mogaveera', b'1'),
(1078, 14, 'Mudaliyar', b'1'),
(1079, 14, 'Mudiraj', b'1'),
(1080, 14, 'Munnuru Kapu', b'1'),
(1081, 14, 'Musukama', b'1'),
(1082, 14, 'Muthuraja', b'1'),
(1083, 14, 'Naagavamsam', b'1'),
(1084, 14, 'Nabit', b'1'),
(1085, 14, 'Nadar', b'1'),
(1086, 14, 'Nagaralu', b'1'),
(1087, 14, 'Nai', b'1'),
(1088, 14, 'Naicker', b'1'),
(1089, 14, 'Naicker - Others', b'1'),
(1090, 14, 'Naicker - Vanniya Kula Kshatriyar', b'1'),
(1091, 14, 'Naidu', b'1'),
(1092, 14, 'Naik', b'1'),
(1093, 14, 'Nair', b'1'),
(1094, 14, 'Namasudra / Namaseej', b'1'),
(1095, 14, 'Namniar', b'1'),
(1096, 14, 'Namdarlu', b'1'),
(1097, 14, 'Nanjil Mudali', b'1'),
(1098, 14, 'Nanjil Nattu Vellalar', b'1'),
(1099, 14, 'Nanjil Vellalar', b'1'),
(1100, 14, 'Nanjil Pillai', b'1'),
(1101, 14, 'Nankudi Vellalar', b'1'),
(1102, 14, 'Napit', b'1'),
(1103, 14, 'Nattu Gounder', b'1'),
(1104, 14, 'Nattukottai Chettiar', b'1'),
(1105, 14, 'Nayaka', b'1'),
(1106, 14, 'Neeli', b'1'),
(1107, 14, 'Neeli Saali', b'1'),
(1108, 14, 'Nema', b'1'),
(1109, 14, 'Nepali', b'1'),
(1110, 14, 'Nessi', b'1'),
(1111, 14, 'Nhavi', b'1'),
(1112, 14, 'Ontari', b'1'),
(1113, 14, 'Oswal', b'1'),
(1114, 14, 'Otari', b'1'),
(1115, 14, 'Othuvaar', b'1'),
(1116, 14, 'Padmasali', b'1'),
(1117, 14, 'Padmashali', b'1'),
(1118, 14, 'Padmavathi Porwal', b'1'),
(1119, 14, 'Pagadala', b'1'),
(1120, 14, 'Pal', b'1'),
(1121, 14, 'Pallan / Devandra Kula Vellalan', b'1'),
(1122, 14, 'Panan', b'1'),
(1123, 14, 'Panchal', b'1'),
(1124, 14, 'Pandaram', b'1'),
(1125, 14, 'Pandiya Vellalar', b'1'),
(1126, 14, 'Panicker', b'1'),
(1127, 14, 'Pannirandam Chettiar', b'1'),
(1128, 14, 'Paravan / Bharatar', b'1'),
(1129, 14, 'Parit', b'1'),
(1130, 14, 'Parkava Kulam', b'1'),
(1131, 14, 'Parsi', b'1'),
(1132, 14, 'Partraj', b'1'),
(1133, 14, 'Parvatha Rajakulam', b'1'),
(1134, 14, 'Pasi', b'1'),
(1135, 14, 'Paswan / Dusadh', b'1'),
(1136, 14, 'Patel', b'1'),
(1137, 14, 'Pathare Prabhu', b'1'),
(1138, 14, 'Patil', b'1'),
(1139, 14, 'Patnick / Sistakaranam', b'1'),
(1140, 14, 'Patra', b'1'),
(1141, 14, 'Pattinavar', b'1'),
(1142, 14, 'Pattusali', b'1'),
(1143, 14, 'Patwa', b'1'),
(1144, 14, 'Perika', b'1'),
(1145, 14, 'Perika / Puragiri Kshatriya', b'1'),
(1146, 14, 'Pillai', b'1'),
(1147, 14, 'Poosala', b'1'),
(1148, 14, 'Porwal', b'1'),
(1149, 14, 'Porwal / Porwar', b'1'),
(1150, 14, 'Poundra', b'1'),
(1151, 14, 'Prajapati', b'1'),
(1152, 14, 'Pulaya / Cheruman', b'1'),
(1153, 14, 'Raigar', b'1'),
(1154, 14, 'Rajaka', b'1'),
(1155, 14, 'Rajastani', b'1'),
(1156, 14, 'Rajbhar', b'1'),
(1157, 14, 'Rajbonshi', b'1'),
(1158, 14, 'Rajpurohot', b'1'),
(1159, 14, 'Rajput', b'1'),
(1160, 14, 'Ramanandi', b'1'),
(1161, 14, 'Ramdasia', b'1'),
(1162, 14, 'Ramgariah', b'1'),
(1163, 14, 'Ramoshi', b'1'),
(1164, 14, 'Rastogi', b'1'),
(1165, 14, 'Rathi', b'1'),
(1166, 14, 'Rauniar', b'1'),
(1167, 14, 'Ravidaisia', b'1'),
(1168, 14, 'Rawat', b'1'),
(1169, 14, 'Reddy', b'1'),
(1170, 14, 'Relli', b'1'),
(1171, 14, 'Ronit / Chamar', b'1'),
(1172, 14, 'Ror', b'1'),
(1173, 14, 'SC', b'1'),
(1174, 14, 'SKP', b'1'),
(1175, 14, 'ST', b'1'),
(1176, 14, 'Sadgope', b'1'),
(1177, 14, 'Sadhi Chetty', b'1'),
(1178, 14, 'Sagara (Uppara)', b'1'),
(1179, 14, 'Saha', b'1'),
(1180, 14, 'Sahu', b'1'),
(1181, 14, 'Saini', b'1'),
(1182, 14, 'Saiva Pillai Thanjavur', b'1'),
(1183, 14, 'Saiva Pillai Tirunelveli', b'1'),
(1184, 14, 'Saliya', b'1'),
(1185, 14, 'Samagar', b'1'),
(1186, 14, 'Sambava', b'1'),
(1187, 14, 'Sathwara', b'1'),
(1188, 14, 'Satnami', b'1'),
(1189, 14, 'Savji', b'1'),
(1190, 14, 'Senai Thalaivar', b'1'),
(1191, 14, 'Senguntha Mudiliyar', b'1'),
(1192, 14, 'Sengunthar / Kaikolar', b'1'),
(1193, 14, 'Settibalija', b'1'),
(1194, 14, 'Setty Balija', b'1'),
(1195, 14, 'Shaw / Sahu / Teli', b'1'),
(1196, 14, 'Shettigar', b'1'),
(1197, 14, 'Shipkar', b'1'),
(1198, 14, 'Shimpi/ Namdev', b'1'),
(1199, 14, 'Sindhi', b'1'),
(1200, 14, 'Sindhi-Amil', b'1'),
(1201, 14, 'Sindhi-Baibhand', b'1'),
(1202, 14, 'Sindhi-Bhanusali', b'1'),
(1203, 14, 'Sindhi-Bhatia', b'1'),
(1204, 14, 'Sindhi-Chhapru', b'1'),
(1205, 14, 'Sindhi-Dadu', b'1'),
(1206, 14, 'Sindhi-Hyderabadi', b'1'),
(1207, 14, 'Sindhi-Larai', b'1'),
(1208, 14, 'Sindhi-Larkana', b'1'),
(1209, 14, 'Sindhi-Lohana', b'1'),
(1210, 14, 'Sindhi-Rohiri', b'1'),
(1211, 14, 'Sindhi-Sahiti', b'1'),
(1212, 14, 'Sindhi-Sakkhar', b'1'),
(1213, 14, 'Sindhi-Sehwani', b'1'),
(1214, 14, 'Sindhi-Shikarpuri', b'1'),
(1215, 14, 'Sindhi-Thatai', b'1'),
(1216, 14, 'Sonar', b'1'),
(1217, 14, 'Soni', b'1'),
(1218, 14, 'Sonkar', b'1'),
(1219, 14, 'Sourashtra', b'1'),
(1220, 14, 'Sozhia Chetty', b'1'),
(1221, 14, 'Sozhiya Vellalar', b'1'),
(1222, 14, 'Srisayana', b'1'),
(1223, 14, 'Sugali (Naika)', b'1'),
(1224, 14, 'Sunari', b'1'),
(1225, 14, 'Sundhi', b'1'),
(1226, 14, 'Surya Balija', b'1'),
(1227, 14, 'Suthar', b'1'),
(1228, 14, 'Swakula Sali', b'1'),
(1229, 14, 'Tamboli', b'1'),
(1230, 14, 'Tanti', b'1'),
(1231, 14, 'Tantubai', b'1'),
(1232, 14, 'Telaga', b'1'),
(1233, 14, 'Teli', b'1'),
(1234, 14, 'Telugupatti', b'1'),
(1235, 14, 'Thakkar', b'1'),
(1236, 14, 'Thakore', b'1'),
(1237, 14, 'Thakur', b'1'),
(1238, 14, 'Thandan', b'1'),
(1239, 14, 'Thigala', b'1'),
(1240, 14, 'Thiyya', b'1'),
(1241, 14, 'Thiyya Thandan', b'1'),
(1242, 14, 'Thogata Veera Kshatriya', b'1'),
(1243, 14, 'Thogata Veerakshathriya', b'1'),
(1244, 14, 'Thondai Mandala Vellalar', b'1'),
(1245, 14, 'Thota', b'1'),
(1246, 14, 'Tili', b'1'),
(1247, 14, 'Togata', b'1'),
(1248, 14, 'Tonk Kshatriya', b'1'),
(1249, 14, 'Turupu Kapu', b'1'),
(1250, 14, 'Ummar / Umre / Bagaria', b'1'),
(1251, 14, 'Urali Gounder', b'1'),
(1252, 14, 'Urs', b'1'),
(1253, 14, 'Vada Baliji', b'1'),
(1254, 14, 'Vasambar', b'1'),
(1255, 14, 'Vaddera', b'1'),
(1256, 14, 'Vadugan', b'1'),
(1257, 14, 'Vaish', b'1'),
(1258, 14, 'Vaishnav', b'1'),
(1259, 14, 'Vaishanav Dishaval', b'1'),
(1260, 14, 'Vaishanav Khadyata', b'1'),
(1261, 14, 'Vaishanav Lad', b'1'),
(1262, 14, 'Vaishanav Modh', b'1'),
(1263, 14, 'Vaishanav Porvas', b'1'),
(1264, 14, 'Vaishanav Shrimali', b'1'),
(1265, 14, 'Vaishanav Sorathaiya', b'1'),
(1266, 14, 'Vaishanav Vania', b'1'),
(1267, 14, 'Vaishanav', b'1'),
(1268, 14, 'Vaishya', b'1'),
(1269, 14, 'Vaishya Vani', b'1'),
(1270, 14, 'Vallivan', b'1'),
(1271, 14, 'Vakmiki', b'1'),
(1272, 14, 'Vani', b'1'),
(1273, 14, 'Vani / Vaishya', b'1'),
(1274, 14, 'Vania', b'1'),
(1275, 14, 'Vanika Vyshaya', b'1'),
(1276, 14, 'Vaniya', b'1'),
(1277, 14, 'Vaniya Chettiar', b'1'),
(1278, 14, 'Vanjara', b'1'),
(1279, 14, 'Vanjari', b'1'),
(1280, 14, 'Vankar', b'1'),
(1281, 14, 'Vannar', b'1'),
(1282, 14, 'Vannia Kula Lshatriyar', b'1'),
(1283, 14, 'Variar', b'1'),
(1284, 14, 'Varshney', b'1'),
(1285, 14, 'Varsjney (Baraseni)', b'1'),
(1286, 14, 'Veera Shivam', b'1'),
(1287, 14, 'Veerakodi Vellala', b'1'),
(1288, 14, 'Velaan', b'1'),
(1289, 14, 'Velama', b'1'),
(1290, 14, 'Vellalar', b'1'),
(1291, 14, 'Vellan Chettiars', b'1'),
(1292, 14, 'Veluthedathu Nair', b'1'),
(1293, 14, 'Vettuva Gounder', b'1'),
(1294, 14, 'Vettuvan', b'1'),
(1295, 14, 'Vijayvargia', b'1'),
(1296, 14, 'Vilakithala Nair', b'1'),
(1297, 14, 'Vilakkithala Nair', b'1'),
(1298, 14, 'Vishwakarma', b'1'),
(1299, 14, 'Viswabramhin', b'1'),
(1300, 14, 'Vokkaliga', b'1'),
(1301, 14, 'Vysya', b'1'),
(1302, 14, 'Yadav', b'1'),
(1303, 14, 'Yadav Naidu', b'1'),
(1304, 14, 'Yellapu', b'1'),
(1305, 14, 'Other Caste', b'1'),
(1306, 14, 'Don\'t wish to Specify', b'1'),
(1307, 14, 'Avavil Bramhin', b'1'),
(1308, 14, 'Audichya Brahmin', b'1'),
(1309, 14, 'Barendra Brahmin', b'1'),
(1310, 14, 'Bharr Brahmin', b'1'),
(1311, 14, 'Bhatt Brahmin', b'1'),
(1312, 14, 'Bhumihar Brahmin', b'1'),
(1313, 14, 'Daivadnya Brahmin', b'1'),
(1314, 14, 'Danua Brahmin', b'1'),
(1315, 14, 'Deshasthu Brahmin', b'1'),
(1316, 14, 'Dhiman Brahmin', b'1'),
(1317, 14, 'Dravida Brahmin', b'1'),
(1318, 14, 'Embrandiri Brahmin', b'1'),
(1319, 14, 'Gaur Brahmin', b'1'),
(1320, 14, 'Goswami / Gosavi Brahmin', b'1'),
(1321, 14, 'Gujar Guar Brahmin', b'1'),
(1322, 14, 'Gurukkal Brahmin', b'1'),
(1323, 14, 'Havyaka Brahmin', b'1'),
(1324, 14, 'Hoysala Brahmin', b'1'),
(1325, 14, 'Iyengar Brahmin', b'1'),
(1326, 14, 'Iyer Brahmin', b'1'),
(1327, 14, 'Jangid Brahmin', b'1'),
(1328, 14, 'Jangid Brahmin', b'1'),
(1329, 14, 'Jhadua Brahmin', b'1'),
(1330, 14, 'Janyajubi Brahmin', b'1'),
(1331, 14, 'Kanyakubj Brahmin', b'1'),
(1332, 14, 'Karhade Brahmin', b'1'),
(1333, 14, 'Kokanastha Brahmin', b'1'),
(1334, 14, 'Kota Brahmin', b'1'),
(1335, 14, 'Kulin Brahmin', b'1'),
(1336, 14, 'Kumaoni Brahmin', b'1'),
(1337, 14, 'Madhwa Brahmin', b'1'),
(1338, 14, 'Maithil Brahmin', b'1'),
(1339, 14, 'Modh Brahmin', b'1'),
(1340, 14, 'Mohyal Brahmin', b'1'),
(1341, 14, 'Nagar Brahmin', b'1'),
(1342, 14, 'Namboodiri Brahmin', b'1'),
(1343, 14, 'Barmaduya Brahmin', b'1'),
(1344, 14, 'Niyogi Brahmin', b'1'),
(1345, 14, 'Panda Brahmin', b'1'),
(1346, 14, 'Pandit Brahmin', b'1'),
(1347, 14, 'Pushkarna Brahmin', b'1'),
(1348, 14, 'Pushkarna Brahmin', b'1'),
(1349, 14, 'Rarhi Brahmin', b'1'),
(1350, 14, 'Rigvedi Brahmin', b'1'),
(1351, 14, 'Rudraj Brahmin', b'1'),
(1352, 14, 'Sakaldwipi Brahmin', b'1'),
(1353, 14, 'Sanadya Brahmin', b'1'),
(1354, 14, 'Sanketi Brahmin', b'1'),
(1355, 14, 'Saraswat Brahmin', b'1'),
(1356, 14, 'Saryuparin Brahmin', b'1'),
(1357, 14, 'Shivhalli Brahmin', b'1'),
(1358, 14, 'Shrimali Brahmin', b'1'),
(1359, 14, 'Sikhwal Brahmin', b'1'),
(1360, 14, 'Sri Vaishnava Brahmin', b'1'),
(1361, 14, 'Stanika Brahmin', b'1'),
(1362, 14, 'Tyagi Brahmin', b'1'),
(1363, 14, 'Vaidiki Brahmin', b'1'),
(1364, 14, 'Vaikhanasa Brahmin', b'1'),
(1365, 14, 'Velanadu Brahmin', b'1'),
(1366, 14, 'Vyas Brahmin', b'1'),
(1367, 14, 'Shetty', b'1'),
(1368, 14, 'Mera', b'1'),
(1369, 14, 'Mukkulathor', b'1'),
(1370, 14, 'Paswan', b'1'),
(1371, 14, 'Jeer', b'1'),
(1372, 14, 'Bramhin Jijhotia', b'1'),
(1373, 14, 'Nath', b'1'),
(1374, 14, 'Koiri', b'1'),
(1375, 14, 'Bramhin Malviya', b'1'),
(1376, 14, 'Darji', b'1'),
(1377, 14, 'Amil Sindhi', b'1'),
(1378, 14, 'Baidhand Sindhi', b'1'),
(1379, 14, 'Bhanusali Sindhi', b'1'),
(1380, 14, 'Bhatia Sindhi', b'1'),
(1381, 14, 'Chhapru Sindhi', b'1'),
(1382, 14, 'Sadu Sindhi', b'1'),
(1383, 14, 'Hyderabadi Sindhi', b'1'),
(1384, 14, 'Larai Sindhi', b'1'),
(1385, 14, 'Larkana Sindhi', b'1'),
(1386, 14, 'Lohana Sindhi', b'1'),
(1387, 14, 'Rohiri Sindhi', b'1'),
(1388, 14, 'Sahiti Sindhi', b'1'),
(1389, 14, 'Sakkhar Sindhi', b'1'),
(1390, 14, 'Sehwani Sindhi', b'1'),
(1391, 14, 'Shikarpuri Sindhi', b'1'),
(1392, 14, 'Thatai Sindhi', b'1'),
(1393, 14, 'Naika', b'1'),
(1394, 14, 'Don\'t wish to specify', b'1'),
(1395, 3, 'Aaru Nattu Vellala', b'1'),
(1396, 3, 'Ad Dharmi', b'1'),
(1397, 3, 'Adi Andhra', b'1'),
(1398, 3, 'Adi Dravidar', b'1'),
(1399, 3, 'Adi Karnataka', b'1'),
(1400, 3, 'Agamudayar/Arcot/Thuluva Vellala', b'1'),
(1401, 3, 'Agaram Vellan Chettiar', b'1'),
(1402, 3, 'Agarwal', b'1'),
(1403, 3, 'Agnikula Kshatriya', b'1'),
(1404, 3, 'Agrahari', b'1'),
(1405, 3, 'Agri', b'1'),
(1406, 3, 'Ahir Shimpi', b'1'),
(1407, 3, 'Ahirwar', b'1'),
(1408, 3, 'Ahom', b'1'),
(1409, 3, 'Ambalavasi', b'1'),
(1410, 3, 'Anjana (Chowdary)Patel', b'1'),
(1411, 3, 'Aramari / Gabit', b'1'),
(1412, 3, 'Arekatica', b'1'),
(1413, 3, 'Arora', b'1'),
(1414, 3, 'Arunthathiyar', b'1'),
(1415, 3, 'Arya Vysya', b'1'),
(1416, 3, 'Asathi', b'1'),
(1417, 3, 'Ayira Vysya', b'1'),
(1418, 3, 'Ayodhyavasi', b'1'),
(1419, 3, 'Ayyaraka', b'1'),
(1420, 3, 'Budaga', b'1'),
(1421, 3, 'Bagdi', b'1'),
(1422, 3, 'Baidya', b'1'),
(1423, 3, 'Bairwa', b'1'),
(1424, 3, 'Baishbnab', b'1'),
(1425, 3, 'Baishya', b'1'),
(1426, 3, 'Bajantri', b'1'),
(1427, 3, 'Balai', b'1'),
(1428, 3, 'Balija', b'1'),
(1429, 3, 'Balija Naidu', b'1'),
(1430, 3, 'Balija Reddy', b'1'),
(1431, 3, 'Banayat Oriya', b'1'),
(1432, 3, 'Banik', b'1'),
(1433, 3, 'Baniya', b'1'),
(1434, 3, 'Baniya - Bania', b'1'),
(1435, 3, 'Baniya - KUmuti', b'1'),
(1436, 3, 'Banjara', b'1'),
(1437, 3, 'Barai', b'1'),
(1438, 3, 'Barnwal', b'1'),
(1439, 3, 'Barujibi', b'1'),
(1440, 3, 'Beri Chettiar', b'1'),
(1441, 3, 'Besta', b'1'),
(1442, 3, 'Bhandari', b'1'),
(1443, 3, 'Bhaia', b'1'),
(1444, 3, 'Bhatraju', b'1'),
(1445, 3, 'Bhavasar Vshatriya', b'1'),
(1446, 3, 'Bhoi', b'1'),
(1447, 3, 'Bhovi', b'1'),
(1448, 3, 'Bhoyar', b'1'),
(1449, 3, 'Billava', b'1'),
(1450, 3, 'Bishnoi / Vishnoi', b'1'),
(1451, 3, 'Bondili', b'1'),
(1452, 3, 'Born Again', b'1'),
(1453, 3, 'Boyar', b'1'),
(1454, 3, 'Brahmbatt', b'1'),
(1455, 3, 'Brahmin - Anavil', b'1'),
(1456, 3, 'Brahmin - Anaviln Desai', b'1'),
(1457, 3, 'Brahmin - Audichya', b'1'),
(1458, 3, 'Brahmin - Baidhiki / Vaidhiki', b'1'),
(1459, 3, 'Brahmin - Bardai', b'1'),
(1460, 3, 'Brahmin - Barendra', b'1'),
(1461, 3, 'Brahmin - Bhargav', b'1'),
(1462, 3, 'Brahmin - Bhatt', b'1'),
(1463, 3, 'Brahmin - Bhumihar', b'1'),
(1464, 3, 'Brahmin - Dadhich', b'1'),
(1465, 3, 'Brahmin - Daivadnya', b'1'),
(1466, 3, 'Brahmin - Danua', b'1'),
(1467, 3, 'Brahmin - Deshastha', b'1'),
(1468, 3, 'Brahmin - Dhiman', b'1'),
(1469, 3, 'Brahmin - Dravida', b'1'),
(1470, 3, 'Brahmin - Embrandiri', b'1'),
(1471, 3, 'Brahmin - Garhwali', b'1'),
(1472, 3, 'Brahmin - Gaur', b'1'),
(1473, 3, 'Brahmin - Goswami / Gosavi', b'1'),
(1474, 3, 'Brahmin - Gujar Gaur', b'1'),
(1475, 3, 'Brahmin - Gurakkal', b'1'),
(1476, 3, 'Brahmin - Halua', b'1'),
(1477, 3, 'Brahmin - Havyaka', b'1'),
(1478, 3, 'Brahmin - Hoysala', b'1'),
(1479, 3, 'Brahmin - Iyengar', b'1'),
(1480, 3, 'Brahmin - Iyer', b'1'),
(1481, 3, 'Brahmin - Jabgid', b'1'),
(1482, 3, 'Brahmin - Jhadua', b'1'),
(1483, 3, 'Brahmin - Jyotish', b'1'),
(1484, 3, 'Brahmin - Kanyakubi', b'1'),
(1485, 3, 'Brahmin - Karhade', b'1'),
(1486, 3, 'Brahmin - Khadayata', b'1'),
(1487, 3, 'Brahmin - Khandelwal', b'1'),
(1488, 3, 'Brahmin - Khedaval', b'1'),
(1489, 3, 'Brahmin - Kokanastha', b'1'),
(1490, 3, 'Brahmin - Kota', b'1'),
(1491, 3, 'Brahmin - Koteshwara /Kota(Madhwa)', b'1'),
(1492, 3, 'Brahmin - Kulin', b'1'),
(1493, 3, 'Brahmin - Kumaoni', b'1'),
(1494, 3, 'Brahmin - Madhwa', b'1'),
(1495, 3, 'Brahmin - Maithil', b'1'),
(1496, 3, 'Brahmin - Meveda', b'1'),
(1497, 3, 'Brahmin - Modh', b'1'),
(1498, 3, 'Brahmin - Mohyal', b'1'),
(1499, 3, 'Brahmin - Nagar', b'1'),
(1500, 3, 'Brahmin - Namboodiri', b'1'),
(1501, 3, 'Brahmin - Narmadiya', b'1'),
(1502, 3, 'Brahmin - Niyogi', b'1'),
(1503, 3, 'Brahmin - Others', b'1'),
(1504, 3, 'Brahmin - Paliwal', b'1'),
(1505, 3, 'Brahmin - Panda', b'1'),
(1506, 3, 'Brahmin - Pandit', b'1'),
(1507, 3, 'Brahmin - Panicker', b'1'),
(1508, 3, 'Brahmin - Pareek', b'1'),
(1509, 3, 'Brahmin - Pushkarna', b'1'),
(1510, 3, 'Brahmin - Rajgor', b'1'),
(1511, 3, 'Brahmin - Rarhi', b'1'),
(1512, 3, 'Brahmin - Rarhi /Radhi', b'1'),
(1513, 3, 'Brahmin - Rigvedi', b'1'),
(1514, 3, 'Brahmin - Rudraj', b'1'),
(1515, 3, 'Brahmin - Sakaldwipi', b'1'),
(1516, 3, 'Brahmin - Sanadya', b'1'),
(1517, 3, 'Brahmin - Sanketi', b'1'),
(1518, 3, 'Brahmin - Saraswat', b'1'),
(1519, 3, 'Brahmin - Sarua', b'1'),
(1520, 3, 'Brahmin - Saeyuparin', b'1'),
(1521, 3, 'Brahmin - Shivalli (Madhva)', b'1'),
(1522, 3, 'Brahmin - Shivhalli', b'1'),
(1523, 3, 'Brahmin - Shri Gaud', b'1'),
(1524, 3, 'Brahmin - Shri Mali', b'1'),
(1525, 3, 'Brahmin - Shrimali', b'1'),
(1526, 3, 'Brahmin - Shukla Yajurvedi', b'1'),
(1527, 3, 'Brahmin - Sikhwal', b'1'),
(1528, 3, 'Brahmin - Smartha', b'1'),
(1529, 3, 'Brahmin - Sri Vaishnava', b'1'),
(1530, 3, 'Brahmin - Stanila', b'1'),
(1531, 3, 'Brahmin - Tapodhan', b'1'),
(1532, 3, 'Brahmin - Tyagi', b'1'),
(1533, 3, 'Brahmin - Vaidiki', b'1'),
(1534, 3, 'Brahmin - Vaikhanasa', b'1'),
(1535, 3, 'Brahmin - Valam', b'1'),
(1536, 3, 'Brahmin - Velanadu', b'1'),
(1537, 3, 'Brahmin - Vyas', b'1'),
(1538, 3, 'Brahmin - Zalora', b'1'),
(1539, 3, 'Brajastha Maithil', b'1'),
(1540, 3, 'Bunt (Shetty)', b'1'),
(1541, 3, 'CKP', b'1'),
(1542, 3, 'Chalawadi and Holeya', b'1'),
(1543, 3, 'Chambhar', b'1'),
(1544, 3, 'Chandravanishi Kahar', b'1'),
(1545, 3, 'Chasa', b'1'),
(1546, 3, 'Chattada Sri Vaishnava', b'1'),
(1547, 3, 'Chaturth', b'1'),
(1548, 3, 'Chaudary', b'1'),
(1549, 3, 'Chaurasia', b'1'),
(1550, 3, 'Chennadasar', b'1'),
(1551, 3, 'Cjerukula Vellalar', b'1'),
(1552, 3, 'Chettiar', b'1'),
(1553, 3, 'Chhetri', b'1'),
(1554, 3, 'Chippolu(Mera)', b'1'),
(1555, 3, 'Choudary', b'1'),
(1556, 3, 'Coorgi', b'1'),
(1557, 3, 'Deshmukh', b'1'),
(1558, 3, 'Desikar', b'1'),
(1559, 3, 'Desikar Thanjuvur', b'1'),
(1560, 3, 'Devadiga', b'1'),
(1561, 3, 'Devandra Kula Vellalar', b'1'),
(1562, 3, 'Devang Koshthi', b'1'),
(1563, 3, 'Devanga', b'1'),
(1564, 3, 'Devanga Chettiar', b'1'),
(1565, 3, 'Devar / Thevar /Mukkulathor', b'1'),
(1566, 3, 'Devrukhe Brahmin', b'1'),
(1567, 3, 'Dhanak', b'1'),
(1568, 3, 'Dhangar', b'1'),
(1569, 3, 'Dheevara', b'1'),
(1570, 3, 'Dhiman', b'1'),
(1571, 3, 'Dhobi', b'1'),
(1572, 3, 'Dhor /Dusra', b'1'),
(1573, 3, 'Dumal', b'1'),
(1574, 3, 'Dusadh (Paswan)', b'1'),
(1575, 3, 'Ediga', b'1'),
(1576, 3, 'Ediga / Goud (Balija)', b'1'),
(1577, 3, 'Elur Chetty', b'1'),
(1578, 3, 'Ezhava', b'1'),
(1579, 3, 'Ezhava Panciker', b'1'),
(1580, 3, 'Ezhava Thandan', b'1'),
(1581, 3, 'Ezhuthachan', b'1'),
(1582, 3, 'Gabit', b'1'),
(1583, 3, 'Gahoi', b'1'),
(1584, 3, 'Gajula / Kavarai', b'1'),
(1585, 3, 'Ganda', b'1'),
(1586, 3, 'Gandha Vanika', b'1'),
(1587, 3, 'Gandla', b'1'),
(1588, 3, 'Gandla / Ganiga', b'1'),
(1589, 3, 'Ganiga', b'1'),
(1590, 3, 'Garhwall', b'1'),
(1591, 3, 'Gatti', b'1'),
(1592, 3, 'Gavara', b'1'),
(1593, 3, 'Gawali', b'1'),
(1594, 3, 'Ghisadi', b'1'),
(1595, 3, 'Ghumar', b'1'),
(1596, 3, 'Goala', b'1'),
(1597, 3, 'Goan', b'1'),
(1598, 3, 'Gomantak', b'1'),
(1599, 3, 'Gondhali', b'1'),
(1600, 3, 'Goud', b'1'),
(1601, 3, 'Gounder', b'1'),
(1602, 3, 'Gounder - Kongu Vellala Gounder', b'1'),
(1603, 3, 'Gounder - Nattu Guunder', b'1'),
(1604, 3, 'Gounder - Others', b'1'),
(1605, 3, 'Gounder - Urali Gounder', b'1'),
(1606, 3, 'Gounder - Vanniya Kula Kshatriyar', b'1'),
(1607, 3, 'Gounder - Vettuva Gounder', b'1'),
(1608, 3, 'Gowda', b'1'),
(1609, 3, 'Gowda - Kuruba gowda', b'1'),
(1610, 3, 'Gramani', b'1'),
(1611, 3, 'Gudia', b'1'),
(1612, 3, 'Gujjar', b'1'),
(1613, 3, 'Gulahre', b'1'),
(1614, 3, 'Gupta', b'1'),
(1615, 3, 'Guptan', b'1'),
(1616, 3, 'Gurav', b'1'),
(1617, 3, 'Gurjar', b'1'),
(1618, 3, 'Haihavanshi', b'1'),
(1619, 3, 'Halba Koshti', b'1'),
(1620, 3, 'Helava', b'1'),
(1621, 3, 'Hugar(Jeer)', b'1'),
(1622, 3, 'IIIaththu Pillai', b'1'),
(1623, 3, 'Intercaste', b'1'),
(1624, 3, 'Irani', b'1'),
(1625, 3, 'Isai Vellalar', b'1'),
(1626, 3, 'Jaalari', b'1'),
(1627, 3, 'Jaiswal', b'1'),
(1628, 3, 'Jandra', b'1'),
(1629, 3, 'Jangam', b'1'),
(1630, 3, 'Jangra - Brahmin', b'1'),
(1631, 3, 'Jat', b'1'),
(1632, 3, 'Jatav', b'1'),
(1633, 3, 'Jetty / Malla', b'1'),
(1634, 3, 'Jhadav', b'1'),
(1635, 3, 'Jijhotia Brahmin', b'1'),
(1636, 3, 'Jogi (Nath)', b'1'),
(1637, 3, 'Julaha', b'1');
INSERT INTO `castes` (`caste_id`, `religion_id`, `caste_name`, `caste_status`) VALUES
(1638, 3, 'Kachara', b'1'),
(1639, 3, 'Kadava Patel', b'1'),
(1640, 3, 'Kaibarta', b'1'),
(1641, 3, 'Kaikaala', b'1'),
(1642, 3, 'Kalal', b'1'),
(1643, 3, 'Kalanji', b'1'),
(1644, 3, 'Kalar', b'1'),
(1645, 3, 'Kalinga', b'1'),
(1646, 3, 'Kalinga Vysya', b'1'),
(1647, 3, 'Kalita', b'1'),
(1648, 3, 'Kalwar', b'1'),
(1649, 3, 'Kamboj', b'1'),
(1650, 3, 'Kamma', b'1'),
(1651, 3, 'Kamma Naidu', b'1'),
(1652, 3, 'Kanakkan Padanna', b'1'),
(1653, 3, 'Kandara', b'1'),
(1654, 3, 'Kanasari', b'1'),
(1655, 3, 'Kanykubj Bania', b'1'),
(1656, 3, 'Kapu', b'1'),
(1657, 3, 'Kapu Naidu', b'1'),
(1658, 3, 'Kapu Reddy', b'1'),
(1659, 3, 'Karakala Bhakthula', b'1'),
(1660, 3, 'Karana', b'1'),
(1661, 3, 'Karkathar', b'1'),
(1662, 3, 'Karmakar', b'1'),
(1663, 3, 'Karani Bhakthula', b'1'),
(1664, 3, 'Karuneegar', b'1'),
(1665, 3, 'Kasar', b'1'),
(1666, 3, 'Kasaundhan', b'1'),
(1667, 3, 'Kashyap', b'1'),
(1668, 3, 'Kasukara', b'1'),
(1669, 3, 'Katiya', b'1'),
(1670, 3, 'Kavara', b'1'),
(1671, 3, 'Kavuthiyya / Ezhavathy', b'1'),
(1672, 3, 'Kayastha', b'1'),
(1673, 3, 'Kayastha (Bengali)', b'1'),
(1674, 3, 'Kerala Mudali', b'1'),
(1675, 3, 'Keshri (Kesarwani)', b'1'),
(1676, 3, 'Khandayat', b'1'),
(1677, 3, 'Khandelwal', b'1'),
(1678, 3, 'Kharwa', b'1'),
(1679, 3, 'Kharwar', b'1'),
(1680, 3, 'Khatik', b'1'),
(1681, 3, 'Khatri', b'1'),
(1682, 3, 'Kirar', b'1'),
(1683, 3, 'Kodikal Pillai', b'1'),
(1684, 3, 'Kokanastha Maratha', b'1'),
(1685, 3, 'Koli', b'1'),
(1686, 3, 'Koli Madhadev', b'1'),
(1687, 3, 'Koli Patel', b'1'),
(1688, 3, 'Komati / Arya Vaishya', b'1'),
(1689, 3, 'Kongu Chettiar', b'1'),
(1690, 3, 'Kongu Nadar', b'1'),
(1691, 3, 'Kongu Vellala Gounder', b'1'),
(1692, 3, 'Konkani', b'1'),
(1693, 3, 'Korama', b'1'),
(1694, 3, 'Kori', b'1'),
(1695, 3, 'Kori / Koli', b'1'),
(1696, 3, 'Kosthi', b'1'),
(1697, 3, 'Krishnavaka', b'1'),
(1698, 3, 'Kshatriya', b'1'),
(1699, 3, 'Kshatriya Kurmi', b'1'),
(1700, 3, 'Kshatriya Raju', b'1'),
(1701, 3, 'Kudumbi', b'1'),
(1702, 3, 'Kulal', b'1'),
(1703, 3, 'Kulalar', b'1'),
(1704, 3, 'Kilita', b'1'),
(1705, 3, 'Kumaoni Rajput', b'1'),
(1706, 3, 'Kumawat', b'1'),
(1707, 3, 'Kumbhakar', b'1'),
(1708, 3, 'Kumbhar', b'1'),
(1709, 3, 'Kumhar', b'1'),
(1710, 3, 'Kummari', b'1'),
(1711, 3, 'Kunbi', b'1'),
(1712, 3, 'Kunbi Lonari', b'1'),
(1713, 3, 'Kunbi Maratha', b'1'),
(1714, 3, 'Kunbi Tirale', b'1'),
(1715, 3, 'Kuravan', b'1'),
(1716, 3, 'Kurmi', b'1'),
(1717, 3, 'Kurmi / Kurmi Kshatriya', b'1'),
(1718, 3, 'Kurni', b'1'),
(1719, 3, 'Kuruba', b'1'),
(1720, 3, 'Kuruhina Shetty', b'1'),
(1721, 3, 'Kuruhini CHetty', b'1'),
(1722, 3, 'Kurumbar', b'1'),
(1723, 3, 'Kuruva', b'1'),
(1724, 3, 'Kushwaha (Koiri)', b'1'),
(1725, 3, 'Kurchi', b'1'),
(1726, 3, 'Lad', b'1'),
(1727, 3, 'Lambadi', b'1'),
(1728, 3, 'Leva patel', b'1'),
(1729, 3, 'Linga Balija', b'1'),
(1730, 3, 'Lingayath', b'1'),
(1731, 3, 'Lodhi Rajput', b'1'),
(1732, 3, 'Lohana', b'1'),
(1733, 3, 'Lohar', b'1'),
(1734, 3, 'Loniya', b'1'),
(1735, 3, 'Lubana', b'1'),
(1736, 3, 'Madhesiya / Kani / Halwai', b'1'),
(1737, 3, 'Madiga', b'1'),
(1738, 3, 'Mahakan', b'1'),
(1739, 3, 'Mahar', b'1'),
(1740, 3, 'Mahendra', b'1'),
(1741, 3, 'Maheswari', b'1'),
(1742, 3, 'Maheswari / Meshri', b'1'),
(1743, 3, 'Mahishya', b'1'),
(1744, 3, 'Mahor', b'1'),
(1745, 3, 'Mahuri', b'1'),
(1746, 3, 'Mair Rajput Swarnkar', b'1'),
(1747, 3, 'Majabi', b'1'),
(1748, 3, 'Mala', b'1'),
(1749, 3, 'Mali', b'1'),
(1750, 3, 'Mallah', b'1'),
(1751, 3, 'Malviya Bramhim', b'1'),
(1752, 3, 'Malwani', b'1'),
(1753, 3, 'Mangalorean', b'1'),
(1754, 3, 'Manipuri', b'1'),
(1755, 3, 'Manjapidur Chettiar', b'1'),
(1756, 3, 'Mannan / Velan / Vannan', b'1'),
(1757, 3, 'Mapila', b'1'),
(1758, 3, 'Maratha', b'1'),
(1759, 3, 'Maratha Kshatriya', b'1'),
(1760, 3, 'Maruthuvar', b'1'),
(1761, 3, 'Matang', b'1'),
(1762, 3, 'Mathur', b'1'),
(1763, 3, 'Mathur Vaishya', b'1'),
(1764, 3, 'Maurya / Shakya', b'1'),
(1765, 3, 'Meena', b'1'),
(1766, 3, 'Meenavar', b'1'),
(1767, 3, 'Meghwal', b'1'),
(1768, 3, 'Mehra', b'1'),
(1769, 3, 'Meru Darji', b'1'),
(1770, 3, 'Mochi', b'1'),
(1771, 3, 'Medak', b'1'),
(1772, 3, 'Modi', b'1'),
(1773, 3, 'Modikarlu', b'1'),
(1774, 3, 'Mogaveera', b'1'),
(1775, 3, 'Mudaliyar', b'1'),
(1776, 3, 'Mudiraj', b'1'),
(1777, 3, 'Munnuru Kapu', b'1'),
(1778, 3, 'Musukama', b'1'),
(1779, 3, 'Muthuraja', b'1'),
(1780, 3, 'Naagavamsam', b'1'),
(1781, 3, 'Nabit', b'1'),
(1782, 3, 'Nadar', b'1'),
(1783, 3, 'Nagaralu', b'1'),
(1784, 3, 'Nai', b'1'),
(1785, 3, 'Naicker', b'1'),
(1786, 3, 'Naicker - Others', b'1'),
(1787, 3, 'Naicker - Vanniya Kula Kshatriyar', b'1'),
(1788, 3, 'Naidu', b'1'),
(1789, 3, 'Naik', b'1'),
(1790, 3, 'Nair', b'1'),
(1791, 3, 'Namasudra / Namaseej', b'1'),
(1792, 3, 'Namniar', b'1'),
(1793, 3, 'Namdarlu', b'1'),
(1794, 3, 'Nanjil Mudali', b'1'),
(1795, 3, 'Nanjil Nattu Vellalar', b'1'),
(1796, 3, 'Nanjil Vellalar', b'1'),
(1797, 3, 'Nanjil Pillai', b'1'),
(1798, 3, 'Nankudi Vellalar', b'1'),
(1799, 3, 'Napit', b'1'),
(1800, 3, 'Nattu Gounder', b'1'),
(1801, 3, 'Nattukottai Chettiar', b'1'),
(1802, 3, 'Nayaka', b'1'),
(1803, 3, 'Neeli', b'1'),
(1804, 3, 'Neeli Saali', b'1'),
(1805, 3, 'Nema', b'1'),
(1806, 3, 'Nepali', b'1'),
(1807, 3, 'Nessi', b'1'),
(1808, 3, 'Nhavi', b'1'),
(1809, 3, 'Ontari', b'1'),
(1810, 3, 'Oswal', b'1'),
(1811, 3, 'Otari', b'1'),
(1812, 3, 'Othuvaar', b'1'),
(1813, 3, 'Padmasali', b'1'),
(1814, 3, 'Padmashali', b'1'),
(1815, 3, 'Padmavathi Porwal', b'1'),
(1816, 3, 'Pagadala', b'1'),
(1817, 3, 'Pal', b'1'),
(1818, 3, 'Pallan / Devandra Kula Vellalan', b'1'),
(1819, 3, 'Panan', b'1'),
(1820, 3, 'Panchal', b'1'),
(1821, 3, 'Pandaram', b'1'),
(1822, 3, 'Pandiya Vellalar', b'1'),
(1823, 3, 'Panicker', b'1'),
(1824, 3, 'Pannirandam Chettiar', b'1'),
(1825, 3, 'Paravan / Bharatar', b'1'),
(1826, 3, 'Parit', b'1'),
(1827, 3, 'Parkava Kulam', b'1'),
(1828, 3, 'Parsi', b'1'),
(1829, 3, 'Partraj', b'1'),
(1830, 3, 'Parvatha Rajakulam', b'1'),
(1831, 3, 'Pasi', b'1'),
(1832, 3, 'Paswan / Dusadh', b'1'),
(1833, 3, 'Patel', b'1'),
(1834, 3, 'Pathare Prabhu', b'1'),
(1835, 3, 'Patil', b'1'),
(1836, 3, 'Patnick / Sistakaranam', b'1'),
(1837, 3, 'Patra', b'1'),
(1838, 3, 'Pattinavar', b'1'),
(1839, 3, 'Pattusali', b'1'),
(1840, 3, 'Patwa', b'1'),
(1841, 3, 'Perika', b'1'),
(1842, 3, 'Perika / Puragiri Kshatriya', b'1'),
(1843, 3, 'Pillai', b'1'),
(1844, 3, 'Poosala', b'1'),
(1845, 3, 'Porwal', b'1'),
(1846, 3, 'Porwal / Porwar', b'1'),
(1847, 3, 'Poundra', b'1'),
(1848, 3, 'Prajapati', b'1'),
(1849, 3, 'Pulaya / Cheruman', b'1'),
(1850, 3, 'Raigar', b'1'),
(1851, 3, 'Rajaka', b'1'),
(1852, 3, 'Rajastani', b'1'),
(1853, 3, 'Rajbhar', b'1'),
(1854, 3, 'Rajbonshi', b'1'),
(1855, 3, 'Rajpurohot', b'1'),
(1856, 3, 'Rajput', b'1'),
(1857, 3, 'Ramanandi', b'1'),
(1858, 3, 'Ramdasia', b'1'),
(1859, 3, 'Ramgariah', b'1'),
(1860, 3, 'Ramoshi', b'1'),
(1861, 3, 'Rastogi', b'1'),
(1862, 3, 'Rathi', b'1'),
(1863, 3, 'Rauniar', b'1'),
(1864, 3, 'Ravidaisia', b'1'),
(1865, 3, 'Rawat', b'1'),
(1866, 3, 'Reddy', b'1'),
(1867, 3, 'Relli', b'1'),
(1868, 3, 'Ronit / Chamar', b'1'),
(1869, 3, 'Ror', b'1'),
(1870, 3, 'SC', b'1'),
(1871, 3, 'SKP', b'1'),
(1872, 3, 'ST', b'1'),
(1873, 3, 'Sadgope', b'1'),
(1874, 3, 'Sadhi Chetty', b'1'),
(1875, 3, 'Sagara (Uppara)', b'1'),
(1876, 3, 'Saha', b'1'),
(1877, 3, 'Sahu', b'1'),
(1878, 3, 'Saini', b'1'),
(1879, 3, 'Saiva Pillai Thanjavur', b'1'),
(1880, 3, 'Saiva Pillai Tirunelveli', b'1'),
(1881, 3, 'Saliya', b'1'),
(1882, 3, 'Samagar', b'1'),
(1883, 3, 'Sambava', b'1'),
(1884, 3, 'Sathwara', b'1'),
(1885, 3, 'Satnami', b'1'),
(1886, 3, 'Savji', b'1'),
(1887, 3, 'Senai Thalaivar', b'1'),
(1888, 3, 'Senguntha Mudiliyar', b'1'),
(1889, 3, 'Sengunthar / Kaikolar', b'1'),
(1890, 3, 'Settibalija', b'1'),
(1891, 3, 'Setty Balija', b'1'),
(1892, 3, 'Shaw / Sahu / Teli', b'1'),
(1893, 3, 'Shettigar', b'1'),
(1894, 3, 'Shipkar', b'1'),
(1895, 3, 'Shimpi/ Namdev', b'1'),
(1896, 3, 'Sindhi', b'1'),
(1897, 3, 'Sindhi-Amil', b'1'),
(1898, 3, 'Sindhi-Baibhand', b'1'),
(1899, 3, 'Sindhi-Bhanusali', b'1'),
(1900, 3, 'Sindhi-Bhatia', b'1'),
(1901, 3, 'Sindhi-Chhapru', b'1'),
(1902, 3, 'Sindhi-Dadu', b'1'),
(1903, 3, 'Sindhi-Hyderabadi', b'1'),
(1904, 3, 'Sindhi-Larai', b'1'),
(1905, 3, 'Sindhi-Larkana', b'1'),
(1906, 3, 'Sindhi-Lohana', b'1'),
(1907, 3, 'Sindhi-Rohiri', b'1'),
(1908, 3, 'Sindhi-Sahiti', b'1'),
(1909, 3, 'Sindhi-Sakkhar', b'1'),
(1910, 3, 'Sindhi-Sehwani', b'1'),
(1911, 3, 'Sindhi-Shikarpuri', b'1'),
(1912, 3, 'Sindhi-Thatai', b'1'),
(1913, 3, 'Sonar', b'1'),
(1914, 3, 'Soni', b'1'),
(1915, 3, 'Sonkar', b'1'),
(1916, 3, 'Sourashtra', b'1'),
(1917, 3, 'Sozhia Chetty', b'1'),
(1918, 3, 'Sozhiya Vellalar', b'1'),
(1919, 3, 'Srisayana', b'1'),
(1920, 3, 'Sugali (Naika)', b'1'),
(1921, 3, 'Sunari', b'1'),
(1922, 3, 'Sundhi', b'1'),
(1923, 3, 'Surya Balija', b'1'),
(1924, 3, 'Suthar', b'1'),
(1925, 3, 'Swakula Sali', b'1'),
(1926, 3, 'Tamboli', b'1'),
(1927, 3, 'Tanti', b'1'),
(1928, 3, 'Tantubai', b'1'),
(1929, 3, 'Telaga', b'1'),
(1930, 3, 'Teli', b'1'),
(1931, 3, 'Telugupatti', b'1'),
(1932, 3, 'Thakkar', b'1'),
(1933, 3, 'Thakore', b'1'),
(1934, 3, 'Thakur', b'1'),
(1935, 3, 'Thandan', b'1'),
(1936, 3, 'Thigala', b'1'),
(1937, 3, 'Thiyya', b'1'),
(1938, 3, 'Thiyya Thandan', b'1'),
(1939, 3, 'Thogata Veera Kshatriya', b'1'),
(1940, 3, 'Thogata Veerakshathriya', b'1'),
(1941, 3, 'Thondai Mandala Vellalar', b'1'),
(1942, 3, 'Thota', b'1'),
(1943, 3, 'Tili', b'1'),
(1944, 3, 'Togata', b'1'),
(1945, 3, 'Tonk Kshatriya', b'1'),
(1946, 3, 'Turupu Kapu', b'1'),
(1947, 3, 'Ummar / Umre / Bagaria', b'1'),
(1948, 3, 'Urali Gounder', b'1'),
(1949, 3, 'Urs', b'1'),
(1950, 3, 'Vada Baliji', b'1'),
(1951, 3, 'Vasambar', b'1'),
(1952, 3, 'Vaddera', b'1'),
(1953, 3, 'Vadugan', b'1'),
(1954, 3, 'Vaish', b'1'),
(1955, 3, 'Vaishnav', b'1'),
(1956, 3, 'Vaishanav Dishaval', b'1'),
(1957, 3, 'Vaishanav Khadyata', b'1'),
(1958, 3, 'Vaishanav Lad', b'1'),
(1959, 3, 'Vaishanav Modh', b'1'),
(1960, 3, 'Vaishanav Porvas', b'1'),
(1961, 3, 'Vaishanav Shrimali', b'1'),
(1962, 3, 'Vaishanav Sorathaiya', b'1'),
(1963, 3, 'Vaishanav Vania', b'1'),
(1964, 3, 'Vaishanav', b'1'),
(1965, 3, 'Vaishya', b'1'),
(1966, 3, 'Vaishya Vani', b'1'),
(1967, 3, 'Vallivan', b'1'),
(1968, 3, 'Vakmiki', b'1'),
(1969, 3, 'Vani', b'1'),
(1970, 3, 'Vani / Vaishya', b'1'),
(1971, 3, 'Vania', b'1'),
(1972, 3, 'Vanika Vyshaya', b'1'),
(1973, 3, 'Vaniya', b'1'),
(1974, 3, 'Vaniya Chettiar', b'1'),
(1975, 3, 'Vanjara', b'1'),
(1976, 3, 'Vanjari', b'1'),
(1977, 3, 'Vankar', b'1'),
(1978, 3, 'Vannar', b'1'),
(1979, 3, 'Vannia Kula Lshatriyar', b'1'),
(1980, 3, 'Variar', b'1'),
(1981, 3, 'Varshney', b'1'),
(1982, 3, 'Varsjney (Baraseni)', b'1'),
(1983, 3, 'Veera Shivam', b'1'),
(1984, 3, 'Veerakodi Vellala', b'1'),
(1985, 3, 'Velaan', b'1'),
(1986, 3, 'Velama', b'1'),
(1987, 3, 'Vellalar', b'1'),
(1988, 3, 'Vellan Chettiars', b'1'),
(1989, 3, 'Veluthedathu Nair', b'1'),
(1990, 3, 'Vettuva Gounder', b'1'),
(1991, 3, 'Vettuvan', b'1'),
(1992, 3, 'Vijayvargia', b'1'),
(1993, 3, 'Vilakithala Nair', b'1'),
(1994, 3, 'Vilakkithala Nair', b'1'),
(1995, 3, 'Vishwakarma', b'1'),
(1996, 3, 'Viswabramhin', b'1'),
(1997, 3, 'Vokkaliga', b'1'),
(1998, 3, 'Vysya', b'1'),
(1999, 3, 'Yadav', b'1'),
(2000, 3, 'Yadav Naidu', b'1'),
(2001, 3, 'Yellapu', b'1'),
(2002, 3, 'Other Caste', b'1'),
(2003, 3, 'Don\'t wish to Specify', b'1'),
(2004, 3, 'Avavil Bramhin', b'1'),
(2005, 3, 'Audichya Brahmin', b'1'),
(2006, 3, 'Barendra Brahmin', b'1'),
(2007, 3, 'Bharr Brahmin', b'1'),
(2008, 3, 'Bhatt Brahmin', b'1'),
(2009, 3, 'Bhumihar Brahmin', b'1'),
(2010, 3, 'Daivadnya Brahmin', b'1'),
(2011, 3, 'Danua Brahmin', b'1'),
(2012, 3, 'Deshasthu Brahmin', b'1'),
(2013, 3, 'Dhiman Brahmin', b'1'),
(2014, 3, 'Dravida Brahmin', b'1'),
(2015, 3, 'Embrandiri Brahmin', b'1'),
(2016, 3, 'Gaur Brahmin', b'1'),
(2017, 3, 'Goswami / Gosavi Brahmin', b'1'),
(2018, 3, 'Gujar Guar Brahmin', b'1'),
(2019, 3, 'Gurukkal Brahmin', b'1'),
(2020, 3, 'Havyaka Brahmin', b'1'),
(2021, 3, 'Hoysala Brahmin', b'1'),
(2022, 3, 'Iyengar Brahmin', b'1'),
(2023, 3, 'Iyer Brahmin', b'1'),
(2024, 3, 'Jangid Brahmin', b'1'),
(2025, 3, 'Jangid Brahmin', b'1'),
(2026, 3, 'Jhadua Brahmin', b'1'),
(2027, 3, 'Janyajubi Brahmin', b'1'),
(2028, 3, 'Kanyakubj Brahmin', b'1'),
(2029, 3, 'Karhade Brahmin', b'1'),
(2030, 3, 'Kokanastha Brahmin', b'1'),
(2031, 3, 'Kota Brahmin', b'1'),
(2032, 3, 'Kulin Brahmin', b'1'),
(2033, 3, 'Kumaoni Brahmin', b'1'),
(2034, 3, 'Madhwa Brahmin', b'1'),
(2035, 3, 'Maithil Brahmin', b'1'),
(2036, 3, 'Modh Brahmin', b'1'),
(2037, 3, 'Mohyal Brahmin', b'1'),
(2038, 3, 'Nagar Brahmin', b'1'),
(2039, 3, 'Namboodiri Brahmin', b'1'),
(2040, 3, 'Barmaduya Brahmin', b'1'),
(2041, 3, 'Niyogi Brahmin', b'1'),
(2042, 3, 'Panda Brahmin', b'1'),
(2043, 3, 'Pandit Brahmin', b'1'),
(2044, 3, 'Pushkarna Brahmin', b'1'),
(2045, 3, 'Pushkarna Brahmin', b'1'),
(2046, 3, 'Rarhi Brahmin', b'1'),
(2047, 3, 'Rigvedi Brahmin', b'1'),
(2048, 3, 'Rudraj Brahmin', b'1'),
(2049, 3, 'Sakaldwipi Brahmin', b'1'),
(2050, 3, 'Sanadya Brahmin', b'1'),
(2051, 3, 'Sanketi Brahmin', b'1'),
(2052, 3, 'Saraswat Brahmin', b'1'),
(2053, 3, 'Saryuparin Brahmin', b'1'),
(2054, 3, 'Shivhalli Brahmin', b'1'),
(2055, 3, 'Shrimali Brahmin', b'1'),
(2056, 3, 'Sikhwal Brahmin', b'1'),
(2057, 3, 'Sri Vaishnava Brahmin', b'1'),
(2058, 3, 'Stanika Brahmin', b'1'),
(2059, 3, 'Tyagi Brahmin', b'1'),
(2060, 3, 'Vaidiki Brahmin', b'1'),
(2061, 3, 'Vaikhanasa Brahmin', b'1'),
(2062, 3, 'Velanadu Brahmin', b'1'),
(2063, 3, 'Vyas Brahmin', b'1'),
(2064, 3, 'Shetty', b'1'),
(2065, 3, 'Mera', b'1'),
(2066, 3, 'Mukkulathor', b'1'),
(2067, 3, 'Paswan', b'1'),
(2068, 3, 'Jeer', b'1'),
(2069, 3, 'Bramhin Jijhotia', b'1'),
(2070, 3, 'Nath', b'1'),
(2071, 3, 'Koiri', b'1'),
(2072, 3, 'Bramhin Malviya', b'1'),
(2073, 3, 'Darji', b'1'),
(2074, 3, 'Amil Sindhi', b'1'),
(2075, 3, 'Baidhand Sindhi', b'1'),
(2076, 3, 'Bhanusali Sindhi', b'1'),
(2077, 3, 'Bhatia Sindhi', b'1'),
(2078, 3, 'Chhapru Sindhi', b'1'),
(2079, 3, 'Sadu Sindhi', b'1'),
(2080, 3, 'Hyderabadi Sindhi', b'1'),
(2081, 3, 'Larai Sindhi', b'1'),
(2082, 3, 'Larkana Sindhi', b'1'),
(2083, 3, 'Lohana Sindhi', b'1'),
(2084, 3, 'Rohiri Sindhi', b'1'),
(2085, 3, 'Sahiti Sindhi', b'1'),
(2086, 3, 'Sakkhar Sindhi', b'1'),
(2087, 3, 'Sehwani Sindhi', b'1'),
(2088, 3, 'Shikarpuri Sindhi', b'1'),
(2089, 3, 'Thatai Sindhi', b'1'),
(2090, 3, 'Don\'t wish to specify', b'1'),
(2091, 3, 'Naika', b'1'),
(2092, 2, 'Born Again', b'1'),
(2093, 2, 'Bretheren', b'1'),
(2094, 2, 'Church of Siuth India', b'1'),
(2095, 2, 'Evangelist', b'1'),
(2096, 2, 'Jacobite', b'1'),
(2097, 2, 'Knanaya', b'1'),
(2098, 2, 'Knanaya Catholic', b'1'),
(2099, 2, 'Knanaya Jacobite', b'1'),
(2100, 2, 'Latin Catholic', b'1'),
(2101, 2, 'Malankara Catholic', b'1'),
(2102, 2, 'Marthoma', b'1'),
(2103, 2, 'Pentecose', b'1'),
(2104, 2, 'Roman Catholic', b'1'),
(2105, 2, 'Seventh - day Adventist', b'1'),
(2106, 2, 'Syrian Catholic', b'1'),
(2107, 2, 'Syrian Jacobite', b'1'),
(2108, 2, 'Syrian Orthodox', b'1'),
(2109, 2, 'Syro Malabar', b'1'),
(2110, 2, 'Christian - Others', b'1'),
(2111, 2, 'Don\'t wish to specify', b'1'),
(2112, 4, 'Muslim - Ansari', b'1'),
(2113, 4, 'Muslim - Arain', b'1'),
(2114, 4, 'Muslim-Awan', b'1'),
(2115, 4, 'Muslim - Bohra', b'1'),
(2116, 4, 'Muslim- Dekkani', b'1'),
(2117, 4, 'Muslim- Dudekula', b'1'),
(2118, 4, 'Muslim- Hanafi', b'1'),
(2119, 4, 'Muslim- Jat', b'1'),
(2120, 4, 'Muslim-Khoja', b'1'),
(2121, 4, 'Muslim- Lebbai', b'1'),
(2122, 4, 'Muslim- Malilk', b'1'),
(2123, 4, 'Muslim-Mapila', b'1'),
(2124, 4, 'Muslim-Maraicar', b'1'),
(2125, 4, 'Muslim-Memon', b'1'),
(2126, 4, 'Muslim-Mughal', b'1'),
(2127, 4, 'Muslim-Others', b'1'),
(2128, 4, 'Muslim-Pathan', b'1'),
(2129, 4, 'Muslim-Qureshi', b'1'),
(2130, 4, 'Muslim-Rajput', b'1'),
(2131, 4, 'Muslim-Rowther', b'1'),
(2132, 4, 'Muslim-Shafi', b'1'),
(2133, 4, 'Muslim-Sheikh', b'1'),
(2134, 4, 'Muslim-Siddiqui', b'1'),
(2135, 4, 'Muslim-Syed', b'1'),
(2136, 4, 'Muslim-UnSpecified', b'1'),
(2137, 4, 'Other Caste', b'1'),
(2138, 4, 'Don\'t wish to specify', b'1'),
(2139, 5, 'Muslim - Ansari', b'1'),
(2140, 5, 'Muslim - Arain', b'1'),
(2141, 5, 'Muslim-Awan', b'1'),
(2142, 5, 'Muslim - Bohra', b'1'),
(2143, 5, 'Muslim- Dekkani', b'1'),
(2144, 5, 'Muslim- Dudekula', b'1'),
(2145, 5, 'Muslim- Hanafi', b'1'),
(2146, 5, 'Muslim- Jat', b'1'),
(2147, 5, 'Muslim-Khoja', b'1'),
(2148, 5, 'Muslim- Lebbai', b'1'),
(2149, 5, 'Muslim- Malilk', b'1'),
(2150, 5, 'Muslim-Mapila', b'1'),
(2151, 5, 'Muslim-Maraicar', b'1'),
(2152, 5, 'Muslim-Memon', b'1'),
(2153, 5, 'Muslim-Mughal', b'1'),
(2154, 5, 'Muslim-Others', b'1'),
(2155, 5, 'Muslim-Pathan', b'1'),
(2156, 5, 'Muslim-Qureshi', b'1'),
(2157, 5, 'Muslim-Rajput', b'1'),
(2158, 5, 'Muslim-Rowther', b'1'),
(2159, 5, 'Muslim-Shafi', b'1'),
(2160, 5, 'Muslim-Sheikh', b'1'),
(2161, 5, 'Muslim-Siddiqui', b'1'),
(2162, 5, 'Muslim-Syed', b'1'),
(2163, 5, 'Muslim-UnSpecified', b'1'),
(2164, 5, 'Other Caste', b'1'),
(2165, 5, 'Don\'t wish to specify', b'1'),
(2166, 6, 'Muslim - Ansari', b'1'),
(2167, 6, 'Muslim - Arain', b'1'),
(2168, 6, 'Muslim-Awan', b'1'),
(2169, 6, 'Muslim - Bohra', b'1'),
(2170, 6, 'Muslim- Dekkani', b'1'),
(2171, 6, 'Muslim- Dudekula', b'1'),
(2172, 6, 'Muslim- Hanafi', b'1'),
(2173, 6, 'Muslim- Jat', b'1'),
(2174, 6, 'Muslim-Khoja', b'1'),
(2175, 6, 'Muslim- Lebbai', b'1'),
(2176, 6, 'Muslim- Malilk', b'1'),
(2177, 6, 'Muslim-Mapila', b'1'),
(2178, 6, 'Muslim-Maraicar', b'1'),
(2179, 6, 'Muslim-Memon', b'1'),
(2180, 6, 'Muslim-Mughal', b'1'),
(2181, 6, 'Muslim-Others', b'1'),
(2182, 6, 'Muslim-Pathan', b'1'),
(2183, 6, 'Muslim-Qureshi', b'1'),
(2184, 6, 'Muslim-Rajput', b'1'),
(2185, 6, 'Muslim-Rowther', b'1'),
(2186, 6, 'Muslim-Shafi', b'1'),
(2187, 6, 'Muslim-Sheikh', b'1'),
(2188, 6, 'Muslim-Siddiqui', b'1'),
(2189, 6, 'Muslim-Syed', b'1'),
(2190, 6, 'Muslim-UnSpecified', b'1'),
(2191, 6, 'Other Caste', b'1'),
(2192, 6, 'Don\'t wish to specify', b'1'),
(2193, 8, 'Jain-Agarwal', b'1'),
(2194, 8, 'Jain-Bania', b'1'),
(2195, 8, 'Jain-Intercaste', b'1'),
(2196, 8, 'Jain-Jaiswal', b'1'),
(2197, 8, 'Jain-KVO', b'1'),
(2198, 8, 'Jain-Khandelwal', b'1'),
(2199, 8, 'Jain-Kutchi', b'1'),
(2200, 8, 'Jain-Oswal', b'1'),
(2201, 8, 'Jain-Others', b'1'),
(2202, 8, 'Jain-Porwal', b'1'),
(2203, 8, 'Jain-Unspecified', b'1'),
(2204, 8, 'Jain-Vaishya', b'1'),
(2205, 8, 'Other Caste', b'1'),
(2206, 8, 'Don\'t wish to Specify', b'1'),
(2207, 9, 'Jain-Agarwal', b'1'),
(2208, 9, 'Jain-Bania', b'1'),
(2209, 9, 'Jain-Intercaste', b'1'),
(2210, 9, 'Jain-Jaiswal', b'1'),
(2211, 9, 'Jain-KVO', b'1'),
(2212, 9, 'Jain-Khandelwal', b'1'),
(2213, 9, 'Jain-Kutchi', b'1'),
(2214, 9, 'Jain-Oswal', b'1'),
(2215, 9, 'Jain-Others', b'1'),
(2216, 9, 'Jain-Porwal', b'1'),
(2217, 9, 'Jain-Unspecified', b'1'),
(2218, 9, 'Jain-Vaishya', b'1'),
(2219, 9, 'Other Caste', b'1'),
(2220, 9, 'Don\'t wish to Specify', b'1'),
(2221, 10, 'Jain-Agarwal', b'1'),
(2222, 10, 'Jain-Bania', b'1'),
(2223, 10, 'Jain-Intercaste', b'1'),
(2224, 10, 'Jain-Jaiswal', b'1'),
(2225, 10, 'Jain-KVO', b'1'),
(2226, 10, 'Jain-Khandelwal', b'1'),
(2227, 10, 'Jain-Kutchi', b'1'),
(2228, 10, 'Jain-Oswal', b'1'),
(2229, 10, 'Jain-Others', b'1'),
(2230, 10, 'Jain-Porwal', b'1'),
(2231, 10, 'Jain-Unspecified', b'1'),
(2232, 10, 'Jain-Vaishya', b'1'),
(2233, 10, 'Other Caste', b'1'),
(2234, 10, 'Don\'t wish to Specify', b'1'),
(2235, 7, 'Sikh-Ahluwalia', b'1'),
(2236, 7, 'Sikh-Arora', b'1'),
(2237, 7, 'Sikh-Bhatia', b'1'),
(2238, 7, 'Sikh-Bhatra', b'1'),
(2239, 7, 'Sikh-Ghumar', b'1'),
(2240, 7, 'Sikh-Intercaste', b'1'),
(2241, 7, 'Sikh-Jat', b'1'),
(2242, 7, 'Sikh-Kamboj', b'1'),
(2243, 7, 'Sikh-Khatri', b'1'),
(2244, 7, 'Sikh-Kshatriya', b'1'),
(2245, 7, 'Sikh-Majabi', b'1'),
(2246, 7, 'Sikh-Nai', b'1'),
(2247, 7, 'Sikh-Others', b'1'),
(2248, 7, 'Sikh-Rajput', b'1'),
(2249, 7, 'Sikh-Ramdasia', b'1'),
(2250, 7, 'Sikh-Ramgharia', b'1'),
(2251, 7, 'Sikh-Ravidasia', b'1'),
(2252, 7, 'Sikh-Saini', b'1'),
(2253, 7, 'Sikh-Tonk Kshatriya', b'1'),
(2254, 7, 'Sikh-Unspecified', b'1'),
(2255, 7, 'Other Caste', b'1'),
(2256, 7, 'Don\'t wish to specify', b'1'),
(2257, 11, 'Intercaste', b'1'),
(2258, 11, 'Irani', b'1'),
(2259, 11, 'Parsi', b'1'),
(2260, 11, 'Other Caste', b'1'),
(2261, 11, 'Don\'t wish to Specify', b'1'),
(2262, 12, 'Other Caste', b'1'),
(2263, 12, 'Don\'t wish to Specify', b'1'),
(2264, 13, 'Other Caste', b'1'),
(2265, 13, 'Don\'t wish to Specify', b'1'),
(2266, 3, 'abc', b'1'),
(2267, 1, 'Rccc', b'1'),
(2268, 1, 'Rcccc', b'1'),
(2269, 1, 'abc', b'1'),
(2270, 5, 'abc', b'1');

-- --------------------------------------------------------

--
-- Table structure for table `castes_old`
--

CREATE TABLE `castes_old` (
  `caste_id` int(10) NOT NULL,
  `religion_id` int(20) NOT NULL,
  `caste_name` varchar(100) NOT NULL,
  `caste_status` int(10) NOT NULL DEFAULT '1'
) ENGINE=InnoDB DEFAULT CHARSET=latin1 COMMENT='Caste details of members';

--
-- Dumping data for table `castes_old`
--

INSERT INTO `castes_old` (`caste_id`, `religion_id`, `caste_name`, `caste_status`) VALUES
(1, 1, '24 Manai Telugu Chettiar', 1),
(2, 1, '96 Kuli Maratha', 1),
(3, 1, 'Aaru Nattu Vellala', 1),
(4, 1, 'Achirapakkam Chettiar', 1),
(5, 1, 'Ad Dharmi', 1),
(6, 1, 'Adi Andhra', 1),
(7, 1, 'Adi Dravidar', 1),
(8, 1, 'Adi Karnataka', 1),
(9, 1, 'Agamudayar / Arcot / Thuluva Vellala', 1),
(11, 5, 'Roman Catholic', 1),
(12, 5, 'Latin Catholic', 1),
(13, 14, 'Sikkk', 1),
(14, 1, 'test', 0),
(15, 16, 'Hindu  or Inter Religion', 1),
(16, 16, '24 Manai Telugu Chettiar', 1),
(17, 16, '96 Kuli Maratha', 1),
(18, 16, 'Aaru Nattu Vellala', 1),
(19, 16, 'Ad Dharmi', 1),
(20, 16, 'Adi Andhra', 1),
(21, 16, 'Adi Dravidar', 1),
(22, 16, 'Adi Karnataka', 1),
(23, 16, 'Agamudayar/Arcot/Thuluva Vellala', 1),
(24, 16, 'Agaram Vellan Chettiar', 1),
(25, 16, 'Agarwal', 1),
(26, 16, 'Agnikula Kshatriya', 1),
(27, 16, 'Agrahari', 1),
(28, 16, 'Agri', 1),
(29, 16, 'Ahir Shimpi', 1),
(30, 16, 'Ahirwar', 1),
(31, 16, 'Ahom', 1),
(32, 16, 'Ambalavasi', 1),
(33, 16, 'Anjana (Chowdary)Patel', 1),
(34, 16, 'Aramari / Gabit', 1),
(35, 16, 'Arekatica', 1),
(36, 16, 'Arora', 1),
(37, 16, 'Arunthathiyar', 1),
(38, 16, 'Arya Vysya', 1),
(39, 16, 'Asathi', 1),
(40, 16, 'Ayira Vysya', 1),
(41, 16, 'Ayodhyavasi', 1),
(42, 16, 'Ayodhyavasi', 1),
(43, 16, 'Budaga', 1),
(44, 16, 'Bagdi', 1),
(45, 16, 'Baidya', 1),
(46, 16, 'Bairwa', 1),
(47, 16, 'Baishbnab', 1),
(48, 16, 'Baishya', 1),
(49, 16, 'Bajantri', 1),
(50, 16, 'Balai', 1),
(51, 16, 'Balija', 1),
(52, 16, 'Balija Naidu', 1),
(53, 16, 'Balija Reddy', 1),
(54, 16, 'Banayat Oriya', 1),
(55, 16, 'Banik', 1),
(56, 16, 'Baniya', 1),
(57, 16, 'Baniya - Bania', 1),
(58, 16, 'Baniya - KUmuti', 1),
(59, 16, 'Banjara', 1),
(60, 16, 'Barai', 1),
(61, 16, 'Barnwal', 1),
(62, 16, 'Barujibi', 1),
(63, 16, 'Beri Chettiar', 1),
(64, 16, 'Besta', 1),
(65, 16, 'Bhandari', 1),
(66, 16, 'Bhaia', 1),
(67, 16, 'Bhatraju', 1),
(68, 16, 'Bhavasar Vshatriya', 1),
(69, 16, 'Bhoi', 1),
(70, 16, 'Bhovi', 1),
(71, 16, 'Bhoyar', 1),
(72, 16, 'Billava', 1),
(73, 16, 'Bishnoi / Vishnoi', 1),
(74, 16, 'Bondili', 1),
(75, 16, 'Born Again', 1),
(76, 16, 'Boyar', 1),
(77, 16, 'Brahmbatt', 1),
(78, 16, 'Brahmin - Anavil', 1),
(79, 16, 'Brahmin - Anaviln Desai', 1),
(80, 16, 'Brahmin - Audichya', 1),
(81, 16, 'Brahmin - Baidhiki / Vaidhiki', 1),
(82, 16, 'Brahmin - Bardai', 1),
(83, 16, 'Brahmin - Barendra', 1),
(84, 16, 'Brahmin - Bhargav', 1),
(85, 16, 'Brahmin - Bhatt', 1),
(86, 16, 'Brahmin - Bhumihar', 1),
(87, 16, 'Brahmin - Dadhich', 1),
(88, 16, 'Brahmin - Daivadnya', 1),
(89, 16, 'Brahmin - Danua', 1),
(90, 16, 'Brahmin - Deshastha', 1),
(91, 16, 'Brahmin - Dhiman', 1),
(92, 16, 'Brahmin - Dravida', 1),
(93, 16, 'Brahmin - Embrandiri', 1),
(94, 16, 'Brahmin - Garhwali', 1),
(95, 16, 'Brahmin - Gaur', 1),
(96, 16, 'Brahmin - Goswami / Gosavi', 1),
(97, 16, 'Brahmin - Gujar Gaur', 1),
(98, 16, 'Brahmin - Gurakkal', 1),
(99, 16, 'Brahmin - Halua', 1),
(100, 16, 'Brahmin - Havyaka', 1),
(101, 16, 'Brahmin - Hoysala', 1),
(102, 16, 'Brahmin - Iyengar', 1),
(103, 16, 'Brahmin - Iyer', 1),
(104, 16, 'Brahmin - Jabgid', 1),
(105, 16, 'Brahmin - Jhadua', 1),
(106, 16, 'Brahmin - Jyotish', 1),
(107, 16, 'Brahmin - Kanyakubi', 1),
(108, 16, 'Brahmin - Karhade', 1),
(109, 16, 'Brahmin - Khadayata', 1),
(110, 16, 'Brahmin - Khandelwal', 1),
(111, 16, 'Brahmin - Khedaval', 1),
(112, 16, 'Brahmin - Kokanastha', 1),
(113, 16, 'Brahmin - Kota', 1),
(114, 16, 'Brahmin - Koteshwara /Kota(Madhwa)', 1),
(115, 16, 'Brahmin - Kulin', 1),
(116, 16, 'Brahmin - Kumaoni', 1),
(117, 16, 'Brahmin - Madhwa', 1),
(118, 16, 'Brahmin - Madhwa', 1),
(119, 16, 'Brahmin - Maithil', 1),
(120, 16, 'Brahmin - Meveda', 1),
(121, 16, 'Brahmin - Modh', 1),
(122, 16, 'Brahmin - Mohyal', 1),
(123, 16, 'Brahmin - Nagar', 1),
(124, 16, 'Brahmin - Namboodiri', 1),
(125, 16, 'Brahmin - Narmadiya', 1),
(126, 16, 'Brahmin - Niyogi', 1),
(127, 16, 'Brahmin - Others', 1),
(128, 16, 'Brahmin - Paliwal', 1),
(129, 16, 'Brahmin - Panda', 1),
(130, 16, 'Brahmin - Pandit', 1),
(131, 16, 'Brahmin - Panicker', 1),
(132, 16, 'Brahmin - Pareek', 1),
(133, 16, 'Brahmin - Pushkarna', 1),
(134, 16, 'Brahmin - Rajgor', 1),
(135, 16, 'Brahmin - Rarhi', 1),
(136, 16, 'Brahmin - Rarhi /Radhi', 1),
(137, 16, 'Brahmin - Rigvedi', 1),
(138, 16, 'Brahmin - Rudraj', 1),
(139, 16, 'Brahmin - Sakaldwipi', 1),
(140, 16, 'Brahmin - Sanadya', 1),
(141, 16, 'Brahmin - Sanketi', 1),
(142, 16, 'Brahmin - Saraswat', 1),
(143, 16, 'Brahmin - Sarua', 1),
(144, 16, 'Brahmin - Saeyuparin', 1),
(145, 16, 'Brahmin - Shivalli (Madhva)', 1),
(146, 16, 'Brahmin - Shivhalli', 1),
(147, 16, 'Brahmin - Shri Gaud', 1),
(148, 16, 'Brahmin - Shri Mali', 1),
(149, 16, 'Brahmin - Shrimali', 1),
(150, 16, 'Brahmin - Shukla Yajurvedi', 1),
(151, 16, 'Brahmin - Sikhwal', 1),
(152, 16, 'Brahmin - Smartha', 1),
(153, 16, 'Brahmin - Sri Vaishnava', 1),
(154, 16, 'Brahmin - Stanila', 1),
(155, 16, 'Brahmin - Tapodhan', 1),
(156, 16, 'Brahmin - Tyagi', 1),
(157, 16, 'Brahmin - Vaidiki', 1),
(158, 16, 'Brahmin - Vaikhanasa', 1),
(159, 16, 'Brahmin - Valam', 1),
(160, 16, 'Brahmin - Velanadu', 1),
(161, 16, 'Brahmin - Vyas', 1),
(162, 16, 'Brahmin - Zalora', 1),
(163, 16, 'Brajastha Maithil', 1),
(164, 16, 'Bunt (Shetty)', 1),
(165, 16, 'CKP', 1),
(166, 16, 'Chalawadi and Holeya', 1),
(167, 16, 'Chambhar', 1),
(168, 16, 'Chandravanishi Kahar', 1),
(169, 16, 'Chasa', 1),
(170, 16, 'Chattada Sri Vaishnava', 1),
(171, 16, 'Chaturth', 1),
(172, 16, 'Chaudary', 1),
(173, 16, 'Chaurasia', 1),
(174, 16, 'Chennadasar', 1),
(175, 16, 'Cjerukula Vellalar', 1),
(176, 16, 'Chettiar', 1),
(177, 16, 'Chhetri', 1),
(178, 16, 'Chippolu(Mera)', 1),
(179, 16, 'Choudary', 1),
(180, 16, 'Coorgi', 1),
(181, 16, 'Deshmukh', 1),
(182, 16, 'Desikar', 1),
(183, 16, 'Desikar Thanjuvur', 1),
(184, 16, 'Devadiga', 1),
(185, 16, 'Devandra Kula Vellalar', 1),
(186, 16, 'Devang Koshthi', 1),
(187, 16, 'Devanga', 1),
(188, 16, 'Devanga Chettiar', 1),
(189, 16, 'Devar / Thevar /Mukkulathor', 1),
(190, 16, 'Devrukhe Brahmin', 1),
(191, 16, 'Dhanak', 1),
(192, 16, 'Dhangar', 1),
(193, 16, 'Dheevara', 1),
(194, 16, 'Dhiman', 1),
(195, 16, 'Dhobi', 1),
(196, 16, 'Dhor /Dusra', 1),
(197, 16, 'Dumal', 1),
(198, 16, 'Dusadh (Paswan)', 1),
(199, 16, 'Ediga', 1),
(200, 16, 'Ediga / Goud (Balija)', 1),
(201, 16, 'Elur Chetty', 1),
(202, 16, 'Ezhava', 1),
(203, 16, 'Ezhava Panciker', 1),
(204, 16, 'Ezhuthachan', 1),
(205, 16, 'Gabit', 1),
(206, 16, 'Gahoi', 1),
(207, 16, 'Gajula / Kavarai', 1),
(208, 16, 'Ganda', 1),
(209, 16, 'Gandha Vanika', 1),
(210, 16, 'Gandla', 1),
(211, 16, 'Gandla / Ganiga', 1),
(212, 16, 'Ganiga', 1),
(213, 16, 'Garhwall', 1),
(214, 16, 'Gatti', 1),
(215, 16, 'Gavara', 1),
(216, 16, 'Gawali', 1),
(217, 16, 'Ghisadi', 1),
(218, 16, 'Ghumar', 1),
(219, 16, 'Goala', 1),
(220, 16, 'Goan', 1),
(221, 16, 'Gomantak', 1),
(222, 16, 'Gondhali', 1),
(223, 16, 'Goud', 1),
(224, 16, 'Gounder', 1),
(225, 16, 'Gounder - Kongu Vellala Gounder', 1),
(226, 16, 'Gounder - Nattu Guunder', 1),
(227, 16, 'Gounder - Others', 1),
(228, 16, 'Gounder - Urali Gounder', 1),
(229, 16, 'Gounder - Vanniya Kula Kshatriyar', 1),
(230, 16, 'Gounder - Vettuva Gounder', 1),
(231, 16, 'Gowda', 1),
(232, 16, 'Gowda - Kuruba gowda', 1),
(233, 16, 'Gramani', 1),
(234, 16, 'Gudia', 1),
(235, 16, 'Gujjar', 1),
(236, 16, 'Gulahre', 1),
(237, 16, 'Gupta', 1),
(238, 16, 'Guptan', 1),
(239, 16, 'Gurav', 1),
(240, 16, 'Gurjar', 1),
(241, 16, 'Haihavanshi', 1),
(242, 16, 'Halba Koshti', 1),
(243, 16, 'Helava', 1),
(244, 16, 'Hugar(Jeer)', 1),
(245, 16, 'IIIaththu Pillai', 1),
(246, 16, 'Intercaste', 1),
(247, 16, 'Irani', 1),
(248, 16, 'Isai Vellalar', 1),
(249, 16, 'Jaalari', 1),
(250, 16, 'Jaiswal', 1),
(251, 16, 'Jandra', 1),
(252, 16, 'Jangam', 1),
(253, 16, 'Jangra - Brahmin', 1),
(254, 16, 'Jangra - Brahmin', 1),
(255, 16, 'Jat', 1),
(256, 16, 'Jatav', 1),
(257, 16, 'Jetty / Malla', 1),
(258, 16, 'Jhadav', 1),
(259, 16, 'Jijhotia Brahmin', 1),
(260, 16, 'Jogi (Nath)', 1),
(261, 16, 'Jogi (Nath)', 0),
(262, 16, 'Kachara', 1),
(263, 16, 'Kadava Patel', 1),
(264, 16, 'Kaibarta', 1),
(265, 16, 'Kaikaala', 1),
(266, 16, 'Kalal', 1),
(267, 16, 'Kalanji', 1),
(268, 16, 'Kalar', 1),
(269, 16, 'Kalinga', 1),
(270, 16, 'Kalinga Vysya', 1),
(271, 16, 'Kalita', 1),
(272, 16, 'Kalwar', 1),
(273, 16, 'Kamboj', 1),
(274, 16, 'Kamma', 1),
(275, 16, 'Kamma Naidu', 1),
(276, 16, 'Kanakkan Padanna', 1),
(277, 16, 'Kandara', 1),
(278, 16, 'Kanasari', 1),
(279, 16, 'Kanykubj Bania', 1),
(280, 16, 'Kapu', 1),
(281, 16, 'Kapu Naidu', 1),
(282, 16, 'Kapu Reddy', 1),
(283, 16, 'Karakala Bhakthula', 1),
(284, 16, 'Karana', 1),
(285, 16, 'Karkathar', 1),
(286, 16, 'Karani Bhakthula', 1),
(287, 16, 'Karuneegar', 1),
(288, 16, 'Kasar', 1),
(289, 16, 'Kasaundhan', 1),
(290, 16, 'Kashyap', 1),
(291, 16, 'Kasukara', 1),
(292, 16, 'Katiya', 1),
(293, 16, 'Kavara', 1),
(294, 16, 'Kavuthiyya / Ezhavathy', 1),
(295, 16, 'Kayastha', 1),
(296, 16, 'Kayastha (Bengali)', 1),
(297, 16, 'Kerala Mudali', 1),
(298, 16, 'Keshri (Kesarwani)', 1),
(299, 16, 'Khandayat', 1),
(300, 16, 'Khandelwal', 1),
(301, 16, 'Kharwa', 1),
(302, 16, 'Kharwar', 1),
(303, 16, 'Kharwar', 1),
(304, 16, 'Khatik', 1),
(305, 16, 'Kirar', 1),
(306, 16, 'Kirar', 1),
(307, 16, 'Kodikal Pillai', 1),
(308, 16, 'Kokanastha Maratha', 1),
(309, 16, 'Koli', 1),
(310, 16, 'Koli Madhadev', 1),
(311, 16, 'Koli Patel', 1),
(312, 16, 'Komati / Arya Vaishya', 1),
(313, 16, 'Kongu Chettiar', 1),
(314, 16, 'Kongu Nadar', 1),
(315, 16, 'Kongu Vellala Gounder', 1),
(316, 16, 'Konkani', 1),
(317, 16, 'Korama', 1),
(318, 16, 'Kori', 1),
(319, 16, 'Kori / Koli', 1),
(320, 16, 'Kosthi', 1),
(321, 16, 'Krishnavaka', 1),
(322, 16, 'Kshatriya', 1),
(323, 16, 'Kshatriya Kurmi', 1),
(324, 16, 'Kshatriya Raju', 1),
(325, 16, 'Kudumbi', 1),
(326, 16, 'Kulal', 1),
(327, 16, 'Kulalar', 1),
(328, 16, 'Kilita', 1),
(329, 16, 'Kumaoni Rajput', 1),
(330, 16, 'Kumawat', 1),
(331, 16, 'Kumbhakar', 1),
(332, 16, 'Kumbhar', 1),
(333, 16, 'Kumhar', 1),
(334, 16, 'Kummari', 1),
(335, 16, 'Kunbi', 1),
(336, 16, 'Kunbi Lonari', 1),
(337, 16, 'Kunbi Maratha', 1),
(338, 16, 'Kunbi Tirale', 1),
(339, 16, 'Kuravan', 1),
(340, 16, 'Kurmi', 1),
(341, 16, 'Kurmi / Kurmi Kshatriya', 1),
(342, 16, 'Kurni', 1),
(343, 16, 'Kuruba', 1),
(344, 16, 'Kuruhina Shetty', 1),
(345, 16, 'Kuruhini CHetty', 1),
(346, 16, 'Kurumbar', 1),
(347, 16, 'Kuruva', 1),
(348, 16, 'Kushwaha (Koiri)', 1),
(349, 16, 'Kurchi', 1),
(350, 16, 'Lad', 1),
(351, 16, 'Lambadi', 1),
(352, 16, 'Leva patel', 1),
(353, 16, 'Linga Balija', 1),
(354, 16, 'Lingayath', 1),
(355, 16, 'Lodhi Rajput', 1),
(356, 16, 'Lohana', 1),
(357, 16, 'Lohar', 1),
(358, 16, 'Loniya', 1),
(359, 16, 'Lubana', 1),
(360, 16, 'Madhesiya / Kani / Halwai', 1),
(361, 16, 'Madiga', 1),
(362, 16, 'Mahakan', 1),
(363, 16, 'Mahar', 1),
(364, 16, 'Mahendra', 1),
(365, 16, 'Maheswari', 1),
(366, 16, 'Maheswari / Meshri', 1),
(367, 16, 'Mahishya', 1),
(368, 16, 'Mahor', 1),
(369, 16, 'Mahuri', 1),
(370, 16, 'Mair Rajput Swarnkar', 1),
(371, 16, 'Majabi', 1),
(372, 16, 'Mala', 1),
(373, 16, 'Mali', 1),
(374, 16, 'Mallah', 1),
(375, 16, 'Malviya Bramhim', 1),
(376, 16, 'Malwani', 1),
(377, 16, 'Mangalorean', 1),
(378, 16, 'Manipuri', 1),
(379, 16, 'Manjapidur Chettiar', 1),
(380, 16, 'Mannan / Velan / Vannan', 1),
(381, 16, 'Mapila', 1),
(382, 16, 'Maratha', 1),
(383, 16, 'Maratha Kshatriya', 1),
(384, 16, 'Maruthuvar', 1),
(385, 16, 'Matang', 1),
(386, 16, 'Mathur', 1),
(387, 16, 'Mathur Vaishya', 1),
(388, 16, 'Maurya / Shakya', 1),
(389, 16, 'Meena', 1),
(390, 16, 'Meenavar', 1),
(391, 16, 'Meghwal', 1),
(392, 16, 'Mehra', 1),
(393, 16, 'Meru Darji', 1),
(394, 16, 'Mochi', 1),
(395, 16, 'Medak', 1),
(396, 16, 'Modi', 1),
(397, 16, 'Modikarlu', 1),
(398, 16, 'Mogaveera', 1),
(399, 16, 'Mudaliyar', 1),
(400, 16, 'Mudiraj', 1),
(401, 16, 'Munnuru Kapu', 1),
(402, 16, 'Musukama', 1),
(403, 16, 'Muthuraja', 1),
(404, 16, 'Naagavamsam', 1),
(405, 16, 'Nabit', 1),
(406, 16, 'Nadar', 1),
(407, 16, 'Nagaralu', 1),
(408, 16, 'Nai', 1),
(409, 16, 'Naicker', 1),
(410, 16, 'Naicker - Others', 1),
(411, 16, 'Naicker - Vanniya Kula Kshatriyar', 1),
(412, 16, 'Naidu', 1),
(413, 16, 'Naik', 1),
(414, 16, 'Nair', 1),
(415, 16, 'Namasudra / Namaseej', 1),
(416, 16, 'Namniar', 1),
(417, 16, 'Namdarlu', 1),
(418, 16, 'Nanjil Mudali', 1),
(419, 16, 'Nanjil Nattu Vellalar', 1),
(420, 16, 'Nanjil Vellalar', 1),
(421, 16, 'Nanjil Pillai', 1),
(422, 16, 'Nankudi Vellalar', 1),
(423, 16, 'Napit', 1),
(424, 16, 'Nattu Gounder', 1),
(425, 16, 'Nattukottai Chettiar', 1),
(426, 16, 'Nayaka', 1),
(427, 16, 'Neeli', 1),
(428, 16, 'Neeli Saali', 1),
(429, 16, 'Nema', 1),
(430, 16, 'Nepali', 1),
(431, 16, 'Nessi', 1),
(432, 16, 'Nhavi', 1),
(433, 16, 'Ontari', 1),
(434, 16, 'Oswal', 1),
(435, 16, 'Otari', 1),
(436, 16, 'Othuvaar', 1),
(437, 16, 'Padmasali', 1),
(438, 16, 'Padmashali', 1),
(439, 16, 'Padmavathi Porwal', 1),
(440, 16, 'Pagadala', 1),
(441, 16, 'Pal', 1),
(442, 16, 'Pallan / Devandra Kula Vellalan', 1),
(443, 16, 'Panan', 1),
(444, 16, 'Panchal', 1),
(445, 16, 'Pandaram', 1),
(446, 16, 'Pandiya Vellalar', 1),
(447, 16, 'Panicker', 1),
(448, 16, 'Pannirandam Chettiar', 1),
(449, 16, 'Paravan / Bharatar', 1),
(450, 16, 'Parit', 1),
(451, 16, 'Parkava Kulam', 1),
(452, 16, 'Parsi', 1),
(453, 16, 'Partraj', 1),
(454, 16, 'Parvatha Rajakulam', 1),
(455, 16, 'Pasi', 1),
(456, 16, 'Paswan / Dusadh', 1),
(457, 16, 'Patel', 1),
(458, 16, 'Pathare Prabhu', 1),
(459, 16, 'Patil', 1),
(460, 16, 'Patnick / Sistakaranam', 1),
(461, 16, 'Patra', 1),
(462, 16, 'Pattinavar', 1),
(463, 16, 'Pattusali', 1),
(464, 16, 'Patwa', 1),
(465, 16, 'Perika', 1),
(466, 16, 'Perika / Puragiri Kshatriya', 1),
(467, 16, 'Pillai', 1),
(468, 16, 'Poosala', 1),
(469, 16, 'Porwal', 1),
(470, 16, 'Porwal / Porwar', 1),
(471, 16, 'Poundra', 1),
(472, 16, 'Prajapati', 1),
(473, 16, 'Pulaya / Cheruman', 1),
(474, 16, 'Raigar', 1),
(475, 16, 'Rajaka', 1),
(476, 16, 'Rajastani', 1),
(477, 16, 'Rajbhar', 1),
(478, 16, 'Rajbonshi', 1),
(479, 16, 'Rajpurohot', 1),
(480, 16, 'Rajput', 1),
(481, 16, 'Ramanandi', 1),
(482, 16, 'Ramdasia', 1),
(483, 16, 'Ramgariah', 1),
(484, 16, 'Ramoshi', 1),
(485, 16, 'Rastogi', 1),
(486, 16, 'Rathi', 1),
(487, 16, 'Rauniar', 1),
(488, 16, 'Ravidaisia', 1),
(489, 16, 'Rawat', 1),
(490, 16, 'Reddy', 1),
(491, 16, 'Relli', 1),
(492, 16, 'Ronit / Chamar', 1),
(493, 16, 'Ronit / Chamar', 1),
(494, 16, 'Ror', 1),
(495, 16, 'SC', 1),
(496, 16, 'SKP', 1),
(497, 16, 'SKP', 1),
(498, 16, 'ST', 1),
(499, 16, 'Sadgope', 1),
(500, 16, 'Sadhi Chetty', 1),
(501, 16, 'Sagara (Uppara)', 1),
(502, 16, 'Saha', 1),
(503, 16, 'Sahu', 1),
(504, 16, 'Saini', 1),
(505, 16, 'Saiva Pillai Thanjavur', 1),
(506, 16, 'Saiva Pillai Tirunelveli', 1),
(507, 16, 'Saliya', 1),
(508, 16, 'Samagar', 1),
(509, 16, 'Sambava', 1),
(510, 16, 'Sathwara', 1),
(511, 16, 'Satnami', 1),
(512, 16, 'Savji', 1),
(513, 16, 'Senai Thalaivar', 1),
(514, 16, 'Senguntha Mudiliyar', 1),
(515, 16, 'Sengunthar / Kaikolar', 1),
(516, 16, 'Settibalija', 1),
(517, 16, 'Setty Balija', 1),
(518, 16, 'Shaw / Sahu / Teli', 1),
(519, 16, 'Shettigar', 1),
(520, 16, 'Shipkar', 1),
(521, 16, 'Shimpi/ Namdev', 1),
(522, 16, 'Sindhi', 1),
(523, 16, 'Sindhi-Amil', 1),
(524, 16, 'Sindhi-Baibhand', 1),
(525, 16, 'Sindhi-Bhanusali', 1),
(526, 16, 'Sindhi-Bhatia', 1),
(527, 16, 'Sindhi-Chhapru', 1),
(528, 16, 'Sindhi-Dadu', 1),
(529, 16, 'Sindhi-Hyderabadi', 1),
(530, 16, 'Sindhi-Larai', 1),
(531, 16, 'Sindhi-Larkana', 1),
(532, 16, 'Sindhi-Lohana', 1),
(533, 16, 'Sindhi-Rohiri', 1),
(534, 16, 'Sindhi-Sahiti', 1),
(535, 16, 'Sindhi-Sakkhar', 1),
(536, 16, 'Sindhi-Sehwani', 1),
(537, 16, 'Sindhi-Shikarpuri', 1),
(538, 16, 'Sindhi-Thatai', 1),
(539, 16, 'Sonar', 1),
(540, 16, 'Soni', 1),
(541, 16, 'Sonkar', 1),
(542, 16, 'Sourashtra', 1),
(543, 16, 'Sozhia Chetty', 1),
(544, 16, 'Sozhiya Vellalar', 1),
(545, 16, 'Srisayana', 1),
(546, 16, 'Sugali (Naika)', 1),
(547, 16, 'Sunari', 1),
(548, 16, 'Sundhi', 1),
(549, 16, 'Surya Balija', 1),
(550, 16, 'Suthar', 1),
(551, 16, 'Swakula Sali', 1),
(552, 16, 'Tamboli', 1),
(553, 16, 'Tanti', 1),
(554, 16, 'Tantubai', 1),
(555, 16, 'Telaga', 1),
(556, 16, 'Teli', 1),
(557, 16, 'Telugupatti', 1),
(558, 16, 'Thakkar', 1),
(559, 16, 'Thakore', 1),
(560, 16, 'Thakur', 1),
(561, 16, 'Thandan', 1),
(562, 16, 'Thigala', 1),
(563, 16, 'Thiyya', 1),
(564, 16, 'Thiyya Thandan', 1),
(565, 16, 'Thogata Veera Kshatriya', 1),
(566, 16, 'Thogata Veerakshathriya', 1),
(567, 16, 'Thondai Mandala Vellalar', 1),
(568, 16, 'Thota', 1),
(569, 16, 'Tili', 1),
(570, 16, 'Togata', 1),
(571, 16, 'Tonk Kshatriya', 1),
(572, 16, 'Turupu Kapu', 1),
(573, 16, 'Ummar / Umre / Bagaria', 1),
(574, 16, 'Urali Gounder', 1),
(575, 16, 'Urs', 1),
(576, 16, 'Vada Baliji', 1),
(577, 16, 'Vasambar', 1),
(578, 16, 'Vaddera', 1),
(579, 16, 'Vadugan', 1),
(580, 16, 'Vaish', 1),
(581, 16, 'Vaishnav', 1),
(582, 16, 'Vaishanav Dishaval', 1),
(583, 16, 'Vaishanav Khadyata', 1),
(584, 16, 'Vaishanav Lad', 1),
(585, 16, 'Vaishanav Modh', 1),
(586, 16, 'Vaishanav Porvas', 1),
(587, 16, 'Vaishanav Shrimali', 1),
(588, 16, 'Vaishanav Sorathaiya', 1),
(589, 16, 'Vaishanav Vania', 1),
(590, 16, 'Vaishanav ', 1),
(591, 16, 'Vaishya', 1),
(592, 16, 'Vaishya Vani', 1),
(593, 16, 'Vallivan', 1),
(594, 16, 'Vakmiki', 1),
(595, 16, 'Vakmiki', 1),
(596, 16, 'Vani', 1),
(597, 16, 'Vani / Vaishya', 1),
(598, 16, 'Vania', 1),
(599, 16, 'Vanika Vyshaya', 1),
(600, 16, 'Vaniya', 1),
(601, 16, 'Vaniya Chettiar', 1),
(602, 16, 'Vanjara', 1),
(603, 16, 'Vanjari', 1),
(604, 16, 'Vankar', 1),
(605, 16, 'Vannar', 1),
(606, 16, 'Vannia Kula Lshatriyar', 1),
(607, 16, 'Variar', 1),
(608, 16, 'Varshney', 1),
(609, 16, 'Varsjney (Baraseni)', 1),
(610, 16, 'Veera Shivam', 1),
(611, 16, 'Veerakodi Vellala', 1),
(612, 16, 'Velaan', 1),
(613, 16, 'Velama', 1),
(614, 16, 'Vellalar', 1),
(615, 16, 'Vellan Chettiars', 1),
(616, 16, 'Veluthedathu Nair', 1),
(617, 16, 'Vettuva Gounder', 1),
(618, 16, 'Vettuvan', 1),
(619, 16, 'Vijayvargia', 1),
(620, 16, 'Vilakithala Nair', 1),
(621, 16, 'Vilakkithala Nair', 1),
(622, 16, 'Vishwakarma', 1),
(623, 16, 'Viswabramhin', 1),
(624, 16, 'Vokkaliga', 1),
(625, 16, 'Vysya', 1),
(626, 16, 'Yadav', 1),
(627, 16, 'Yadav Naidu', 1),
(628, 16, 'Yellapu', 1),
(629, 16, 'Yellapu', 1),
(630, 16, 'Other Caste', 1),
(631, 16, 'Don\'t wish to Specify', 1);

-- --------------------------------------------------------

--
-- Table structure for table `cities`
--

CREATE TABLE `cities` (
  `city_id` int(20) NOT NULL,
  `city_name` varchar(100) DEFAULT NULL,
  `state_id` int(20) NOT NULL,
  `country_id` int(20) NOT NULL DEFAULT '1',
  `city_status` int(10) NOT NULL DEFAULT '1'
) ENGINE=InnoDB DEFAULT CHARSET=latin1 COMMENT='Details of cities';

--
-- Dumping data for table `cities`
--

INSERT INTO `cities` (`city_id`, `city_name`, `state_id`, `country_id`, `city_status`) VALUES
(1, 'Ernakulam', 19, 1, 1),
(2, 'Calicut', 19, 1, 1),
(3, 'Trivandrum', 19, 1, 1),
(4, 'Alappuzha', 19, 1, 1),
(5, 'australia', 0, 0, 0),
(6, 'wayanad', 19, 1, 0),
(7, 'shaju city', 121, 203, 0),
(8, 'Anantapur', 2, 1, 1),
(9, 'Chittoor', 2, 1, 1),
(10, 'East Godavari', 2, 1, 1),
(11, 'Guntur', 2, 1, 1),
(12, 'Kadapa', 2, 1, 1),
(13, 'Krishna', 2, 1, 1),
(14, 'Kurnool', 2, 1, 1),
(15, 'Nellore', 2, 1, 1),
(16, 'Prakasam District', 2, 1, 1),
(17, 'Srikakulam', 2, 1, 1),
(18, 'Visakhapatnam', 2, 1, 1),
(19, 'Vizianagaram', 2, 1, 1),
(20, 'West Godavari', 2, 1, 1),
(21, 'Adilabad', 33, 1, 1),
(22, 'Bhadradri District', 33, 1, 1),
(23, 'Hyderabad', 33, 1, 1),
(24, 'Jagtial', 33, 1, 1),
(25, 'Jangaon', 33, 1, 1),
(26, 'Jayashankar', 33, 1, 1),
(27, 'Jogulamba', 33, 1, 1),
(28, 'Kamareddy', 33, 1, 1),
(29, 'Karimnagar', 33, 1, 1),
(30, 'Khammam', 33, 1, 1),
(31, 'Komaram Bheem', 33, 1, 1),
(32, 'Mahabubabad', 33, 1, 1),
(33, 'Mahabubnagar', 33, 1, 1),
(34, 'Mancherial', 33, 1, 1),
(35, 'Medak', 33, 1, 1),
(36, 'Medchal', 33, 1, 1),
(37, 'Nagarkurnool', 33, 1, 1),
(38, 'Nalgonda', 33, 1, 1),
(39, 'Nirmal', 33, 1, 1),
(40, 'Nizamabad', 33, 1, 1),
(41, 'Peddapalli', 33, 1, 1),
(42, 'Rajanna Sircilla', 33, 1, 1),
(43, 'Ranga Reddy', 33, 1, 1),
(44, 'Sangareddy', 33, 1, 1),
(45, 'Siddipet', 33, 1, 1),
(46, 'Suryapet', 33, 1, 1),
(47, 'Vikarabad', 33, 1, 1),
(48, 'Wanaparthy', 33, 1, 1),
(49, 'Warangal Rural', 33, 1, 1),
(50, 'Warangal Urban', 33, 1, 1),
(51, 'Yadadri', 33, 1, 1),
(52, 'wales', 123, 6, 1),
(53, 'Testtest', 19, 1, 0),
(54, 'desaff', 127, 5, 1);

-- --------------------------------------------------------

--
-- Table structure for table `classifieds_ads`
--

CREATE TABLE `classifieds_ads` (
  `ad_id` int(50) NOT NULL,
  `provider_id` int(50) NOT NULL,
  `ad_unique` varchar(50) NOT NULL,
  `ad_company` varchar(400) NOT NULL,
  `ad_contact` varchar(400) NOT NULL,
  `ad_mobile` varchar(250) NOT NULL,
  `ad_email` varchar(100) NOT NULL,
  `ad_website` varchar(700) DEFAULT NULL,
  `ad_address` varchar(500) NOT NULL,
  `ad_country` int(20) NOT NULL,
  `ad_state` int(20) NOT NULL,
  `ad_city` int(20) NOT NULL,
  `ad_description` longtext NOT NULL,
  `ad_datetime` datetime NOT NULL,
  `ad_status` int(11) NOT NULL,
  `ad_delete_status` int(11) NOT NULL DEFAULT '1'
) ENGINE=InnoDB DEFAULT CHARSET=latin1;

--
-- Dumping data for table `classifieds_ads`
--

INSERT INTO `classifieds_ads` (`ad_id`, `provider_id`, `ad_unique`, `ad_company`, `ad_contact`, `ad_mobile`, `ad_email`, `ad_website`, `ad_address`, `ad_country`, `ad_state`, `ad_city`, `ad_description`, `ad_datetime`, `ad_status`, `ad_delete_status`) VALUES
(1, 75, 'F7MGC41y', 'FX Hub Weddings', 'Abhi', '9447413883', 'classi1@gmail.com', 'www.fxhub.com/', ' Kothamangalam, Kerala 686691', 1, 19, 1, 'hellos', '2017-01-16 20:03:32', 1, 1),
(2, 75, 'ZvNYOroC', 'FX Hub Weddings -Cochin', 'Ajith', '9447413883', 'classi1@gmail.com', 'www.fxhub.com/', ' Kothamangalam, Kerala 686691', 1, 19, 1, 'It is a long established fact that a reader will be distracted by the readable content of a page when looking at its layout. The point of using Lorem Ipsum is that it has a more-or-less normal distribution of letters, as opposed to using \'Content here, content here\', making it look like readable English.', '2017-01-17 10:04:39', 1, 1),
(3, 75, 'KytyQLmZ', 'FX Hub Weddings', 'Ammu', '9447413883', 'classi1@gmail.com', 'www.fxhub.com/', ' Kothamangalam, Kerala 686691', 1, 19, 1, 'Hewlo ples contact me', '2017-01-20 10:47:22', 1, 1),
(4, 143, 'nITmRi2C', 'Techs Events', 'Avinash', '9567783111', 'techs@gmail.com', 'http://192.168.138.31/Akhil/Wedding_web_akhil/classifieds/home/post_ads', 'Alappuzha PO, Alappuzha', 1, 19, 4, 'Lorem Ipsum is simply dummy text of the printing and typesetting industry. Lorem Ipsum has been the industry\'s standard dummy text ever since the 1500s, when an unknown printer took a galley of type and scrambled it to make a type specimen book. It has survived not only five centuries, but also the leap into electronic typesetting, remaining essentially unchanged. It was popularised in the 1960s with the release of Letraset sheets containing Lorem Ipsum passages, and more recently with desktop publishing software like Aldus PageMaker including versions of Lorem Ipsum.', '2017-02-06 10:46:20', 1, 1),
(5, 143, 'K7k02KiR', 'Big Deals - on Jewellery', 'Akash', '9567783111', 'techs@gmail.com', 'www.test.com/ddd.json', 'Alappuzha PO, Alappuzha', 1, 19, 4, '123456', '2017-02-06 12:15:01', 0, 1),
(8, 162, 'F5CGej28', 'testing', 'jai', '122334455678', 'test123@gmail.com', 'http://www.telugucatholicmatrimony.com/', 'ewsrfref rfegtre5yrtgg', 1, 19, 4, 'test', '2017-02-08 18:40:40', 1, 0),
(9, 162, '6lHKzTH3', 'testing', 'jai', '1223344555', 'test123@gmail.com', 'http://www.telugucatholicmatrimony.com/', 'ewsrfref rfegtre5y', 1, 19, 1, 'test 12345', '2017-02-09 12:49:56', 0, 0),
(10, 167, '9qK3U23T', 'daniel', 'daniel', '7894561233', 'special@gmail.com', 'http://specialevents.com/weddings/', 'News and trends for professional wedding planners and coordinators on wedding design and business management', 1, 19, 1, 'News and trends for professional wedding planners and coordinators on wedding design and business management', '2017-02-09 16:35:49', 1, 1),
(11, 167, 'hcsKBC4P', 'daniel', 'daniel', '7894561233', 'special@gmail.com', 'http://specialevents.com/weddings/', 'News and trends for professional wedding planners and coordinators on wedding design and business management', 1, 19, 1, 'News and trends for professional wedding planners and coordinators on wedding design and business management', '2017-02-09 16:40:59', 1, 0),
(12, 167, 'ypRQbtqK', 'daniel', 'daniel', '7894561233', 'special@gmail.com', 'http://specialevents.com/weddings/', 'News and trends for professional wedding planners and coordinators on wedding design and business management', 1, 19, 1, 'News and trends for professional wedding planners and coordinators on wedding design and business management', '2017-02-13 17:56:59', 1, 1),
(13, 207, 'iN9Vi53o', 'eventia', 'eventia', '4535353', 'eventia@gmail.com', 'http://www.eventia.in//', 'Eventia is a story of 11 teenage friends, who made a good team in their school and locality, enthusiastic about conducting and organizing events around them. As time passed they carried on with their lives, with their higher studies. They missed each others’ companies a lot and found a way to get united again. To be together, they converted their passion of organizing events, a creative way, into a business.', 1, 19, 4, 'http://www.eventia.in/', '2017-02-13 18:50:46', 1, 1),
(14, 172, 'Z1sP0CJA', 'Amazing Stage Decorations - Cochin Events', 'Abijith', '9898987845', 'kochi@gmail.com', 'http://www.kochi.com/', 'Cochin', 1, 19, 1, 'The Name Red Carpet has been chosen wisely, we spread it in front of you to realize your dream events. MICE, Weddings, Birthday parties,Conferences, Employee Meets, BTL & Brand activations are to name a few of the services. . Established in the year 2002, at Kochi, the commercial capital of Kerala, Red Carpet Events has now branches all across Kerala and associates all over India, to make an event happen right in front of you.', '2017-02-17 14:58:35', 1, 1),
(15, 256, 'zTH3URC1', 'chandy', 'chandy', '3542354540', 'test@gmail.com', 'http://www.test.com/', ' edryery ery eyeyeryeryeryery', 1, 19, 1, 'bgd hdfh dfh dhfdhdfh dfhdfh dfhsdfh dh dfh 6636356jru     gsdgsd@#!$#$ dfgdfg dfgdfgdfg', '2017-02-25 11:42:17', 1, 1);

-- --------------------------------------------------------

--
-- Table structure for table `classifieds_ads_categories`
--

CREATE TABLE `classifieds_ads_categories` (
  `ads_category_id` int(50) NOT NULL,
  `ad_id` int(50) NOT NULL,
  `category_id` int(50) NOT NULL
) ENGINE=InnoDB DEFAULT CHARSET=latin1;

--
-- Dumping data for table `classifieds_ads_categories`
--

INSERT INTO `classifieds_ads_categories` (`ads_category_id`, `ad_id`, `category_id`) VALUES
(1, 1, 6),
(2, 1, 14),
(3, 1, 13),
(4, 2, 16),
(5, 2, 48),
(6, 2, 70),
(7, 3, 12),
(8, 3, 19),
(9, 3, 38),
(10, 3, 39),
(11, 4, 17),
(12, 4, 21),
(13, 4, 41),
(14, 5, 12),
(15, 5, 19),
(16, 5, 38),
(17, 5, 39),
(18, 5, 61),
(19, 6, 21),
(20, 6, 28),
(21, 7, 3),
(22, 7, 12),
(23, 8, 3),
(24, 9, 6),
(25, 9, 3),
(26, 9, 9),
(27, 10, 12),
(28, 10, 15),
(29, 10, 16),
(30, 11, 12),
(31, 11, 15),
(32, 11, 16),
(33, 12, 12),
(34, 12, 13),
(35, 13, 16),
(36, 13, 40),
(37, 14, 56),
(38, 14, 57),
(39, 15, 9),
(40, 15, 16),
(41, 15, 56),
(42, 15, 71);

-- --------------------------------------------------------

--
-- Table structure for table `classifieds_ads_gallery`
--

CREATE TABLE `classifieds_ads_gallery` (
  `gallery_id` int(50) NOT NULL,
  `ad_id` int(50) NOT NULL,
  `image_location` varchar(300) NOT NULL,
  `image_status` int(10) NOT NULL DEFAULT '1'
) ENGINE=InnoDB DEFAULT CHARSET=latin1;

--
-- Dumping data for table `classifieds_ads_gallery`
--

INSERT INTO `classifieds_ads_gallery` (`gallery_id`, `ad_id`, `image_location`, `image_status`) VALUES
(1, 1, 'assets/uploads/ads/1484577212-Penguins.jpg', 1),
(2, 1, 'assets/uploads/ads/1484577212-Tulips.jpg', 1),
(3, 2, 'assets/uploads/ads/1484627680-Desert.jpg', 1),
(4, 2, 'assets/uploads/ads/1484627680-Koala.jpg', 1),
(5, 3, 'assets/uploads/ads/1484889442-51b91bba5a3fd9b6c8b9c53bc0ab6c65.jpg', 1),
(6, 4, 'assets/uploads/ads/1486358180-profile_img.png', 1),
(7, 4, 'assets/uploads/ads/1486358180-Profile-Pic.png', 1),
(8, 4, 'assets/uploads/ads/1486358180-Tara-Alisha-Berry-Height-Weight-Bra-Pics-Profile.jpg', 1),
(9, 5, 'assets/uploads/ads/1486363502-58.png', 1),
(12, 8, 'assets/uploads/ads/1486559440-wed-logo.jpg', 1),
(13, 9, 'assets/uploads/ads/1486624797-hall4.png', 1),
(14, 10, 'assets/uploads/ads/1486638349-Baskin-Robbins-OREO-N-Cake.jpg', 1),
(15, 11, 'assets/uploads/ads/1486638659-acb92256fb75a47080e4c8044ab11e8b.jpg', 1),
(16, 11, 'assets/uploads/ads/1486638659-Cala-di-Volpe-Hotel-CostaSmeralda-Wedding-Couple-with-Bouquet.jpg', 1),
(17, 11, 'assets/uploads/ads/1486638660-onelove-wedding-01.jpg', 1),
(18, 12, 'assets/uploads/ads/1486988819-2015_-_1.png', 1),
(19, 13, 'assets/uploads/ads/1486992046-1485926150_7.jpg', 1),
(20, 13, 'assets/uploads/ads/1486992046-acb92256fb75a47080e4c8044ab11e8b.jpg', 1),
(21, 14, 'assets/uploads/ads/1487323715-7.jpg', 1),
(22, 14, 'assets/uploads/ads/1487323715-profile-pics12.jpg', 1),
(23, 15, 'assets/uploads/ads/1488003138-1485926150_7.jpg', 1),
(24, 15, 'assets/uploads/ads/1488003138-acb92256fb75a47080e4c8044ab11e8b.jpg', 1),
(25, 15, 'assets/uploads/ads/1488003138-Cala-di-Volpe-Hotel-CostaSmeralda-Wedding-Couple-with-Bouquet.jpg', 1);

-- --------------------------------------------------------

--
-- Table structure for table `classifieds_categories`
--

CREATE TABLE `classifieds_categories` (
  `category_id` int(50) NOT NULL,
  `category_parent` int(50) NOT NULL DEFAULT '0',
  `category_name` varchar(200) NOT NULL,
  `category_rank` int(50) DEFAULT '0',
  `category_status` int(11) NOT NULL DEFAULT '1'
) ENGINE=InnoDB DEFAULT CHARSET=latin1;

--
-- Dumping data for table `classifieds_categories`
--

INSERT INTO `classifieds_categories` (`category_id`, `category_parent`, `category_name`, `category_rank`, `category_status`) VALUES
(3, 5, 'Accessories', NULL, 1),
(4, 59, 'Air / Rail / Bus Ticketing', NULL, 1),
(5, 0, 'Apparel & Accessories', NULL, 1),
(6, 7, 'Astrologers And Numerologists', NULL, 1),
(7, 0, 'Astrology & Religious Services', NULL, 1),
(9, 72, 'Banquets, Party Halls & Hotels', NULL, 1),
(10, 0, 'Beauty & Grooming', NULL, 1),
(11, 10, 'Beauty Parlours / Salons', NULL, 1),
(12, 39, 'Bridal Jewellery', NULL, 1),
(13, 10, 'Bridal Makeup Artist', NULL, 1),
(14, 5, 'Bridal Wear', NULL, 1),
(15, 28, 'Cake & Sweet Shops, Ice-Cream Vendors', NULL, 1),
(16, 69, 'Candid Photographers', NULL, 1),
(17, 28, 'Caterers', NULL, 1),
(18, 45, 'Choreographers & Dancers', NULL, 1),
(19, 39, 'Contemporary Fashion Jewellery', NULL, 1),
(20, 33, 'Cosmetic Surgeons', NULL, 1),
(21, 0, 'Decorators', 0, 1),
(22, 10, 'Dental Care', NULL, 1),
(23, 5, 'Designers & Boutiques', NULL, 1),
(24, 39, 'Diamonds & Precious Stones', NULL, 1),
(25, 45, 'DJs', NULL, 1),
(26, 21, 'Fireworks', NULL, 1),
(27, 0, 'Florists & Flower Decorators', NULL, 1),
(28, 0, 'Food & Beverages', NULL, 1),
(29, 0, 'Ghodi Wale', NULL, 1),
(30, 39, 'Gold', NULL, 1),
(31, 5, 'Groom Wear', NULL, 1),
(32, 10, 'Hair Care', 0, 1),
(33, 0, 'Health & Wellness', NULL, 1),
(34, 0, 'Home Furnishings', NULL, 1),
(35, 0, 'Honeymoon Packages', 0, 1),
(36, 37, 'Hotels', NULL, 1),
(37, 0, 'Hotels & Accommodation', 1, 1),
(38, 39, 'Imitation Jewellery', NULL, 1),
(39, 0, 'Jewellery', 1, 1),
(40, 21, 'Lightings & Sounds', NULL, 1),
(41, 72, 'Mandaps & Marriage Halls', NULL, 1),
(42, 0, 'Marriage Counsellors', NULL, 1),
(43, 0, 'Marriage Loan', NULL, 1),
(44, 10, 'Mehendi Artist', NULL, 1),
(45, 0, 'Music & Entertainment', 1, 1),
(46, 45, 'Orchestras', NULL, 1),
(47, 7, 'Pandits & Priests', NULL, 1),
(48, 69, 'Photo Booths', NULL, 1),
(49, 33, 'Pre-Marital Health Check-up', NULL, 1),
(50, 72, 'Resorts & Farm House', NULL, 1),
(51, 37, 'Service Apartments & Guest Houses', NULL, 1),
(52, 21, 'Shamiyana / Tent Houses', NULL, 1),
(53, 33, 'Skin Clinics', NULL, 1),
(54, 33, 'Slimming Centers & Health Clubs', NULL, 1),
(55, 33, 'Spas', NULL, 1),
(56, 21, 'Stage / Mandap Decorators', NULL, 1),
(57, 45, 'Stage Performers & MCs / Host', NULL, 1),
(59, 0, 'Tours & Travels', NULL, 1),
(60, 45, 'Traditional Musicians', NULL, 1),
(61, 39, 'Traditional Wedding Jewellery', NULL, 1),
(62, 0, 'Videographers', 1, 1),
(63, 62, 'Webcasting', NULL, 1),
(64, 45, 'Wedding Bands', NULL, 1),
(65, 0, 'Wedding Cards', 0, 1),
(66, 59, 'Wedding Cars on Rent', NULL, 1),
(67, 5, 'Wedding Dress on Rent', NULL, 1),
(68, 0, 'Wedding Gifts', NULL, 1),
(69, 0, 'Wedding Photographers', 1, 1),
(70, 69, 'Wedding Photography', NULL, 1),
(71, 27, 'Wedding Planners & Contractors', NULL, 1),
(72, 0, 'Wedding Venues', 2, 1),
(74, 65, 'Cards', 0, 1),
(75, 68, 'Wedding Gifts', 0, 1),
(76, 35, 'Honeymoon Packages', 0, 1),
(77, 29, 'Godhi Wale', 0, 1),
(78, 43, 'Marriage Loan', 0, 1),
(79, 34, 'Home Furnishings', 0, 1),
(80, 42, 'Marriage Counsellors', 0, 1),
(81, 0, 'Arbana', 0, 1),
(82, 81, 'Arbana Sub 1', 0, 1),
(83, 0, 'Arbana V2', 0, 1),
(84, 0, 'Arbana V3', 0, 1),
(85, 84, 'Arbana V3 subs ', 0, 1);

-- --------------------------------------------------------

--
-- Table structure for table `classifieds_providers`
--

CREATE TABLE `classifieds_providers` (
  `provider_id` int(50) NOT NULL,
  `user_id` int(50) NOT NULL,
  `provider_name` varchar(300) NOT NULL,
  `provider_description` longtext NOT NULL,
  `provider_country` int(20) NOT NULL,
  `provider_state` int(20) NOT NULL,
  `provider_city` int(20) NOT NULL,
  `provider_address` longtext,
  `provider_email` varchar(200) DEFAULT NULL,
  `provider_phone` varchar(40) DEFAULT NULL,
  `provider_password` varchar(100) NOT NULL,
  `provider_website` varchar(100) DEFAULT NULL,
  `provider_modified` datetime DEFAULT NULL,
  `provider_status` int(20) NOT NULL DEFAULT '1'
) ENGINE=InnoDB DEFAULT CHARSET=latin1;

--
-- Dumping data for table `classifieds_providers`
--

INSERT INTO `classifieds_providers` (`provider_id`, `user_id`, `provider_name`, `provider_description`, `provider_country`, `provider_state`, `provider_city`, `provider_address`, `provider_email`, `provider_phone`, `provider_password`, `provider_website`, `provider_modified`, `provider_status`) VALUES
(2, 75, 'FX Hub Weddings', 'FX hub have a good team of energetic, creative, and friendly expert photographers and videographers with a passion for what they do. \r\nIn the field of photography and filming we are well known for professional studio portraits, family portraits, kids photography, fashion &modeling photography, industrial, advertising and commercial\r\nphotography, events like seminars, conferences, engagements,weddings & birthday parties', 1, 19, 1, ' Kothamangalam, Kerala 686691', 'classi1@gmail.com', '9447413883', '', 'www.fxhub.com', '2017-01-15 00:00:00', 1),
(3, 75, 'FX Hub Weddings', 'FX hub have a good team of energetic, creative, and friendly expert photographers and videographers with a passion for what they do. \r\nIn the field of photography and filming we are well known for professional studio portraits, family portraits, kids photography, fashion &modeling photography, industrial, advertising and commercial\r\nphotography, events like seminars, conferences, engagements,weddings & birthday parties', 1, 19, 1, ' Kothamangalam, Kerala 686691', 'classi1@gmail.com', '9447413883', '', 'www.fxhub.com', '2017-01-15 00:00:00', 1),
(4, 0, 'test', 'test', 1, 19, 1, 'test', 'test@gmail.com', '3243535', 'ivGL9YE6fVzRN5cmby4paPcClFXlXSQS9XotyM/wOnbiTkVYn3AOslQuhmwrLYcZTAwvPpeOeVWE985NqPd6rA==', 'test.com', '2017-01-21 18:38:02', 1),
(5, 83, 'Kripa Events', 'Kripa Events', 1, 19, 3, 'Trivandrum', 'classi2@gmail.com', '1223344555', '2Xcw9XAu1q5owGyxNfXBlPQuuAqilhy5eujBSaM9sDl2Q+4ZUZOTpvF3BBTHyVRlOrz00A0ZA8KGzPJAuOI6Mg==+MhMPsWGYLqU', 'www.kripa.com', '2017-01-21 18:45:02', 1),
(9, 88, 'sadsad', 'adasds', 1, 19, 1, 'dsfsdfdsfd', 'sadfs@gmail.com', 'fsdfsdfds', '/uH9O+lHOqxqDXpOtLpOcqRwV473FiMHpyxCRJ2JgYZv5IQMCQLuZUEArSKcWULfgkDGMsmfi/hauo2d4Ld2ww==', 'sdsf.ciom', '2017-01-21 19:30:19', 1),
(10, 89, 'EXECUTIVE EVENTS', 'Executive Events is a company with extensive experience in managing and organising corporate and product based events, medical, scientific and industrial conferences, seminars, weddings, private parties, theme parties etc. Executive Events is the first and only ISO 9001-2008 certified event management company in Kerala, India. The company has a decade’s worth of experience in organizing and executing successful events. Today, it stands a firm ground in managing varied events.', 1, 19, 1, 'KV 8, 5TH Cross Road | Panampilly Nagar | Kochi-682036.\r\n\r\nHand Phone: +91 9947058123 \r\n\r\nTelephone: 0484 4030537 / 0484 2317070 ', 'executive@gmail.com', '7788996655', '21Pv1gDD33OfhRYSquLnysC8sM1cvL9AOh9mTQJ8MPCWN+33Y11m3WLjVRuqX8pWi5DsA86zWOz6C8kNMF+XSA==', 'http://executiveevents.in/', '2017-01-21 19:39:10', 2),
(11, 143, 'Techs Events', 'abcdefghijklmnopqrstuvwxyz', 1, 19, 4, 'Alappuzha PO, Alappuzha', 'techs@gmail.com', '9567783111', 'F1OYmb9ZzSDGPPL0o8DYp3NKXu0xAVRtGKSIy1FIB4ylp6oLp+Tdz2txJCWy0uDhBiOSuijBRh/CeGoBnjycWA==', 'www.test.com', '2017-02-06 10:41:45', 2),
(12, 151, '', '', 0, 0, 0, '', '', '', 'fjipXg3mLi+0PenrhiRKREAf0w9/du8QHAURD+IF5K52bAin8TpMJocjva61YEQ3FAcg0lzAirOSArD2pByC1w==', 'http://', '2017-02-06 16:08:32', 0),
(14, 154, '', '', 0, 0, 0, '', '', '', 'p+ajqLr2H6Csl1opEDBCeCbF2t8IHA6mEpbQE4zmS0dKgO7ZyqM3OTr+4yD02DvbhnqlVkws0zQedShkn0k/ug==', 'http://', '2017-02-06 18:11:19', 0),
(15, 162, 'testing', 'testing', 1, 19, 1, 'ewsrfref rfegtre5y', 'test123@gmail.com', '1223344555', 'j7R8i9ymIhVoCOcQx0W6sTdbnEvTFHoj9s9FgupDKYiqoysB0fc27SQrbMFrMeoHIIQeqsFFlZ3XzfN8sBYi1g==', 'http://www.telugucatholicmatrimony.com', '2017-02-08 18:39:26', 1),
(16, 167, 'daniel', 'special events', 1, 19, 1, 'News and trends for professional wedding planners and coordinators on wedding design and business management', 'special@gmail.com', '7894561233', 'Dpwit+m7se+n/WEsnI7jZMUt+an/ZE8AZVCWcv1out7A6wEc04SK878gIDT22heyU0wcawq0UTiEFcV0bF8TiA==', 'http://specialevents.com/weddings', '2017-02-09 16:29:52', 1),
(17, 172, 'Cochin Events', 'abcdsz', 1, 19, 1, 'Cochin', 'kochi@gmail.com', '11223344', '7gK+JsgoLvXTOt6gg/2guvXWUPcm7MD9Uf3Ac50hW9pcEeIpq3l8JZyJFgPfTSq11zHjD6VL3KtEsrS2eDhGlg==', 'http://www.kochi.com', '2017-02-09 20:20:37', 1),
(18, 207, 'eventia', 'Eventia is a story of 11 teenage friends, who made a good team in their school and locality, enthusiastic about conducting and organizing events around them. As time passed they carried on with their lives, with their higher studies. They missed each others’ companies a lot and found a way to get united again. To be together, they converted their passion of organizing events, a creative way, into a business.', 1, 19, 4, 'Eventia is a story of 11 teenage friends, who made a good team in their school and locality, enthusiastic about conducting and organizing events around them. As time passed they carried on with their lives, with their higher studies. They missed each others’ companies a lot and found a way to get united again. To be together, they converted their passion of organizing events, a creative way, into a business.', 'eventia@gmail.com', '4535353', 'LM5mMQVpdMqbKW0aohpi93jbdlNY1bITvgcrHxHHKzn+5TSnq2X7eUbK02xoCAnE+hceHJPoMwBSa75sMFT6xQ==', 'http://www.eventia.in/', '2017-02-13 18:49:18', 1),
(19, 256, 'chandy', 'chandy\'s events and management', 1, 19, 4, ' edryery ery eyeyeryeryeryery', 'test@gmail.com', '35423545455', 'lledTe4MUskTOYPNueM/LD+wqdreBc2+EuK9vUScw5rfaxEBGtQ6r5h5mSDYB8RJYfbRUr6bj1aQdLQ8EaGTwg==', 'http://www.test.com', '2017-02-25 11:13:37', 1);

-- --------------------------------------------------------

--
-- Table structure for table `classified_images`
--

CREATE TABLE `classified_images` (
  `id` int(11) NOT NULL,
  `user_id` int(11) NOT NULL,
  `image_path` varchar(750) NOT NULL,
  `date_time` datetime NOT NULL
) ENGINE=InnoDB DEFAULT CHARSET=latin1;

--
-- Dumping data for table `classified_images`
--

INSERT INTO `classified_images` (`id`, `user_id`, `image_path`, `date_time`) VALUES
(2, 162, 'assets/uploads/Classifieds_images/162-hall4.png', '2017-02-09 11:57:00'),
(4, 162, 'assets/uploads/Classifieds_images/162-hall2.png', '2017-02-09 11:57:00'),
(5, 162, 'assets/uploads/Classifieds_images/162-hall3.png', '2017-02-09 11:57:00'),
(7, 162, 'assets/uploads/Classifieds_images/162-hall11.png', '2017-02-09 11:58:53'),
(8, 167, 'assets/uploads/Classifieds_images/167-1485867746_2.jpg', '2017-02-09 17:37:14'),
(9, 167, 'assets/uploads/Classifieds_images/167-1485867746_21.jpg', '2017-02-09 17:52:45'),
(10, 256, 'assets/uploads/Classifieds_images/256-acb92256fb75a47080e4c8044ab11e8b.jpg', '2017-02-25 11:28:45'),
(11, 256, 'assets/uploads/Classifieds_images/256-1485926150_7.jpg', '2017-02-25 11:29:09'),
(12, 256, 'assets/uploads/Classifieds_images/256-3878024-wallpaper-for-desktop.jpg', '2017-02-25 11:29:16');

-- --------------------------------------------------------

--
-- Table structure for table `country`
--

CREATE TABLE `country` (
  `country_id` int(20) NOT NULL,
  `country_name` varchar(200) NOT NULL,
  `country_currency` varchar(20) DEFAULT NULL,
  `country_extension` varchar(20) DEFAULT NULL,
  `country_status` int(10) NOT NULL DEFAULT '1'
) ENGINE=InnoDB DEFAULT CHARSET=latin1 COMMENT='Country Details';

--
-- Dumping data for table `country`
--

INSERT INTO `country` (`country_id`, `country_name`, `country_currency`, `country_extension`, `country_status`) VALUES
(1, 'India', 'INR', '+91', 1),
(2, 'Australia', 'INR', NULL, 0),
(3, 'test1', 'INR', NULL, 0),
(5, 'United States of America (USA)', 'USD', NULL, 1),
(6, 'United Kingdom (UK)', 'INR', NULL, 1),
(7, 'United Arab Emirates (UAE)', 'INR', NULL, 1),
(8, 'Ukraine', 'INR', NULL, 1),
(9, 'Uganda', 'INR', NULL, 1),
(10, 'Uruguay', 'INR', NULL, 1),
(11, 'Uzbekistan', 'INR', NULL, 1),
(12, 'Australia', 'AUD', NULL, 1),
(13, 'Azerbaijan', 'INR', NULL, 1),
(14, 'Austria', 'USD', NULL, 1),
(15, 'Armenia', 'INR', NULL, 1),
(16, 'Argentina', 'INR', NULL, 1),
(17, 'Antigua and Barbuda', 'INR', NULL, 1),
(18, 'Angola', 'INR', NULL, 1),
(19, 'Andorra', 'INR', NULL, 1),
(20, 'Algeria', 'INR', NULL, 1),
(21, 'Albania', 'INR', NULL, 1),
(22, 'Afghanistan', 'INR', NULL, 1),
(23, 'Iceland', 'INR', NULL, 1),
(24, 'Indonesia', 'INR', NULL, 1),
(25, 'Iran', 'INR', NULL, 1),
(26, 'Iraq', 'INR', NULL, 1),
(27, 'Ireland', 'INR', NULL, 1),
(28, 'Israel', 'INR', NULL, 1),
(29, 'Italy', 'INR', NULL, 1),
(30, 'Bahamas', 'INR', NULL, 1),
(31, 'Bahrain', 'INR', NULL, 1),
(32, 'Bangladesh', 'INR', NULL, 1),
(33, 'Barbados', 'INR', NULL, 1),
(34, 'Belarus', 'INR', NULL, 1),
(35, 'Belgium', 'INR', NULL, 1),
(36, 'Belize', 'INR', NULL, 1),
(37, 'Benin', 'INR', NULL, 1),
(38, 'Bhutan', 'INR', NULL, 1),
(39, 'Bolivia', 'INR', NULL, 1),
(40, 'Bosnia and Herzegovina', 'INR', NULL, 1),
(41, 'Botswana', 'INR', NULL, 1),
(42, 'Brazil', 'INR', NULL, 1),
(43, 'Brunei', 'INR', NULL, 1),
(44, 'Bulgaria', 'INR', NULL, 1),
(45, 'Burkina Faso', 'INR', NULL, 1),
(46, 'Burundi', 'INR', NULL, 1),
(47, 'Cabo Verde', 'INR', NULL, 1),
(48, 'Cambodia', 'INR', NULL, 1),
(49, 'Cameroon', 'INR', NULL, 1),
(50, 'Canada', 'INR', NULL, 1),
(51, 'Central African Republic (CAR)', 'INR', NULL, 1),
(52, 'Chad', 'INR', NULL, 1),
(53, 'Chile', 'INR', NULL, 1),
(54, 'China', 'INR', NULL, 1),
(55, 'Colombia', 'INR', NULL, 1),
(56, 'Comoros', 'INR', NULL, 1),
(57, 'Democratic Republic of the Congo', 'INR', NULL, 1),
(58, 'Republic of the Congo', 'INR', NULL, 1),
(59, 'Costa Rica', 'INR', NULL, 1),
(60, 'Cote d\'Ivoire', 'INR', NULL, 1),
(61, 'Croatia', 'INR', NULL, 1),
(62, 'Cuba', 'INR', NULL, 1),
(63, 'Cyprus', 'INR', NULL, 1),
(64, 'Czech Republic', 'INR', NULL, 1),
(65, 'Denmark', 'INR', NULL, 1),
(66, 'Djibouti', 'INR', NULL, 1),
(67, 'Dominica', 'INR', NULL, 1),
(68, 'Dominican Republic', 'INR', NULL, 1),
(69, 'Ecuador', 'INR', NULL, 1),
(70, 'Egypt', 'INR', NULL, 1),
(71, 'El Salvador', 'INR', NULL, 1),
(72, 'Equatorial Guinea', 'INR', NULL, 1),
(73, 'Eritrea', 'INR', NULL, 1),
(74, 'Estonia', 'INR', NULL, 1),
(75, 'Ethiopia', 'INR', NULL, 1),
(76, 'Fiji', 'INR', NULL, 1),
(77, 'Finland', 'INR', NULL, 1),
(78, 'France', 'INR', NULL, 1),
(79, 'Gabon', 'INR', NULL, 1),
(80, 'Gambia', 'INR', NULL, 1),
(81, 'Georgia', 'INR', NULL, 1),
(82, 'Germany', 'INR', NULL, 1),
(83, 'Ghana', 'INR', NULL, 1),
(84, 'Greece', 'INR', NULL, 1),
(85, 'Grenada', 'INR', NULL, 1),
(86, 'Guatemala', 'INR', NULL, 1),
(87, 'Guinea', 'INR', NULL, 1),
(88, 'Guinea-Bissau', 'INR', NULL, 1),
(89, 'Guyana', 'INR', NULL, 1),
(90, 'Haiti', 'INR', NULL, 1),
(91, 'Honduras', 'INR', NULL, 1),
(92, 'Hungary', 'INR', NULL, 1),
(93, 'Jamaica', 'INR', NULL, 1),
(94, 'Japan', 'INR', NULL, 1),
(95, 'Jordan', 'INR', NULL, 1),
(96, 'Kazakhstan', 'INR', NULL, 1),
(97, 'Kenya', 'INR', NULL, 1),
(98, 'Kiribati', 'INR', NULL, 1),
(99, 'Kosovo', 'INR', NULL, 1),
(100, 'Kuwait', 'INR', NULL, 1),
(101, 'Kyrgyzstan', 'INR', NULL, 1),
(102, 'Laos', 'INR', NULL, 1),
(103, 'Latvia', 'INR', NULL, 1),
(104, 'Lebanon', 'INR', NULL, 1),
(105, 'Lesotho', 'INR', NULL, 1),
(106, 'Liberia', 'INR', NULL, 1),
(107, 'Libya', 'INR', NULL, 1),
(108, 'Liechtenstein', 'INR', NULL, 1),
(109, 'Lithuania', 'INR', NULL, 1),
(110, 'Luxembourg', 'INR', NULL, 1),
(111, 'Macedonia', 'INR', NULL, 1),
(112, 'Madagascar', 'INR', NULL, 1),
(113, 'Malawi', 'INR', NULL, 1),
(114, 'Malaysia', 'INR', NULL, 1),
(115, 'Maldives', 'INR', NULL, 1),
(116, 'Mali', 'INR', NULL, 1),
(117, 'Malta', 'INR', NULL, 1),
(118, 'Marshall Islands', 'INR', NULL, 1),
(119, 'Mauritania', 'INR', NULL, 1),
(120, 'Mexico', 'INR', NULL, 1),
(121, 'Mauritius', 'INR', NULL, 1),
(122, 'Micronesia', 'INR', NULL, 1),
(123, 'Moldova', 'INR', NULL, 1),
(124, 'Monaco', 'INR', NULL, 1),
(125, 'Mongolia', 'INR', NULL, 1),
(126, 'Mongolia', 'INR', NULL, 1),
(127, 'Morocco', 'INR', NULL, 1),
(128, 'Mozambique', 'INR', NULL, 1),
(129, 'Myanmar (Burma)', 'INR', NULL, 1),
(130, 'Namibia', 'INR', NULL, 1),
(131, 'Nauru', 'INR', NULL, 1),
(132, 'Nepal', 'INR', NULL, 1),
(133, 'Netherlands', 'INR', NULL, 1),
(134, 'New Zealand', 'INR', NULL, 1),
(135, 'Nicaragua', 'INR', NULL, 1),
(136, 'Niger', 'INR', NULL, 1),
(137, 'Nigeria', 'INR', NULL, 1),
(138, 'North Korea', 'INR', NULL, 1),
(139, 'Norway', 'INR', NULL, 1),
(140, 'Oman', 'INR', NULL, 1),
(141, 'Pakistan', 'INR', NULL, 1),
(142, 'Palau', 'INR', NULL, 1),
(143, 'Palestine', 'INR', NULL, 1),
(144, 'Panama', 'INR', NULL, 1),
(145, 'Papua New Guinea', 'INR', NULL, 1),
(146, 'Paraguay', 'INR', NULL, 1),
(147, 'Peru', 'INR', NULL, 1),
(148, 'Philippines', 'INR', NULL, 1),
(149, 'Poland', 'INR', NULL, 1),
(150, 'Portugal', 'INR', NULL, 1),
(151, 'Qatar', 'INR', NULL, 1),
(152, 'Romania', 'INR', NULL, 1),
(153, 'Russia', 'INR', NULL, 1),
(154, 'Rwanda', 'INR', NULL, 1),
(155, 'Saint Kitts and Nevis', 'INR', NULL, 1),
(156, 'Saint Lucia', 'INR', NULL, 1),
(157, 'Saint Vincent and the Grenadines', 'INR', NULL, 1),
(158, 'Samoa', 'INR', NULL, 1),
(159, 'San Marino', 'INR', NULL, 1),
(160, 'Sao Tome and Principe', 'INR', NULL, 1),
(161, 'Saudi Arabia', 'INR', NULL, 1),
(162, 'Senegal', 'INR', NULL, 1),
(163, 'Serbia', 'INR', NULL, 1),
(164, 'Seychelles', 'INR', NULL, 1),
(165, 'Sierra Leone', 'INR', NULL, 1),
(166, 'Singapore', 'INR', NULL, 1),
(167, 'Slovakia', 'INR', NULL, 1),
(168, 'Slovenia', 'INR', NULL, 1),
(169, 'Solomon Islands', 'INR', NULL, 1),
(170, 'Somalia', 'INR', NULL, 1),
(171, 'South Africa', 'INR', NULL, 1),
(172, 'South Korea', 'INR', NULL, 1),
(173, 'South Sudan', 'INR', NULL, 1),
(174, 'Spain', 'INR', NULL, 1),
(175, 'Sri Lanka', 'INR', NULL, 1),
(176, 'Sudan', 'INR', NULL, 1),
(177, 'Suriname', 'INR', NULL, 1),
(178, 'Swaziland', 'INR', NULL, 1),
(179, 'Sweden', 'INR', NULL, 1),
(180, 'Switzerland', 'INR', NULL, 1),
(181, 'Syria', 'INR', NULL, 1),
(182, 'Taiwan', 'INR', NULL, 1),
(183, 'Tajikistan', 'INR', NULL, 1),
(184, 'Tanzania', 'INR', NULL, 1),
(185, 'Thailand', 'INR', NULL, 1),
(186, 'Timor-Leste', 'INR', NULL, 1),
(187, 'Togo', 'INR', NULL, 1),
(188, 'Tonga', 'INR', NULL, 1),
(189, 'Trinidad and Tobago', 'INR', NULL, 1),
(190, 'Tunisia', 'INR', NULL, 1),
(191, 'Turkey', 'INR', NULL, 1),
(192, 'Turkmenistan', 'INR', NULL, 1),
(193, 'Tuvalu', 'INR', NULL, 1),
(194, 'Vanuatu', 'INR', NULL, 1),
(195, 'Vatican City (Holy See)', 'INR', NULL, 1),
(196, 'Venezuela', 'INR', NULL, 1),
(197, 'Vietnam', 'INR', NULL, 1),
(198, 'Yemen', 'INR', NULL, 1),
(199, 'Zambia', 'INR', NULL, 1),
(200, 'Zimbabwe', 'INR', NULL, 1),
(209, 'Test Country', NULL, NULL, 1);

-- --------------------------------------------------------

--
-- Table structure for table `country_new`
--

CREATE TABLE `country_new` (
  `country_id` int(11) NOT NULL,
  `country_name` varchar(33) NOT NULL,
  `country_currency` varchar(3) DEFAULT NULL,
  `country_extension` varchar(30) DEFAULT NULL,
  `country_status` bit(1) NOT NULL
) ENGINE=MyISAM DEFAULT CHARSET=latin1;

--
-- Dumping data for table `country_new`
--

INSERT INTO `country_new` (`country_id`, `country_name`, `country_currency`, `country_extension`, `country_status`) VALUES
(1, 'United States of America', 'USD', NULL, b'1'),
(2, 'India', 'INR', NULL, b'1'),
(3, 'Pakistan', NULL, NULL, b'1'),
(4, 'Philippines', NULL, NULL, b'1'),
(5, 'Nigeria', NULL, NULL, b'1'),
(6, 'United Kingdom', NULL, NULL, b'1'),
(7, 'Germany', NULL, NULL, b'1'),
(8, 'Canada', NULL, NULL, b'1'),
(9, 'France', NULL, NULL, b'1'),
(10, 'Australia', 'AUD', NULL, b'1'),
(11, 'Italy', NULL, NULL, b'1'),
(12, 'Bangladesh', NULL, NULL, b'1'),
(13, 'Egypt', NULL, NULL, b'1'),
(14, 'Thailand', NULL, NULL, b'1'),
(15, 'Netherlands', NULL, NULL, b'1'),
(16, 'Nepal', NULL, NULL, b'1'),
(17, 'South Africa', NULL, NULL, b'1'),
(18, 'Poland', NULL, NULL, b'1'),
(19, 'Turkey', NULL, NULL, b'1'),
(20, 'Iraq', NULL, NULL, b'1'),
(21, 'Sri Lanka', NULL, NULL, b'1'),
(22, 'Spain', NULL, NULL, b'1'),
(23, 'China', NULL, NULL, b'1'),
(24, 'Brazil', NULL, NULL, b'1'),
(25, 'Sweden', NULL, NULL, b'1'),
(26, 'Kenya', NULL, NULL, b'1'),
(27, 'Cameroon', NULL, NULL, b'1'),
(28, 'Malaysia', NULL, NULL, b'1'),
(29, 'Russia', NULL, NULL, b'1'),
(30, 'Belgium', NULL, NULL, b'1'),
(31, 'Israel', NULL, NULL, b'1'),
(32, 'Austria', NULL, NULL, b'1'),
(33, 'Romania', NULL, NULL, b'1'),
(34, 'Zimbabwe', NULL, NULL, b'1'),
(35, 'Greece', NULL, NULL, b'1'),
(36, 'Sierra Leone', NULL, NULL, b'1'),
(37, 'Mexico', NULL, NULL, b'1'),
(38, 'Denmark', NULL, NULL, b'1'),
(39, 'Switzerland', NULL, NULL, b'1'),
(40, 'Morocco', NULL, NULL, b'1'),
(41, 'Norway', NULL, NULL, b'1'),
(42, 'Republic of Ireland', NULL, NULL, b'1'),
(43, 'Singapore', NULL, NULL, b'1'),
(44, 'Ghana', NULL, NULL, b'1'),
(45, 'Tanzania', NULL, NULL, b'1'),
(46, 'New Zealand', NULL, NULL, b'1'),
(47, 'Finland', NULL, NULL, b'1'),
(48, 'Portugal', NULL, NULL, b'1'),
(49, 'Papua New Guinea', NULL, NULL, b'1'),
(50, 'Liberia', NULL, NULL, b'1'),
(51, 'Jordan', NULL, NULL, b'1'),
(52, 'Jamaica', NULL, NULL, b'1'),
(53, 'Algeria', NULL, NULL, b'1'),
(54, 'Uganda', NULL, NULL, b'1'),
(55, 'Hong Kong', NULL, NULL, b'1'),
(56, 'Czech Republic', NULL, NULL, b'1'),
(57, 'Argentina', NULL, NULL, b'1'),
(58, 'Yemen', NULL, NULL, b'1'),
(59, 'Croatia', NULL, NULL, b'1'),
(60, 'Colombia', NULL, NULL, b'1'),
(61, 'Hungary', NULL, NULL, b'1'),
(62, 'Puerto Rico', NULL, NULL, b'1'),
(63, 'Zambia', NULL, NULL, b'1'),
(64, 'Bulgaria', NULL, NULL, b'1'),
(65, 'Kazakhstan', NULL, NULL, b'1'),
(66, 'Lebanon', NULL, NULL, b'1'),
(67, 'Chile', NULL, NULL, b'1'),
(68, 'Rwanda', NULL, NULL, b'1'),
(69, 'Slovakia', NULL, NULL, b'1'),
(70, 'Trinidad and Tobago', NULL, NULL, b'1'),
(71, 'Slovenia', NULL, NULL, b'1'),
(72, 'Lithuania', NULL, NULL, b'1'),
(73, 'Latvia', NULL, NULL, b'1'),
(74, 'Guyana', NULL, NULL, b'1'),
(75, 'Botswana', NULL, NULL, b'1'),
(76, 'Estonia', NULL, NULL, b'1'),
(77, 'Cyprus', NULL, NULL, b'1'),
(78, 'Malawi', NULL, NULL, b'1'),
(79, 'Lesotho', NULL, NULL, b'1'),
(80, 'Suriname', NULL, NULL, b'1'),
(81, 'Malta', NULL, NULL, b'1'),
(82, 'Namibia', NULL, NULL, b'1'),
(83, 'Luxembourg', NULL, NULL, b'1'),
(84, 'Bahamas', NULL, NULL, b'1'),
(85, 'Barbados', NULL, NULL, b'1'),
(86, 'Belize', NULL, NULL, b'1'),
(87, 'Madagascar', NULL, NULL, b'1'),
(88, 'Mauritius', NULL, NULL, b'1'),
(89, 'Vanuatu', NULL, NULL, b'1'),
(90, 'Fiji', NULL, NULL, b'1'),
(91, 'Solomon Islands', NULL, NULL, b'1'),
(92, 'Guam', NULL, NULL, b'1'),
(93, 'Brunei', NULL, NULL, b'1'),
(94, 'Saint Vincent and the Grenadines', NULL, NULL, b'1'),
(95, 'U.S. Virgin Islands', NULL, NULL, b'1'),
(96, 'Grenada', NULL, NULL, b'1'),
(97, 'Samoa', NULL, NULL, b'1'),
(98, 'Isle of Man', NULL, NULL, b'1'),
(99, 'Bhutan', NULL, NULL, b'1'),
(100, 'Saint Lucia', NULL, NULL, b'1'),
(101, 'Northern Mariana Islands', NULL, NULL, b'1'),
(102, 'Antigua and Barbuda', NULL, NULL, b'1'),
(103, 'American Samoa', NULL, NULL, b'1'),
(104, 'Federated States of Micronesia', NULL, NULL, b'1'),
(105, 'Bermuda', NULL, NULL, b'1'),
(106, 'Dominica', NULL, NULL, b'1'),
(107, 'Marshall Islands', NULL, NULL, b'1'),
(108, 'Swaziland', NULL, NULL, b'1'),
(109, 'Aruba', NULL, NULL, b'1'),
(110, 'The Gambia', NULL, NULL, b'1'),
(111, 'Saint Kitts and Nevis', NULL, NULL, b'1'),
(112, 'Cayman Islands', NULL, NULL, b'1'),
(113, 'Seychelles', NULL, NULL, b'1'),
(114, 'Gibraltar', NULL, NULL, b'1'),
(115, 'Tonga', NULL, NULL, b'1'),
(116, 'Kiribati', NULL, NULL, b'1'),
(117, 'British Virgin Islands', NULL, NULL, b'1'),
(118, 'Palau', NULL, NULL, b'1'),
(119, 'Andorra', NULL, NULL, b'1'),
(120, 'Anguilla', NULL, NULL, b'1'),
(121, 'Nauru', NULL, NULL, b'1'),
(122, 'Cook Islands', NULL, NULL, b'1'),
(123, 'Montserrat', NULL, NULL, b'1');

-- --------------------------------------------------------

--
-- Table structure for table `count_mobileviews`
--

CREATE TABLE `count_mobileviews` (
  `mobileviews_id` int(50) NOT NULL,
  `mobileviews_viewer` int(50) NOT NULL,
  `mobileviews_viewed` int(50) NOT NULL,
  `mobileviews_datetime` datetime NOT NULL
) ENGINE=InnoDB DEFAULT CHARSET=latin1;

-- --------------------------------------------------------

--
-- Table structure for table `count_sms`
--

CREATE TABLE `count_sms` (
  `sms_id` int(50) NOT NULL,
  `sms_from` int(50) NOT NULL,
  `sms_to` int(50) NOT NULL,
  `sms_datetime` datetime NOT NULL
) ENGINE=InnoDB DEFAULT CHARSET=latin1;

-- --------------------------------------------------------

--
-- Table structure for table `deactivation_check`
--

CREATE TABLE `deactivation_check` (
  `id` int(11) NOT NULL,
  `user_id` int(11) NOT NULL,
  `unique_id` varchar(750) NOT NULL,
  `activate_status` int(11) NOT NULL
) ENGINE=InnoDB DEFAULT CHARSET=latin1;

--
-- Dumping data for table `deactivation_check`
--

INSERT INTO `deactivation_check` (`id`, `user_id`, `unique_id`, `activate_status`) VALUES
(1, 49, '1e6db9a3d93b3a738e439d086e43cc2f', 0),
(2, 76, 'de77468e9d68efd7c12073a7d3e61386', 0),
(3, 49, '23979cbb8b2d115c6c9f054f71fc2dd5', 0),
(4, 76, 'de61f161761f73c8a339d843ea38c6bf', 0),
(5, 49, 'd79ab77cddc87d80511c3c135e699042', 0),
(6, 76, 'e6780f107a3b1639f7822ecc647863f0', 0),
(7, 49, '2871940ef44e74db7c86038cb1b04d4f', 0),
(8, 76, 'f7683c526f024d18be0dc8fe0229a310', 0),
(9, 49, '2860aad8c6743761c23f7495903e5e80', 0),
(10, 76, '9cdba19cb3d62aa9fa114949fa27f1c1', 0),
(11, 44, '536d0e907c019cebf225c55f80626f79', 1),
(12, 44, '181b6a3cef09fa169a7d7f27e05c3d07', 0),
(13, 44, '8b78b5dc75c2402adc7cb29e34fbd778', 1),
(14, 44, '7695d6e5d73aeeb501fe14c07818b402', 0),
(15, 150, '46219327fe324e7c7b850e7e4b0e452a', 1),
(16, 150, '3bb68012fa59fb272783f7d2d6b75f84', 0),
(17, 44, 'a3c2f9667cf231640ef0ced0a3fa8c49', 1),
(18, 44, 'eb5d28fe9f58e8d44fbb55446bcffa30', 1),
(19, 44, '3e00e40d3909360fc998bad26a89e0a9', 1);

-- --------------------------------------------------------

--
-- Table structure for table `educations`
--

CREATE TABLE `educations` (
  `education_id` int(20) NOT NULL,
  `education_parent` int(10) DEFAULT '0',
  `education` varchar(100) NOT NULL,
  `education_status` int(10) NOT NULL DEFAULT '1'
) ENGINE=InnoDB DEFAULT CHARSET=latin1 COMMENT='Base education';

--
-- Dumping data for table `educations`
--

INSERT INTO `educations` (`education_id`, `education_parent`, `education`, `education_status`) VALUES
(1, 0, 'Aeronautical Engineering', 1),
(2, 0, 'B.Arch', 0),
(3, 0, 'BCA', 0),
(4, 0, 'BE', 1),
(5, 0, 'B.Tech', 0),
(6, 0, 'M.Arch.', 0),
(7, 0, 'MCA', 0),
(8, 0, 'ME', 0),
(9, 0, 'M.Tech.', 0),
(10, 0, 'Msc', 0),
(11, 0, 'B Sc', 0),
(12, 0, 'ME', 0),
(13, 0, 'Aeronautical Engineering', 0),
(14, 0, 'B.Arch', 0),
(15, 0, 'BCA', 0),
(16, 0, 'Higher Secondary School / High School', 1),
(17, 0, 'Diploma / Others', 1),
(18, 0, 'Ph.D', 1),
(19, 0, 'Other Degree in Service', 1),
(20, 0, 'IPS', 1),
(21, 0, 'IRS', 1),
(22, 0, 'IFS', 1),
(23, 0, 'IES', 1),
(24, 0, 'IAS', 1),
(25, 0, 'Other Degree in Finance', 1),
(26, 0, 'ICWA', 1),
(27, 0, 'CS', 1),
(28, 0, 'CFA (Charted Financial Analyst)', 1),
(29, 0, 'CA', 1),
(30, 0, 'Other Master Degree in Legal', 1),
(31, 0, 'M.L', 1),
(32, 0, 'LL.M', 1),
(33, 0, 'Masters – Legal / Others', 1),
(34, 0, 'Other Bachelor Degree in Legal', 1),
(35, 0, 'LLB', 1),
(36, 0, 'B.L', 1),
(37, 0, 'BGL', 1),
(38, 0, 'Bachelors – Legal / Others', 1),
(39, 0, 'Other Master Degree in Medicine', 1),
(40, 0, 'MVSc', 1),
(41, 0, 'MPT', 1),
(42, 0, 'M.Pharm', 1),
(43, 0, 'MD/MS(Medical)', 1),
(44, 0, 'MDS', 1),
(45, 0, 'Masters- Medicine-General / Dental / Surgeon / Others', 1),
(46, 0, 'Other Bachelor Degree in Medicine', 1),
(47, 0, 'B.Sc. Nursing', 1),
(48, 0, 'MBBS', 1),
(49, 0, 'BVSc', 1),
(50, 0, 'BUMS', 1),
(51, 0, 'BPT', 1),
(52, 0, 'BPharm', 1),
(53, 0, 'BSMS', 1),
(54, 0, 'BHMS', 1),
(55, 0, 'BDS', 1),
(56, 0, 'B.A.M.S', 1),
(57, 0, 'MHRM(Human Resource Management).', 1),
(58, 0, 'MHM (Hotel Management)', 1),
(59, 0, 'MFIM (Financial Management)', 1),
(60, 0, 'MBA', 1),
(61, 0, 'Masters- Management / Others', 1),
(62, 0, 'Other Bachelor Degree in Management', 1),
(63, 0, 'BHM(Hotel Management)', 1),
(64, 0, 'BFM (Financial Management)', 1),
(65, 0, 'BBA', 1),
(66, 0, 'Bachelors – Management /Others ', 1),
(67, 0, 'Other Master Degree in Arts / Science /Commerce', 1),
(68, 0, 'M.Phil', 1),
(69, 0, 'MSW', 1),
(70, 0, 'M.Sc', 1),
(71, 0, 'MLIS', 1),
(72, 0, 'Masters – Arts / Science / Commerce /  Others', 1),
(73, 0, 'Other Bachelor Degree in Arts / Science / Commerce', 1),
(74, 0, 'B.Phil', 1),
(75, 0, 'B.S.W', 1),
(76, 0, 'B.Sc', 1),
(77, 0, 'B.M.M', 1),
(78, 0, 'BLIS', 1),
(79, 0, 'BFT', 1),
(80, 0, 'BFA', 1),
(81, 0, 'B.Ed', 1),
(82, 0, 'B.Com', 1),
(83, 0, 'B.A', 1),
(84, 0, 'Aviation Degree', 1),
(85, 0, 'Bachelors- Arts / Science / Commerce / Others –', 1),
(86, 0, 'Other Masters Degree in Engineering / Computers', 1),
(87, 0, 'PGDCA', 1),
(88, 0, 'M.Tech.', 1),
(89, 0, 'M.S.(Engg)', 1),
(90, 0, 'M.Sc . IT / Computer Science', 1),
(91, 0, 'ME', 1),
(92, 0, 'MCA', 1),
(93, 0, 'M.Arch', 1),
(94, 0, 'Masters-Engineering / Computers / Others', 1),
(95, 0, 'Other Bachelor Degree in Engineering /Computers', 1),
(96, 0, 'B.Tech', 1),
(97, 0, 'B.Sc IT/Computer Science', 1),
(98, 0, 'B.Plan', 1),
(100, 0, 'BCA', 1),
(101, 0, 'B.Arch', 1),
(102, 0, 'Aeronautical Engineering', 0),
(103, 0, 'Bachelors- Engineering-Computers-Others ', 1),
(104, 0, 'Test', 0),
(105, 0, 'ssss', 1),
(106, 0, 'ssss', 0);

-- --------------------------------------------------------

--
-- Table structure for table `employed_in`
--

CREATE TABLE `employed_in` (
  `id` int(11) NOT NULL,
  `employed_in_name` varchar(100) NOT NULL,
  `employed_status` int(11) NOT NULL DEFAULT '1'
) ENGINE=MyISAM DEFAULT CHARSET=latin1;

--
-- Dumping data for table `employed_in`
--

INSERT INTO `employed_in` (`id`, `employed_in_name`, `employed_status`) VALUES
(1, 'private sector', 1);

-- --------------------------------------------------------

--
-- Table structure for table `height`
--

CREATE TABLE `height` (
  `height_id` int(10) NOT NULL,
  `height` varchar(20) NOT NULL
) ENGINE=InnoDB DEFAULT CHARSET=latin1 COMMENT='Height details';

--
-- Dumping data for table `height`
--

INSERT INTO `height` (`height_id`, `height`) VALUES
(1, '150cm - 4ft 11.05'),
(2, '151cm - 4ft 11.44'),
(3, '152cm - 4ft 11.84'),
(4, '153cm - 5ft 0.23'),
(5, '154cm - 5ft 0.63'),
(6, '155cm - 5ft 1.02'),
(7, '156cm - 5ft 1.41'),
(8, '157cm - 5ft 1.81'),
(9, '158cm - 5ft 2.20'),
(10, '159cm - 5ft 2.59'),
(11, '160cm - 5ft 2.99'),
(12, '161cm - 5ft 3.38'),
(13, '162cm - 5ft 3.77'),
(14, '163cm - 5ft 4.17'),
(15, '164cm - 5ft 4.56'),
(16, '165cm - 5ft 4.96'),
(17, '166cm - 5ft 5.35'),
(18, '167cm - 5ft 5.74'),
(19, '168cm - 5ft 6.14'),
(20, '169cm - 5ft 6.53'),
(21, '170cm - 5ft 6.92'),
(22, '171cm - 5ft 7.32'),
(23, '172cm - 5ft 7.71'),
(24, '173cm - 5ft 8.11'),
(25, '174cm - 5ft 8.50'),
(26, '175cm - 5ft 8.89'),
(27, '176cm - 5ft 9.29'),
(28, '177cm - 5ft 9.68'),
(29, '178cm - 5ft 10'),
(30, '179cm - 5ft 10.47'),
(31, '180cm - 5ft 10.86'),
(32, '181cm - 5ft 11.26'),
(33, '182cm - 5ft 11.65'),
(34, '183cm - 6ft'),
(35, '184cm - 6ft 0.44'),
(36, '185cm - 6ft 0.83'),
(37, '186cm - 6ft 1.22'),
(38, '187cm - 6ft 1.62'),
(39, '188cm - 6ft 2.0 1'),
(40, '189cm - 6ft 2.40'),
(41, '190cm - 6ft 2.80'),
(42, '191cm - 6ft 3.19'),
(43, '192cm - 6ft 3.59'),
(44, '193cm - 6ft 3.98'),
(45, '194cm - 6ft 4.37'),
(46, '195cm - 6ft 4.77'),
(47, '196cm - 6ft 5.16'),
(48, '197cm - 6ft 5.55'),
(49, '198cm - 6ft 5.95'),
(50, '199cm - 6ft 6.34'),
(51, '200cm - 6ft 6.74'),
(52, '201cm - 6ft 7.13'),
(53, '202cm - 6ft 7.52'),
(54, '203cm - 6ft 7.92'),
(55, '204cm - 6ft 8.31'),
(56, '205cm - 6ft 8.70'),
(57, '206cm - 6ft 9.10'),
(58, '207cm - 6ft 9.49'),
(59, '208cm - 6ft 9.88'),
(60, '209cm - 6ft 10.2'),
(61, '210cm - 6ft 10.67'),
(62, '211cm - 6ft 11.07'),
(63, '212cm - 6ft 11.45'),
(64, '213cm - 6ft 11.85'),
(65, '214cm - 7ft 0.25'),
(66, '215cm - 7ft 0.64'),
(67, '216cm - 7ft 1.03'),
(68, '217cm - 7ft 1.43'),
(69, '218cm - 7ft 1.82'),
(70, '219cm - 7ft 2.22'),
(71, '220cm - 7ft 2.61'),
(72, '221cm - 7ft 3'),
(73, '222cm - 7ft 3.40'),
(74, '223cm - 7ft 3.79'),
(75, '224cm - 7ft 4.18'),
(76, '225cm - 7ft 4.58');

-- --------------------------------------------------------

--
-- Table structure for table `helpline_numbers`
--

CREATE TABLE `helpline_numbers` (
  `id` int(11) NOT NULL,
  `country_name` varchar(100) NOT NULL,
  `phone_number` varchar(100) NOT NULL,
  `status` int(11) NOT NULL DEFAULT '1'
) ENGINE=MyISAM DEFAULT CHARSET=latin1;

--
-- Dumping data for table `helpline_numbers`
--

INSERT INTO `helpline_numbers` (`id`, `country_name`, `phone_number`, `status`) VALUES
(1, 'INDIA', '+91-4567893456', 1),
(2, 'UK', '+5698622689', 1),
(3, 'Singapore', '+36598652114', 1);

-- --------------------------------------------------------

--
-- Table structure for table `history`
--

CREATE TABLE `history` (
  `history_id` int(30) NOT NULL,
  `history_type` varchar(100) NOT NULL,
  `history_foreign` int(30) DEFAULT NULL,
  `history_from` int(20) NOT NULL,
  `history_to` int(20) NOT NULL,
  `history_status` int(10) NOT NULL,
  `history_message` longtext,
  `status` int(11) NOT NULL DEFAULT '0',
  `trash` int(11) DEFAULT '0',
  `history_datetime` datetime NOT NULL
) ENGINE=InnoDB DEFAULT CHARSET=latin1;

--
-- Dumping data for table `history`
--

INSERT INTO `history` (`history_id`, `history_type`, `history_foreign`, `history_from`, `history_to`, `history_status`, `history_message`, `status`, `trash`, `history_datetime`) VALUES
(1, 'INTEREST_SENT', 1, 5136172, 7535161, 1, '', 0, 0, '2017-07-19 17:19:04'),
(2, 'INTEREST_SENT', 2, 7180214, 7535161, 0, '', 0, 0, '2017-07-19 17:20:30');

-- --------------------------------------------------------

--
-- Table structure for table `hobbies`
--

CREATE TABLE `hobbies` (
  `id` int(11) NOT NULL,
  `user_id` varchar(100) NOT NULL,
  `hobbies` text NOT NULL,
  `music` text NOT NULL,
  `sports` text NOT NULL,
  `languages` text NOT NULL,
  `other_hobbies` text NOT NULL,
  `other_music` text NOT NULL,
  `other_sports` text NOT NULL,
  `other_languages` text NOT NULL
) ENGINE=InnoDB DEFAULT CHARSET=latin1;

--
-- Dumping data for table `hobbies`
--

INSERT INTO `hobbies` (`id`, `user_id`, `hobbies`, `music`, `sports`, `languages`, `other_hobbies`, `other_music`, `other_sports`, `other_languages`) VALUES
(8, '7577796', 'Movies,Landscape', 'Western Music', 'Tennis', 'english,hindi,kannada,malayalam,Tamil', '', '', '', ''),
(9, '6539442', 'cooking,nature,movies,dancing,', 'film,western,classic,', 'cricket,carrom,football,gym,', 'english,hindi,tamil,telugu,kannada,', '', '', '', ''),
(10, '5980622', 'cooking,nature,', 'film,western,', 'football,tennis,', 'english,hindi,tamil,malayalam', '', '', '', ''),
(11, '9878476', 'cooking,nature,movies,dancing,painting,internet,travel,pets,landscape,puzzle,musics,photo,add', 'film,western,classic,rock', 'cricket,jogging,badminton,football,dfsdf', 'english,hindi,tamil,sdfsdf', '', '', '', ''),
(12, '4906686', 'cooking,nature,movies,dancing,painting,travel,pets,landscape,puzzle,', 'film,western,classic,', 'carrom,jogging,badminton,', 'hindi,tamil,telugu,', '', '', '', ''),
(13, '4921067', 'Cooking,Internet,Painting', 'Film Songs', 'Cricket,Badminton', 'Malayalam,Hindi,Tamil', '', '', '', ''),
(14, '5310265', 'nature,movies,dancing,painting,travel,photo,', 'film,', 'jogging,badminton,tennis,', 'english,hindi,tamil,', '', '', '', ''),
(15, '1923511', 'Cooking,Internet,Travel,Photo,Painting', 'Film Songs', 'Cricket,Badminton,Carrom', 'Malayalam,Hindi,Tamil', '', '', '', ''),
(16, '7520209', 'cooking,movies,dancing,travel,puzzle,musics,photo,', 'western,', 'jogging,badminton,tennis,', 'english,hindi,tamil,', '', '', '', ''),
(17, '4981072', 'nature,movies,dancing,', 'film,western,classic,', 'tennis,', 'marathi,', '', '', '', ''),
(18, '6467798', 'cooking,nature,travel,pets,', 'film,western,', 'jogging,badminton,tennis,', 'telugu,kannada,urdu,', '', '', '', ''),
(19, '4380262', 'cooking,movies,dancing,painting,', 'classic,', 'carrom,jogging,', 'english,hindi,tamil,', '', '', '', ''),
(20, '6452605', 'cooking,nature,', '', '', '', '', '', '', ''),
(21, '9950824', 'nature,travel,pets,photo,melodies', 'film,western,Rock', 'jogging,tennis,gym,Football', 'english,hindi,tamil,kannada', '', '', '', ''),
(22, '8624954', 'Cooking,Nature,Painting,Pets', 'Film Songs,Western Music,Classic Music', 'Cricket,Carrom,Swimming,Football', 'english,hindi,kannada,malayalam,English,Hindi,Malayalam', '', '', '', ''),
(23, '4689972', 'Cooking', 'Film Songs', 'Carrom', 'Telugu,Hindi', '', '', '', ''),
(24, '8840620', 'Internet', 'Film Songs', 'Football', 'Tamil', '', '', '', ''),
(25, '8493817', 'cooking,nature,internet,', 'film,', 'cricket,carrom,', 'english,hindi,tamil,', '', '', '', ''),
(26, '3617298', 'Dancing,Internet,Painting,Kung Fu', 'Film Songs,Melodies', 'Jogging,Gym,Football', 'Malayalam,Tamil,Telugu,Telugu,Tamil,Malayalam', '', '', '', ''),
(27, '5464799', 'Photo,Travel,Music,Dancing,Painting', 'Classical Music,Western Music,Film Songs', 'Badminton,Jogging,Carrom', 'Malayalam,Hindi,Tamil', '', '', '', ''),
(28, '8235405', 'nature,travel,photo,', 'western,', 'badminton,gym,', 'english,hindi,tamil,', '', '', '', ''),
(29, '7246089', 'Cooking,Nature,Movies,Dancing,Painting,Pets,Landscape,Puzzle,Music,Internet,Travel,Photo', 'Film Songs,Western Music,Classic Music', 'Cricket,Carrom,Jogging,Badminton,Swimming,Football,Tennis,Gym', 'Telugu,Hindi,Kannada,Malayalam,English,Gujarathi,Tamil,Bengali,Rajasthani', '', '', '', ''),
(30, '5308352', 'nature,internet,musics,photo,', 'classic,', 'yoga', 'english,telugu,', '', '', '', ''),
(35, '5941411', 'cooking,internet', 'film,western', 'cricket,carrom', 'english,marathi', 'Test Hobbies', 'qweqwe', 'qweqw', 'qwewqe'),
(36, '8710301', 'cooking', 'film', 'cricket', 'english, hindi, tamil, telugu, kannada, urdu, marathi, gujarathi', '', '', '', ''),
(37, '7535161', 'cooking, nature, movies, dancing, painting, internet, travel, pets, puzzle, musics, photo', 'film, western, classic', 'cricket, carrom, jogging, badminton, swimming, football, tennis, gym', 'english, hindi, tamil, telugu, kannada, urdu, marathi, gujarathi', 'Test hobby', 'Test music', 'Test sports', 'Test Language'),
(38, '7180214', 'cooking, nature, movies, dancing, internet, pets, puzzle, musics, photo', 'film, classic', 'cricket, jogging, badminton, swimming, football, gym', 'english, tamil', 'Sing', 'Fusion', 'Wrestling', 'Malayalam'),
(39, '5136172', '', '', '', '', '', '', '', '');

-- --------------------------------------------------------

--
-- Table structure for table `index_management`
--

CREATE TABLE `index_management` (
  `id` int(11) NOT NULL,
  `banner_image` varchar(750) DEFAULT NULL,
  `content_header` text,
  `content_para` text,
  `content_button` varchar(750) DEFAULT NULL,
  `content_link` varchar(750) DEFAULT NULL,
  `footer_image` varchar(750) DEFAULT NULL,
  `footer_header` text,
  `footer_para` text,
  `right_ad` varchar(750) DEFAULT NULL,
  `left_ad` varchar(750) DEFAULT NULL,
  `date_time` datetime NOT NULL
) ENGINE=InnoDB DEFAULT CHARSET=latin1;

--
-- Dumping data for table `index_management`
--

INSERT INTO `index_management` (`id`, `banner_image`, `content_header`, `content_para`, `content_button`, `content_link`, `footer_image`, `footer_header`, `footer_para`, `right_ad`, `left_ad`, `date_time`) VALUES
(1, NULL, 'fredfgtred', 'dergtrdfetg', 'rgtrgt', 'dergt', NULL, NULL, NULL, '', '', '2017-01-18 12:32:50'),
(6, NULL, 'Explore the history of the classic Lorem Ipsum passage and generate your own text using any number of characters, words, sentences or paragraphs. Commonly used as placeholder text in the graphic and print industries, Lorem Ipsum's origins extend far back to a scrambled Latin passage from Cicero in the middle ages.', 'Read More', , NULL, NULL, NULL, '', '', '2017-01-18 13:22:01'),
(7, NULL, NULL, NULL, NULL, NULL, 'assets/uploads/footer_image/1484726180_bgimage_07-01.jpg', 'sedfersdfgt', 'drgrdgt', '', '', '2017-01-18 13:26:20'),
(8, NULL, NULL, NULL, NULL, NULL, 'assets/uploads/banner/1501058896_home_phone.png', 'Thirumanaveedu Matrimony', 'Thirumanaveedu Matrimony', '', '', '2017-01-18 13:26:58'),
(18, NULL, NULL, NULL, NULL, NULL, NULL, NULL, NULL, NULL, 'assets/uploads/ads/1484737036_7.jpg', '2017-01-18 16:27:16'),
(19, NULL, NULL, NULL, NULL, NULL, NULL, NULL, NULL, 'assets/uploads/ads/1484737040_9.jpg', NULL, '2017-01-18 16:27:20'),
(20, NULL, NULL, NULL, NULL, NULL, NULL, NULL, NULL, NULL, 'assets/uploads/ads/1484737369_googleadd.gif', '2017-01-18 16:32:49'),
(21, NULL, NULL, NULL, NULL, NULL, NULL, NULL, NULL, 'assets/uploads/ads/1484737378_googleadd.gif', NULL, '2017-01-18 16:32:58'),
(22, NULL, NULL, NULL, NULL, NULL, NULL, NULL, NULL, NULL, 'assets/uploads/ads/1484739364_future-timeline-technology-160-600.jpg', '2017-01-18 17:06:04'),
(23, NULL, NULL, NULL, NULL, NULL, NULL, NULL, NULL, 'assets/uploads/ads/1484739394_164ab82abfcfab0b2f92f86fb8c8ccf1.jpg', NULL, '2017-01-18 17:06:34'),
(24, 'assets/uploads/banner/1485502535_Marriage-1200x450.png', NULL, NULL, NULL, NULL, NULL, NULL, NULL, NULL, NULL, '2017-01-25 09:51:36'),
(25, 'assets/uploads/banner/1485502900_11836796_981035161919952_6738331505797316504_n.jpg', NULL, NULL, NULL, NULL, NULL, NULL, NULL, NULL, NULL, '2017-01-27 13:06:59'),
(31, 'assets/uploads/banner/1485926150_7.jpg', NULL, NULL, NULL, NULL, NULL, NULL, NULL, NULL, NULL, '2017-02-01 10:45:50'),
(32, 'assets/uploads/banner/1486038128_fennes_wedding.jpg', NULL, NULL, NULL, NULL, NULL, NULL, NULL, NULL, NULL, '2017-02-02 17:52:08'),
(34, NULL, NULL, NULL, NULL, NULL, NULL, NULL, NULL, NULL, 'assets/uploads/ads/1486039303_advcash_ru_160_600.gif', '2017-02-02 18:11:43'),
(35, NULL, NULL, NULL, NULL, NULL, NULL, NULL, NULL, 'assets/uploads/ads/1486039333_14d0d02d564b3aaed6ef453fcd27d6e3.jpg', NULL, '2017-02-02 18:12:13'),
(36, NULL, NULL, NULL, NULL, NULL, NULL, NULL, NULL, NULL, 'assets/uploads/ads/1486041984_1484739364_future-timeline-technology-160-600.jpg', '2017-02-02 18:56:24'),
(37, NULL, NULL, NULL, NULL, NULL, NULL, NULL, NULL, 'assets/uploads/ads/1486041990_1484739394_164ab82abfcfab0b2f92f86fb8c8ccf1.jpg', NULL, '2017-02-02 18:56:30'),
(38, 'assets/uploads/banner/1486220462_7.jpg', NULL, NULL, NULL, NULL, NULL, NULL, NULL, NULL, NULL, '2017-02-04 20:31:02'),
(39, 'assets/uploads/banner/1486357636_7.jpg', NULL, NULL, NULL, NULL, NULL, NULL, NULL, NULL, NULL, '2017-02-06 10:37:16'),
(40, 'assets/uploads/banner/1489045560_12003013_981035165253285_1673641877866797276_n.jpg', NULL, NULL, NULL, NULL, NULL, NULL, NULL, NULL, NULL, '2017-03-09 13:16:00'),
(41, 'assets/uploads/banner/1489045633_11836796_981035161919952_6738331505797316504_n.jpg', NULL, NULL, NULL, NULL, NULL, NULL, NULL, NULL, NULL, '2017-03-09 13:17:13'),
(42, 'assets/uploads/banner/1492681071_home_main_bg.png', NULL, NULL, NULL, NULL, NULL, NULL, NULL, NULL, NULL, '2017-04-20 15:07:51');

-- --------------------------------------------------------

--
-- Table structure for table `logs_table`
--

CREATE TABLE `logs_table` (
  `log_id` int(11) NOT NULL,
  `log_type` varchar(100) NOT NULL,
  `log_content` varchar(100) NOT NULL,
  `log_author` varchar(100) NOT NULL,
  `log_usertype` int(11) NOT NULL,
  `log_datetime` varchar(100) NOT NULL
) ENGINE=InnoDB DEFAULT CHARSET=latin1;

--
-- Dumping data for table `logs_table`
--

INSERT INTO `logs_table` (`log_id`, `log_type`, `log_content`, `log_author`, `log_usertype`, `log_datetime`) VALUES
(1, 'EDIT', 'Members Details Edited', '44', 0, '2017-02-15 12:08:48'),
(2, 'EDIT', 'Members Details Edited', '45', 0, '2017-02-15 12:15:07'),
(3, 'EDIT', 'Members Details Edited', '14', 3, '2017-02-15 12:41:15'),
(4, 'REJECT', 'Rejected membership of 241', '45', 2, '2017-02-15 12:49:23'),
(5, 'APPROVE', 'Approved membership of 241', '45', 2, '2017-02-15 12:49:30'),
(6, 'BAN', 'Banned membership of 241', '45', 2, '2017-02-15 12:49:38'),
(7, 'delete', 'deleted 241', '45', 2, '2017-02-15 12:49:45'),
(8, 'APPROVE', 'Approved membership of 241', '45', 2, '2017-02-15 12:49:56'),
(9, 'REJECT', 'Rejected gallerypic of 9950824', '45', 2, '2017-02-15 12:58:57'),
(10, 'APPROVE', 'Approved gallerypic of 9950824', '45', 2, '2017-02-15 12:59:27'),
(11, 'delete', 'Deleted gallerypic of 9950824', '45', 2, '2017-02-15 12:59:37'),
(12, 'approve', 'success story of 1 approved', '45', 2, '2017-02-15 13:19:48'),
(13, 'send', 'send news letters to 6539442', '45', 2, '2017-02-15 13:25:53'),
(14, 'send', 'send news letters to 3485745', '45', 2, '2017-02-15 13:25:58'),
(15, 'send', 'send news letters to 4380262', '45', 2, '2017-02-15 13:26:00'),
(16, 'send', 'send news letters to 9950824', '45', 2, '2017-02-15 13:26:01'),
(17, 'send', 'send news letters to 6539442', '45', 2, '2017-02-15 13:29:31'),
(18, 'send', 'send news letters to 9950824', '45', 2, '2017-02-15 13:29:35'),
(19, 'edit', 'admin edited', '45', 2, '2017-02-15 14:59:36'),
(20, 'delete', 'admin deleted', '45', 2, '2017-02-15 15:00:07'),
(21, 'SMS SEND', 'awade', '45', 2, '2017-02-15 15:41:34'),
(22, 'SMS SEND', 'awade', '45', 2, '2017-02-15 15:41:34'),
(23, 'APPROVE', 'Approved membership of 241', '45', 2, '2017-02-15 15:59:30'),
(24, 'APPROVE', 'Approved membership of 241', '45', 2, '2017-02-15 15:59:39'),
(25, 'REJECT', 'Rejected membership of 241', '45', 2, '2017-02-15 15:59:49'),
(26, 'APPROVE', 'Approved membership of 223', '45', 2, '2017-02-15 16:08:46'),
(27, 'APPROVE', 'Approved membership of 241', '45', 2, '2017-02-15 16:12:27'),
(28, 'APPROVE', 'Highlighted membership of 240', '45', 2, '2017-02-15 16:13:11'),
(29, 'APPROVE', 'Highlighted membership of 240', '45', 2, '2017-02-15 16:13:58'),
(30, 'APPROVE', 'Highlighted membership of 240', '45', 2, '2017-02-15 16:15:30'),
(31, 'REMOVE HIGHLIGHT', 'Removed Highlighted profile of 240', '45', 2, '2017-02-15 16:21:08'),
(32, 'PROFILE HIGHLIGHT', 'Highlighted membership of 241', '45', 2, '2017-02-15 16:38:52'),
(33, 'PROFILE HIGHLIGHT', 'Highlighted membership of 240', '45', 2, '2017-02-15 16:53:24'),
(34, 'REMOVE HIGHLIGHT', 'Removed Highlighted profile of 241', '45', 2, '2017-02-15 16:53:35'),
(35, 'PROFILE HIGHLIGHT', 'Highlighted membership of 127', '45', 2, '2017-02-15 16:53:53'),
(36, 'PROFILE HIGHLIGHT', 'Highlighted membership of 152', '45', 2, '2017-02-15 17:03:52'),
(37, 'PROFILE HIGHLIGHT', 'Highlighted membership of 223', '45', 2, '2017-02-15 17:04:42'),
(38, 'REMOVE HIGHLIGHT', 'Removed Highlighted profile of 152', '45', 2, '2017-02-15 17:05:36'),
(39, 'REMOVE HIGHLIGHT', 'Removed Highlighted profile of 223', '45', 2, '2017-02-15 17:12:36'),
(40, 'APPROVE', 'add approved (14)', '45', 2, '2017-02-17 14:59:16'),
(41, 'delete', 'deleted 241', '45', 2, '2017-02-21 10:54:36'),
(42, 'APPROVE', 'Approved profilepic of 9361701', '45', 2, '2017-02-21 15:43:39'),
(43, 'APPROVE', 'Approved profilepic of 3617298', '45', 2, '2017-02-22 11:36:34'),
(44, 'APPROVE', 'Approved gallerypic of 3617298', '45', 2, '2017-02-22 16:03:23'),
(45, 'APPROVE', 'Approved gallerypic of 3617298', '45', 2, '2017-02-22 16:03:34'),
(46, 'APPROVE', 'Approved profilepic of 5464799', '45', 2, '2017-02-23 11:00:52'),
(47, 'SMS SEND', 'hoooiiiiiiiiiiii ', '45', 2, '2017-02-23 17:50:09'),
(48, 'SMS SEND', 'hoooiiiiiiiiiiii ', '45', 2, '2017-02-23 17:50:54'),
(49, 'SMS SEND', 'testtest', '45', 2, '2017-02-23 17:51:40'),
(50, 'send', 'send news letters to 6539442', '45', 2, '2017-02-23 18:46:48'),
(51, 'send', 'send news letters to 9950824', '45', 2, '2017-02-23 18:46:53'),
(52, 'send', 'send news letters to 8493817', '45', 2, '2017-02-23 18:46:55'),
(53, 'send', 'send news letters to 1035131', '45', 2, '2017-02-23 18:46:56'),
(54, 'send', 'send news letters to 6539442', '45', 2, '2017-02-23 18:47:29'),
(55, 'send', 'send news letters to 9950824', '45', 2, '2017-02-23 18:47:32'),
(56, 'send', 'send news letters to 8493817', '45', 2, '2017-02-23 18:47:34'),
(57, 'send', 'send news letters to 1035131', '45', 2, '2017-02-23 18:47:35'),
(58, 'APPROVE', 'Approved profilepic of 7848788', '45', 2, '2017-02-24 10:56:32'),
(59, 'APPROVE', 'Approved profilepic of 1035131', '45', 2, '2017-02-24 11:01:53'),
(60, 'SMS SEND', 'sms', '45', 2, '2017-02-24 11:28:49'),
(61, 'SMS SEND', 'sms', '45', 2, '2017-02-24 11:28:49'),
(62, 'send', 'send news letters to 6539442', '45', 2, '2017-02-24 11:38:25'),
(63, 'send', 'send news letters to 9950824', '45', 2, '2017-02-24 11:38:29'),
(64, 'send', 'send news letters to 8493817', '45', 2, '2017-02-24 11:38:32'),
(65, 'send', 'send news letters to 1035131', '45', 2, '2017-02-24 11:38:32'),
(66, 'send', 'send news letters to 6539442', '45', 2, '2017-02-24 11:39:10'),
(67, 'send', 'send news letters to 9950824', '45', 2, '2017-02-24 11:39:14'),
(68, 'send', 'send news letters to 8493817', '45', 2, '2017-02-24 11:39:16'),
(69, 'send', 'send news letters to 1035131', '45', 2, '2017-02-24 11:39:17'),
(70, 'send', 'send news letters to 6539442', '45', 2, '2017-02-24 11:41:14'),
(71, 'send', 'send news letters to 9950824', '45', 2, '2017-02-24 11:41:18'),
(72, 'send', 'send news letters to 8493817', '45', 2, '2017-02-24 11:41:20'),
(73, 'send', 'send news letters to 1035131', '45', 2, '2017-02-24 11:41:21'),
(74, 'send', 'send news letters to 6539442', '45', 2, '2017-02-24 11:41:22'),
(75, 'send', 'send news letters to 9950824', '45', 2, '2017-02-24 11:41:26'),
(76, 'send', 'send news letters to 8493817', '45', 2, '2017-02-24 11:41:28'),
(77, 'send', 'send news letters to 1035131', '45', 2, '2017-02-24 11:41:29'),
(78, 'SMS SEND', 'sms', '45', 2, '2017-02-24 12:21:27'),
(79, 'send', 'send news letters to 6539442', '45', 2, '2017-02-24 12:22:29'),
(80, 'send', 'send news letters to 9950824', '45', 2, '2017-02-24 12:22:34'),
(81, 'send', 'send news letters to 8493817', '45', 2, '2017-02-24 12:22:37'),
(82, 'send', 'send news letters to 1035131', '45', 2, '2017-02-24 12:22:38'),
(83, 'APPROVE', 'Approved gallerypic of 8235405', '45', 2, '2017-02-24 15:15:35'),
(84, 'APPROVE', 'Approved gallerypic of ', '45', 2, '2017-02-24 15:16:18'),
(85, 'APPROVE', 'Approved gallerypic of 8235405', '45', 2, '2017-02-24 15:16:42'),
(86, 'APPROVE', 'Approved gallerypic of 8235405', '45', 2, '2017-02-24 15:17:37'),
(87, 'APPROVE', 'Approved profilepic of ', '45', 2, '2017-02-24 15:18:18'),
(88, 'PROFILE HIGHLIGHT', 'Highlighted membership of 107', '45', 2, '2017-02-24 16:25:31'),
(89, 'BAN', 'Banned membership of 107', '45', 2, '2017-02-24 16:25:53'),
(90, 'REMOVE HIGHLIGHT', 'Removed Highlighted profile of 107', '45', 2, '2017-02-24 16:26:56'),
(91, 'APPROVE', 'Approved profilepic of 8235405', '45', 2, '2017-02-24 16:38:12'),
(92, 'APPROVE', 'Approved profilepic of 8235405', '45', 2, '2017-02-25 10:30:24'),
(93, 'edit', 'ads edited (15)', '45', 2, '2017-02-25 12:01:26'),
(94, 'edit', 'ads edited (15)', '45', 2, '2017-02-25 12:01:41'),
(95, 'APPROVE', 'add approved (15)', '45', 2, '2017-02-25 12:03:26'),
(96, 'approve', 'success story approved', '45', 2, '2017-02-28 12:26:55'),
(97, 'SMS SEND', 'test message', '45', 2, '2017-02-28 16:08:43'),
(98, 'send', 'send news letters to 6539442', '45', 2, '2017-02-28 16:10:50'),
(99, 'send', 'send news letters to 9950824', '45', 2, '2017-02-28 16:10:57'),
(100, 'send', 'send news letters to 8493817', '45', 2, '2017-02-28 16:11:02'),
(101, 'send', 'send news letters to 1035131', '45', 2, '2017-02-28 16:11:04'),
(102, 'send', 'send news letters to 8235405', '45', 2, '2017-02-28 16:11:06'),
(103, 'send', 'send news letters to 6539442', '45', 2, '2017-02-28 16:20:04'),
(104, 'send', 'send news letters to 9950824', '45', 2, '2017-02-28 16:20:09'),
(105, 'send', 'send news letters to 8493817', '45', 2, '2017-02-28 16:20:11'),
(106, 'send', 'send news letters to 1035131', '45', 2, '2017-02-28 16:20:12'),
(107, 'send', 'send news letters to 8235405', '45', 2, '2017-02-28 16:20:12'),
(108, 'send', 'send news letters to 6539442', '45', 2, '2017-02-28 16:21:54'),
(109, 'send', 'send news letters to 9950824', '45', 2, '2017-02-28 16:22:03'),
(110, 'send', 'send news letters to 8493817', '45', 2, '2017-02-28 16:22:11'),
(111, 'send', 'send news letters to 1035131', '45', 2, '2017-02-28 16:22:13'),
(112, 'send', 'send news letters to 8235405', '45', 2, '2017-02-28 16:22:15'),
(113, 'send', 'send news letters to 6539442', '45', 2, '2017-02-28 16:23:34'),
(114, 'send', 'send news letters to 9950824', '45', 2, '2017-02-28 16:23:38'),
(115, 'send', 'send news letters to 8493817', '45', 2, '2017-02-28 16:23:40'),
(116, 'send', 'send news letters to 1035131', '45', 2, '2017-02-28 16:23:41'),
(117, 'send', 'send news letters to 8235405', '45', 2, '2017-02-28 16:23:42'),
(118, 'send', 'send news letters to 6539442', '45', 2, '2017-02-28 16:26:09'),
(119, 'send', 'send news letters to 9950824', '45', 2, '2017-02-28 16:26:13'),
(120, 'send', 'send news letters to 8493817', '45', 2, '2017-02-28 16:26:15'),
(121, 'send', 'send news letters to 1035131', '45', 2, '2017-02-28 16:26:16'),
(122, 'send', 'send news letters to 8235405', '45', 2, '2017-02-28 16:26:17'),
(123, 'send', 'send news letters to 6539442', '45', 2, '2017-02-28 16:29:34'),
(124, 'send', 'send news letters to 8493817', '45', 2, '2017-02-28 16:29:38'),
(125, 'delete', 'add deleted (8)', '45', 2, '2017-02-28 16:36:35'),
(126, 'delete', 'add deleted (9)', '45', 2, '2017-02-28 16:36:53'),
(127, 'delete', 'add deleted (8)', '45', 2, '2017-02-28 16:42:49'),
(128, 'REJECT', 'add rejected (15)', '45', 2, '2017-02-28 16:48:30'),
(129, 'delete', 'deleted 276', '45', 2, '2017-03-02 11:44:09'),
(130, 'insert', 'new banner image added', '45', 2, '2017-03-09 13:16:00'),
(131, 'insert', 'new banner image added', '45', 2, '2017-03-09 13:17:13'),
(132, 'delete', 'deleted 293', '45', 2, '2017-03-18 11:39:40'),
(133, 'delete', 'deleted 107', '45', 2, '2017-03-18 11:39:43'),
(134, 'delete', 'deleted 101', '45', 2, '2017-03-18 11:39:46'),
(135, 'delete', 'deleted 110', '45', 2, '2017-03-18 11:39:47'),
(136, 'delete', 'deleted 277', '45', 2, '2017-03-18 11:39:53'),
(137, 'delete', 'deleted 271', '45', 2, '2017-03-18 11:46:44'),
(138, 'delete', 'deleted 279', '45', 2, '2017-03-18 11:46:53'),
(139, 'delete', 'deleted 280', '45', 2, '2017-03-18 11:46:58'),
(140, 'delete', 'deleted 287', '45', 2, '2017-03-20 12:08:26'),
(141, 'APPROVE', 'Approved membership of 293', '45', 2, '2017-03-20 12:39:52'),
(142, 'APPROVE', 'Approved membership of 285', '45', 2, '2017-03-20 14:33:05'),
(143, 'APPROVE', 'Approved membership of 290', '45', 2, '2017-03-20 14:33:18'),
(144, 'APPROVE', 'Approved membership of 290', '45', 2, '2017-03-20 14:37:51'),
(145, 'delete', 'deleted 240', '45', 2, '2017-03-20 15:28:30'),
(146, 'APPROVE', 'Approved membership of 240', '45', 2, '2017-03-20 15:28:50'),
(147, 'APPROVE', 'Approved membership of 293', '45', 2, '2017-03-20 15:35:29'),
(148, 'APPROVE', 'Approved membership of 290', '45', 2, '2017-03-20 15:35:53'),
(149, 'APPROVE', 'Approved membership of 293', '45', 2, '2017-03-20 15:41:50'),
(150, 'APPROVE', 'Approved membership of 240', '45', 2, '2017-03-20 15:42:06'),
(151, 'APPROVE', 'Approved membership of 225', '45', 2, '2017-03-20 15:42:20'),
(152, 'APPROVE', 'Approved membership of 283', '45', 2, '2017-03-20 15:42:43'),
(153, 'APPROVE', 'Approved membership of 281', '45', 2, '2017-03-20 15:42:53'),
(154, 'APPROVE', 'Approved membership of 290', '45', 2, '2017-03-20 15:43:14'),
(155, 'APPROVE', 'Approved membership of 110', '45', 2, '2017-03-20 15:43:36'),
(156, 'APPROVE', 'Approved membership of 112', '45', 2, '2017-03-20 15:43:56'),
(157, 'APPROVE', 'Approved membership of 188', '45', 2, '2017-03-20 15:44:15');

-- --------------------------------------------------------

--
-- Table structure for table `mail_alerts`
--

CREATE TABLE `mail_alerts` (
  `id` int(11) NOT NULL,
  `matrimony_id` varchar(50) NOT NULL,
  `photo_reminder` int(11) NOT NULL,
  `membership_expiry` int(11) NOT NULL,
  `individual_match_alert` int(11) NOT NULL,
  `newsletter_alert` int(11) NOT NULL
) ENGINE=InnoDB DEFAULT CHARSET=latin1;

--
-- Dumping data for table `mail_alerts`
--

INSERT INTO `mail_alerts` (`id`, `matrimony_id`, `photo_reminder`, `membership_expiry`, `individual_match_alert`, `newsletter_alert`) VALUES
(1, '5136172', 1, 1, 1, 1),
(8, '7535161', 0, 1, 0, 1);

-- --------------------------------------------------------

--
-- Table structure for table `membership_details`
--

CREATE TABLE `membership_details` (
  `membership_id` int(50) NOT NULL,
  `matrimony_id` int(30) NOT NULL,
  `membership_package` int(30) NOT NULL,
  `membership_purchase` datetime NOT NULL,
  `membership_expiry` datetime NOT NULL,
  `addon_package` int(30) NOT NULL,
  `addon_purchase` datetime NOT NULL,
  `addon_expiry` datetime NOT NULL,
  `total_interest` int(20) NOT NULL,
  `total_sendmail` int(20) NOT NULL,
  `total_mobileview` int(20) NOT NULL,
  `total_sms` int(20) NOT NULL
) ENGINE=InnoDB DEFAULT CHARSET=latin1;

--
-- Dumping data for table `membership_details`
--

INSERT INTO `membership_details` (`membership_id`, `matrimony_id`, `membership_package`, `membership_purchase`, `membership_expiry`, `addon_package`, `addon_purchase`, `addon_expiry`, `total_interest`, `total_sendmail`, `total_mobileview`, `total_sms`) VALUES
(1, 5592374, 1, '0000-00-00 00:00:00', '0000-00-00 00:00:00', 0, '0000-00-00 00:00:00', '0000-00-00 00:00:00', 10, 0, 0, 0),
(2, 1128720, 1, '0000-00-00 00:00:00', '0000-00-00 00:00:00', 0, '0000-00-00 00:00:00', '0000-00-00 00:00:00', 10, 0, 0, 0),
(3, 9536981, 1, '0000-00-00 00:00:00', '0000-00-00 00:00:00', 0, '0000-00-00 00:00:00', '0000-00-00 00:00:00', 10, 0, 0, 0),
(4, 1950075, 1, '0000-00-00 00:00:00', '0000-00-00 00:00:00', 0, '0000-00-00 00:00:00', '0000-00-00 00:00:00', 10, 0, 0, 0),
(5, 3081369, 1, '0000-00-00 00:00:00', '0000-00-00 00:00:00', 0, '0000-00-00 00:00:00', '0000-00-00 00:00:00', 10, 0, 0, 0),
(6, 1807201, 1, '0000-00-00 00:00:00', '0000-00-00 00:00:00', 0, '0000-00-00 00:00:00', '0000-00-00 00:00:00', 10, 0, 0, 0),
(7, 9103429, 1, '0000-00-00 00:00:00', '0000-00-00 00:00:00', 0, '0000-00-00 00:00:00', '0000-00-00 00:00:00', 10, 0, 0, 0),
(8, 6539442, 5, '2017-02-24 11:26:50', '2017-05-24 00:00:00', 4, '2017-02-18 17:06:34', '2017-05-18 17:06:34', 42, 41, 46, 41),
(9, 1000228, 1, '0000-00-00 00:00:00', '0000-00-00 00:00:00', 0, '0000-00-00 00:00:00', '0000-00-00 00:00:00', 10, 0, 0, 0),
(10, 7577796, 1, '2016-07-01 00:00:00', '2017-01-25 00:00:00', 4, '0000-00-00 00:00:00', '0000-00-00 00:00:00', 12, 1, 0, 0),
(11, 1043499, 1, '0000-00-00 00:00:00', '0000-00-00 00:00:00', 0, '0000-00-00 00:00:00', '0000-00-00 00:00:00', 10, 0, 0, 0),
(12, 8305230, 1, '0000-00-00 00:00:00', '0000-00-00 00:00:00', 0, '0000-00-00 00:00:00', '0000-00-00 00:00:00', 10, 0, 0, 0),
(13, 7463625, 1, '0000-00-00 00:00:00', '0000-00-00 00:00:00', 0, '0000-00-00 00:00:00', '0000-00-00 00:00:00', 10, 0, 0, 0),
(14, 8299512, 1, '0000-00-00 00:00:00', '0000-00-00 00:00:00', 0, '0000-00-00 00:00:00', '0000-00-00 00:00:00', 10, 0, 0, 0),
(15, 8916314, 1, '0000-00-00 00:00:00', '0000-00-00 00:00:00', 0, '0000-00-00 00:00:00', '0000-00-00 00:00:00', 10, 0, 0, 0),
(16, 1279360, 1, '0000-00-00 00:00:00', '0000-00-00 00:00:00', 0, '0000-00-00 00:00:00', '0000-00-00 00:00:00', 10, 0, 0, 0),
(17, 2499550, 1, '0000-00-00 00:00:00', '0000-00-00 00:00:00', 0, '0000-00-00 00:00:00', '0000-00-00 00:00:00', 10, 0, 0, 0),
(18, 6994987, 1, '0000-00-00 00:00:00', '0000-00-00 00:00:00', 0, '0000-00-00 00:00:00', '0000-00-00 00:00:00', 10, 0, 0, 0),
(19, 3961484, 1, '0000-00-00 00:00:00', '0000-00-00 00:00:00', 0, '0000-00-00 00:00:00', '0000-00-00 00:00:00', 10, 0, 0, 0),
(20, 5980622, 4, '2017-01-24 12:09:57', '2017-04-24 12:09:57', 0, '0000-00-00 00:00:00', '0000-00-00 00:00:00', 10, 0, 20, 0),
(21, 9279227, 3, '2017-01-24 12:09:57', '2017-04-24 12:09:57', 3, '2017-01-23 18:26:33', '2017-04-23 18:26:33', 20, 20, 20, 20),
(22, 8624954, 1, '0000-00-00 00:00:00', '0000-00-00 00:00:00', 0, '0000-00-00 00:00:00', '0000-00-00 00:00:00', 5, 0, 0, 0),
(23, 6249224, 1, '0000-00-00 00:00:00', '0000-00-00 00:00:00', 0, '0000-00-00 00:00:00', '0000-00-00 00:00:00', 5, 0, 0, 0),
(24, 1171241, 1, '0000-00-00 00:00:00', '0000-00-00 00:00:00', 0, '0000-00-00 00:00:00', '0000-00-00 00:00:00', 5, 0, 0, 0),
(25, 7221249, 1, '0000-00-00 00:00:00', '0000-00-00 00:00:00', 0, '0000-00-00 00:00:00', '0000-00-00 00:00:00', 5, 0, 0, 0),
(26, 9878476, 1, '0000-00-00 00:00:00', '0000-00-00 00:00:00', 0, '0000-00-00 00:00:00', '0000-00-00 00:00:00', 5, 0, 0, 0),
(27, 9729449, 1, '0000-00-00 00:00:00', '0000-00-00 00:00:00', 0, '0000-00-00 00:00:00', '0000-00-00 00:00:00', 5, 0, 0, 0),
(28, 4906686, 1, '0000-00-00 00:00:00', '0000-00-00 00:00:00', 0, '0000-00-00 00:00:00', '0000-00-00 00:00:00', 5, 0, 0, 0),
(29, 3176636, 1, '0000-00-00 00:00:00', '0000-00-00 00:00:00', 0, '0000-00-00 00:00:00', '0000-00-00 00:00:00', 5, 0, 0, 0),
(30, 4370060, 1, '0000-00-00 00:00:00', '0000-00-00 00:00:00', 0, '0000-00-00 00:00:00', '0000-00-00 00:00:00', 5, 0, 0, 0),
(31, 5310265, 1, '2017-02-04 11:06:42', '2017-02-04 11:06:42', 0, '0000-00-00 00:00:00', '0000-00-00 00:00:00', 5, 0, 0, 0),
(32, 1923511, 1, '0000-00-00 00:00:00', '0000-00-00 00:00:00', 0, '0000-00-00 00:00:00', '0000-00-00 00:00:00', 5, 0, 0, 0),
(33, 7520209, 3, '2017-02-08 16:29:46', '2017-05-08 00:00:00', 0, '0000-00-00 00:00:00', '0000-00-00 00:00:00', 22, 20, 0, 20),
(34, 2403700, 1, '0000-00-00 00:00:00', '0000-00-00 00:00:00', 0, '0000-00-00 00:00:00', '0000-00-00 00:00:00', 5, 0, 0, 0),
(35, 8878455, 1, '0000-00-00 00:00:00', '0000-00-00 00:00:00', 0, '0000-00-00 00:00:00', '0000-00-00 00:00:00', 5, 0, 0, 0),
(36, 3180310, 1, '0000-00-00 00:00:00', '0000-00-00 00:00:00', 0, '0000-00-00 00:00:00', '0000-00-00 00:00:00', 5, 0, 0, 0),
(37, 9193626, 1, '0000-00-00 00:00:00', '0000-00-00 00:00:00', 0, '0000-00-00 00:00:00', '0000-00-00 00:00:00', 5, 0, 0, 0),
(38, 1495209, 1, '0000-00-00 00:00:00', '0000-00-00 00:00:00', 0, '0000-00-00 00:00:00', '0000-00-00 00:00:00', 5, 0, 0, 0),
(39, 9995130, 1, '0000-00-00 00:00:00', '0000-00-00 00:00:00', 0, '0000-00-00 00:00:00', '0000-00-00 00:00:00', 5, 0, 0, 0),
(40, 5549915, 1, '0000-00-00 00:00:00', '0000-00-00 00:00:00', 0, '0000-00-00 00:00:00', '0000-00-00 00:00:00', 5, 0, 0, 0),
(41, 6260944, 3, '2017-02-07 18:42:02', '2017-05-07 18:42:02', 0, '0000-00-00 00:00:00', '0000-00-00 00:00:00', 23, 20, 0, 20),
(42, 3485745, 1, '0000-00-00 00:00:00', '0000-00-00 00:00:00', 0, '0000-00-00 00:00:00', '0000-00-00 00:00:00', 5, 0, 0, 0),
(43, 1328195, 1, '0000-00-00 00:00:00', '0000-00-00 00:00:00', 0, '0000-00-00 00:00:00', '0000-00-00 00:00:00', 5, 0, 0, 0),
(44, 4981072, 1, '0000-00-00 00:00:00', '0000-00-00 00:00:00', 0, '0000-00-00 00:00:00', '0000-00-00 00:00:00', 5, 0, 0, 0),
(45, 6467798, 1, '0000-00-00 00:00:00', '0000-00-00 00:00:00', 0, '0000-00-00 00:00:00', '0000-00-00 00:00:00', 5, 0, 0, 0),
(46, 4380262, 1, '0000-00-00 00:00:00', '0000-00-00 00:00:00', 0, '0000-00-00 00:00:00', '0000-00-00 00:00:00', 5, 0, 0, 0),
(47, 7776784, 1, '0000-00-00 00:00:00', '0000-00-00 00:00:00', 0, '0000-00-00 00:00:00', '0000-00-00 00:00:00', 5, 0, 0, 0),
(48, 7572943, 1, '0000-00-00 00:00:00', '0000-00-00 00:00:00', 0, '0000-00-00 00:00:00', '0000-00-00 00:00:00', 5, 0, 0, 0),
(49, 6452605, 1, '0000-00-00 00:00:00', '0000-00-00 00:00:00', 0, '0000-00-00 00:00:00', '0000-00-00 00:00:00', 5, 0, 0, 0),
(50, 7136853, 1, '0000-00-00 00:00:00', '0000-00-00 00:00:00', 0, '0000-00-00 00:00:00', '0000-00-00 00:00:00', 5, 0, 0, 0),
(51, 3663911, 1, '0000-00-00 00:00:00', '0000-00-00 00:00:00', 0, '0000-00-00 00:00:00', '0000-00-00 00:00:00', 5, 0, 0, 0),
(52, 6427253, 1, '0000-00-00 00:00:00', '0000-00-00 00:00:00', 0, '0000-00-00 00:00:00', '0000-00-00 00:00:00', 5, 0, 0, 0),
(53, 5400379, 1, '0000-00-00 00:00:00', '0000-00-00 00:00:00', 0, '0000-00-00 00:00:00', '0000-00-00 00:00:00', 5, 0, 0, 0),
(54, 8702356, 1, '0000-00-00 00:00:00', '0000-00-00 00:00:00', 0, '0000-00-00 00:00:00', '0000-00-00 00:00:00', 5, 0, 0, 0),
(55, 4959795, 1, '0000-00-00 00:00:00', '0000-00-00 00:00:00', 0, '0000-00-00 00:00:00', '0000-00-00 00:00:00', 5, 0, 0, 0),
(56, 1660450, 1, '0000-00-00 00:00:00', '0000-00-00 00:00:00', 0, '0000-00-00 00:00:00', '0000-00-00 00:00:00', 5, 0, 0, 0),
(57, 1990850, 1, '0000-00-00 00:00:00', '0000-00-00 00:00:00', 0, '0000-00-00 00:00:00', '0000-00-00 00:00:00', 5, 0, 0, 0),
(58, 5703735, 1, '0000-00-00 00:00:00', '0000-00-00 00:00:00', 0, '0000-00-00 00:00:00', '0000-00-00 00:00:00', 5, 0, 0, 0),
(59, 8199372, 1, '0000-00-00 00:00:00', '0000-00-00 00:00:00', 0, '0000-00-00 00:00:00', '0000-00-00 00:00:00', 5, 0, 0, 0),
(60, 3283770, 1, '0000-00-00 00:00:00', '0000-00-00 00:00:00', 0, '0000-00-00 00:00:00', '0000-00-00 00:00:00', 5, 0, 0, 0),
(61, 7848443, 1, '0000-00-00 00:00:00', '0000-00-00 00:00:00', 0, '0000-00-00 00:00:00', '0000-00-00 00:00:00', 5, 0, 0, 0),
(62, 2834671, 1, '0000-00-00 00:00:00', '0000-00-00 00:00:00', 0, '0000-00-00 00:00:00', '0000-00-00 00:00:00', 5, 0, 0, 0),
(63, 4053649, 1, '0000-00-00 00:00:00', '0000-00-00 00:00:00', 0, '0000-00-00 00:00:00', '0000-00-00 00:00:00', 5, 0, 0, 0),
(64, 6954190, 1, '0000-00-00 00:00:00', '0000-00-00 00:00:00', 0, '0000-00-00 00:00:00', '0000-00-00 00:00:00', 5, 0, 0, 0),
(65, 1345081, 1, '0000-00-00 00:00:00', '0000-00-00 00:00:00', 0, '0000-00-00 00:00:00', '0000-00-00 00:00:00', 5, 0, 0, 0),
(66, 7754611, 1, '0000-00-00 00:00:00', '0000-00-00 00:00:00', 0, '0000-00-00 00:00:00', '0000-00-00 00:00:00', 5, 0, 0, 0),
(67, 4033110, 1, '0000-00-00 00:00:00', '0000-00-00 00:00:00', 0, '0000-00-00 00:00:00', '0000-00-00 00:00:00', 5, 0, 0, 0),
(68, 6057810, 1, '0000-00-00 00:00:00', '0000-00-00 00:00:00', 0, '0000-00-00 00:00:00', '0000-00-00 00:00:00', 5, 0, 0, 0),
(69, 7466668, 1, '0000-00-00 00:00:00', '0000-00-00 00:00:00', 0, '0000-00-00 00:00:00', '0000-00-00 00:00:00', 5, 0, 0, 0),
(70, 9342283, 1, '0000-00-00 00:00:00', '0000-00-00 00:00:00', 0, '0000-00-00 00:00:00', '0000-00-00 00:00:00', 5, 0, 0, 0),
(71, 3438393, 1, '0000-00-00 00:00:00', '0000-00-00 00:00:00', 0, '0000-00-00 00:00:00', '0000-00-00 00:00:00', 5, 0, 0, 0),
(72, 1384518, 1, '0000-00-00 00:00:00', '0000-00-00 00:00:00', 0, '0000-00-00 00:00:00', '0000-00-00 00:00:00', 5, 0, 0, 0),
(73, 1815459, 1, '0000-00-00 00:00:00', '0000-00-00 00:00:00', 0, '0000-00-00 00:00:00', '0000-00-00 00:00:00', 5, 0, 0, 0),
(74, 7974577, 1, '0000-00-00 00:00:00', '0000-00-00 00:00:00', 0, '0000-00-00 00:00:00', '0000-00-00 00:00:00', 5, 0, 0, 0),
(75, 9777935, 1, '0000-00-00 00:00:00', '0000-00-00 00:00:00', 0, '0000-00-00 00:00:00', '0000-00-00 00:00:00', 5, 0, 0, 0),
(76, 3507744, 1, '0000-00-00 00:00:00', '0000-00-00 00:00:00', 0, '0000-00-00 00:00:00', '0000-00-00 00:00:00', 5, 0, 0, 0),
(77, 2067377, 1, '0000-00-00 00:00:00', '0000-00-00 00:00:00', 0, '0000-00-00 00:00:00', '0000-00-00 00:00:00', 5, 0, 0, 0),
(78, 2923417, 1, '0000-00-00 00:00:00', '0000-00-00 00:00:00', 0, '0000-00-00 00:00:00', '0000-00-00 00:00:00', 5, 0, 0, 0),
(79, 8623008, 1, '0000-00-00 00:00:00', '0000-00-00 00:00:00', 0, '0000-00-00 00:00:00', '0000-00-00 00:00:00', 5, 0, 0, 0),
(80, 5311154, 1, '0000-00-00 00:00:00', '0000-00-00 00:00:00', 0, '0000-00-00 00:00:00', '0000-00-00 00:00:00', 5, 0, 0, 0),
(81, 9950824, 1, '0000-00-00 00:00:00', '0000-00-00 00:00:00', 0, '0000-00-00 00:00:00', '0000-00-00 00:00:00', 5, 0, 0, 0),
(82, 4629392, 1, '0000-00-00 00:00:00', '0000-00-00 00:00:00', 0, '0000-00-00 00:00:00', '0000-00-00 00:00:00', 5, 0, 0, 0),
(83, 9247732, 1, '0000-00-00 00:00:00', '0000-00-00 00:00:00', 0, '0000-00-00 00:00:00', '0000-00-00 00:00:00', 5, 0, 0, 0),
(84, 9564319, 1, '0000-00-00 00:00:00', '0000-00-00 00:00:00', 0, '0000-00-00 00:00:00', '0000-00-00 00:00:00', 5, 0, 0, 0),
(85, 6528430, 1, '0000-00-00 00:00:00', '0000-00-00 00:00:00', 0, '0000-00-00 00:00:00', '0000-00-00 00:00:00', 5, 0, 0, 0),
(86, 6509859, 1, '0000-00-00 00:00:00', '0000-00-00 00:00:00', 0, '0000-00-00 00:00:00', '0000-00-00 00:00:00', 5, 0, 0, 0),
(87, 6458979, 1, '0000-00-00 00:00:00', '0000-00-00 00:00:00', 0, '0000-00-00 00:00:00', '0000-00-00 00:00:00', 5, 0, 0, 0),
(88, 6698394, 1, '0000-00-00 00:00:00', '0000-00-00 00:00:00', 0, '0000-00-00 00:00:00', '0000-00-00 00:00:00', 5, 0, 0, 0),
(89, 5664416, 1, '0000-00-00 00:00:00', '0000-00-00 00:00:00', 0, '0000-00-00 00:00:00', '0000-00-00 00:00:00', 5, 0, 0, 0),
(90, 2434679, 1, '0000-00-00 00:00:00', '0000-00-00 00:00:00', 0, '0000-00-00 00:00:00', '0000-00-00 00:00:00', 5, 0, 0, 0),
(91, 7342216, 1, '0000-00-00 00:00:00', '0000-00-00 00:00:00', 0, '0000-00-00 00:00:00', '0000-00-00 00:00:00', 5, 0, 0, 0),
(92, 3467505, 1, '0000-00-00 00:00:00', '0000-00-00 00:00:00', 0, '0000-00-00 00:00:00', '0000-00-00 00:00:00', 5, 0, 0, 0),
(93, 8489922, 1, '0000-00-00 00:00:00', '0000-00-00 00:00:00', 0, '0000-00-00 00:00:00', '0000-00-00 00:00:00', 5, 0, 0, 0),
(94, 8493817, 1, '0000-00-00 00:00:00', '0000-00-00 00:00:00', 0, '0000-00-00 00:00:00', '0000-00-00 00:00:00', 5, 0, 0, 0),
(95, 4801982, 1, '0000-00-00 00:00:00', '0000-00-00 00:00:00', 0, '0000-00-00 00:00:00', '0000-00-00 00:00:00', 5, 0, 0, 0),
(96, 2853970, 1, '0000-00-00 00:00:00', '0000-00-00 00:00:00', 0, '0000-00-00 00:00:00', '0000-00-00 00:00:00', 5, 0, 0, 0),
(97, 9264210, 1, '0000-00-00 00:00:00', '0000-00-00 00:00:00', 0, '0000-00-00 00:00:00', '0000-00-00 00:00:00', 5, 0, 0, 0),
(98, 1035131, 6, '2017-02-24 11:02:53', '2017-02-24 00:00:00', 0, '0000-00-00 00:00:00', '0000-00-00 00:00:00', 51, 50, 50, 50),
(99, 7256591, 1, '0000-00-00 00:00:00', '0000-00-00 00:00:00', 0, '0000-00-00 00:00:00', '0000-00-00 00:00:00', 5, 0, 0, 0),
(100, 2390478, 1, '0000-00-00 00:00:00', '0000-00-00 00:00:00', 0, '0000-00-00 00:00:00', '0000-00-00 00:00:00', 5, 0, 0, 0),
(101, 1347299, 1, '0000-00-00 00:00:00', '0000-00-00 00:00:00', 0, '0000-00-00 00:00:00', '0000-00-00 00:00:00', 5, 0, 0, 0),
(102, 6917346, 1, '0000-00-00 00:00:00', '0000-00-00 00:00:00', 0, '0000-00-00 00:00:00', '0000-00-00 00:00:00', 5, 0, 0, 0),
(103, 6265502, 1, '0000-00-00 00:00:00', '0000-00-00 00:00:00', 0, '0000-00-00 00:00:00', '0000-00-00 00:00:00', 5, 0, 0, 0),
(104, 8840620, 1, '0000-00-00 00:00:00', '0000-00-00 00:00:00', 0, '0000-00-00 00:00:00', '0000-00-00 00:00:00', 5, 0, 0, 0),
(105, 4689972, 1, '0000-00-00 00:00:00', '0000-00-00 00:00:00', 0, '0000-00-00 00:00:00', '0000-00-00 00:00:00', 5, 0, 0, 0),
(106, 9361701, 1, '0000-00-00 00:00:00', '0000-00-00 00:00:00', 0, '0000-00-00 00:00:00', '0000-00-00 00:00:00', 5, 0, 0, 0),
(107, 3617298, 6, '2017-02-23 16:08:39', '2017-02-23 00:00:00', 0, '0000-00-00 00:00:00', '0000-00-00 00:00:00', 53, 50, 50, 50),
(108, 3400038, 1, '0000-00-00 00:00:00', '0000-00-00 00:00:00', 0, '0000-00-00 00:00:00', '0000-00-00 00:00:00', 5, 0, 0, 0),
(109, 2795557, 1, '0000-00-00 00:00:00', '0000-00-00 00:00:00', 0, '0000-00-00 00:00:00', '0000-00-00 00:00:00', 5, 0, 0, 0),
(110, 8072240, 1, '0000-00-00 00:00:00', '0000-00-00 00:00:00', 0, '0000-00-00 00:00:00', '0000-00-00 00:00:00', 5, 0, 0, 0),
(111, 7848788, 6, '2017-02-24 16:50:30', '2017-02-24 00:00:00', 0, '0000-00-00 00:00:00', '0000-00-00 00:00:00', 51, 50, 50, 50),
(112, 5464799, 1, '0000-00-00 00:00:00', '0000-00-00 00:00:00', 0, '0000-00-00 00:00:00', '0000-00-00 00:00:00', 5, 0, 0, 0),
(113, 3195586, 1, '0000-00-00 00:00:00', '0000-00-00 00:00:00', 0, '0000-00-00 00:00:00', '0000-00-00 00:00:00', 5, 0, 0, 0),
(114, 1015682, 1, '0000-00-00 00:00:00', '0000-00-00 00:00:00', 0, '0000-00-00 00:00:00', '0000-00-00 00:00:00', 5, 0, 0, 0),
(115, 4525528, 1, '0000-00-00 00:00:00', '0000-00-00 00:00:00', 0, '0000-00-00 00:00:00', '0000-00-00 00:00:00', 5, 0, 0, 0),
(116, 6114401, 1, '0000-00-00 00:00:00', '0000-00-00 00:00:00', 0, '0000-00-00 00:00:00', '0000-00-00 00:00:00', 5, 0, 0, 0),
(117, 9923575, 1, '0000-00-00 00:00:00', '0000-00-00 00:00:00', 0, '0000-00-00 00:00:00', '0000-00-00 00:00:00', 5, 0, 0, 0),
(118, 8859385, 1, '0000-00-00 00:00:00', '0000-00-00 00:00:00', 0, '0000-00-00 00:00:00', '0000-00-00 00:00:00', 5, 0, 0, 0),
(119, 7389923, 1, '0000-00-00 00:00:00', '0000-00-00 00:00:00', 0, '0000-00-00 00:00:00', '0000-00-00 00:00:00', 5, 0, 0, 0),
(120, 8235405, 6, '2017-02-24 16:49:52', '2017-02-24 00:00:00', 0, '0000-00-00 00:00:00', '0000-00-00 00:00:00', 52, 50, 50, 50),
(121, 4352108, 1, '0000-00-00 00:00:00', '0000-00-00 00:00:00', 0, '0000-00-00 00:00:00', '0000-00-00 00:00:00', 5, 0, 0, 0),
(122, 7246089, 1, '0000-00-00 00:00:00', '0000-00-00 00:00:00', 0, '0000-00-00 00:00:00', '0000-00-00 00:00:00', 5, 0, 0, 0),
(123, 6929097, 1, '0000-00-00 00:00:00', '0000-00-00 00:00:00', 0, '0000-00-00 00:00:00', '0000-00-00 00:00:00', 5, 0, 0, 0),
(124, 1708918, 1, '0000-00-00 00:00:00', '0000-00-00 00:00:00', 0, '0000-00-00 00:00:00', '0000-00-00 00:00:00', 5, 0, 0, 0),
(125, 7258548, 1, '0000-00-00 00:00:00', '0000-00-00 00:00:00', 0, '0000-00-00 00:00:00', '0000-00-00 00:00:00', 5, 0, 0, 0),
(126, 1939166, 1, '0000-00-00 00:00:00', '0000-00-00 00:00:00', 0, '0000-00-00 00:00:00', '0000-00-00 00:00:00', 5, 0, 0, 0),
(127, 1000547, 1, '0000-00-00 00:00:00', '0000-00-00 00:00:00', 0, '0000-00-00 00:00:00', '0000-00-00 00:00:00', 5, 0, 0, 0),
(128, 7810780, 1, '0000-00-00 00:00:00', '0000-00-00 00:00:00', 0, '0000-00-00 00:00:00', '0000-00-00 00:00:00', 5, 0, 0, 0),
(129, 9151935, 1, '0000-00-00 00:00:00', '0000-00-00 00:00:00', 0, '0000-00-00 00:00:00', '0000-00-00 00:00:00', 5, 0, 0, 0),
(130, 5171854, 1, '0000-00-00 00:00:00', '0000-00-00 00:00:00', 0, '0000-00-00 00:00:00', '0000-00-00 00:00:00', 5, 0, 0, 0),
(131, 1222302, 1, '0000-00-00 00:00:00', '0000-00-00 00:00:00', 0, '0000-00-00 00:00:00', '0000-00-00 00:00:00', 5, 0, 0, 0),
(132, 3684694, 1, '0000-00-00 00:00:00', '0000-00-00 00:00:00', 0, '0000-00-00 00:00:00', '0000-00-00 00:00:00', 5, 0, 0, 0),
(133, 7347776, 1, '0000-00-00 00:00:00', '0000-00-00 00:00:00', 0, '0000-00-00 00:00:00', '0000-00-00 00:00:00', 5, 0, 0, 0),
(134, 6534476, 1, '0000-00-00 00:00:00', '0000-00-00 00:00:00', 0, '0000-00-00 00:00:00', '0000-00-00 00:00:00', 5, 0, 0, 0),
(135, 7168160, 1, '0000-00-00 00:00:00', '0000-00-00 00:00:00', 0, '0000-00-00 00:00:00', '0000-00-00 00:00:00', 5, 0, 0, 0),
(136, 7459794, 1, '0000-00-00 00:00:00', '0000-00-00 00:00:00', 0, '0000-00-00 00:00:00', '0000-00-00 00:00:00', 5, 0, 0, 0),
(137, 5454599, 1, '0000-00-00 00:00:00', '0000-00-00 00:00:00', 0, '0000-00-00 00:00:00', '0000-00-00 00:00:00', 5, 0, 0, 0),
(138, 6377949, 1, '0000-00-00 00:00:00', '0000-00-00 00:00:00', 0, '0000-00-00 00:00:00', '0000-00-00 00:00:00', 5, 0, 0, 0),
(139, 3330301, 1, '0000-00-00 00:00:00', '0000-00-00 00:00:00', 0, '0000-00-00 00:00:00', '0000-00-00 00:00:00', 5, 0, 0, 0),
(140, 1616784, 1, '0000-00-00 00:00:00', '0000-00-00 00:00:00', 0, '0000-00-00 00:00:00', '0000-00-00 00:00:00', 5, 0, 0, 0),
(141, 6412825, 1, '0000-00-00 00:00:00', '0000-00-00 00:00:00', 0, '0000-00-00 00:00:00', '0000-00-00 00:00:00', 5, 0, 0, 0),
(142, 6054476, 1, '0000-00-00 00:00:00', '0000-00-00 00:00:00', 0, '0000-00-00 00:00:00', '0000-00-00 00:00:00', 5, 0, 0, 0),
(143, 3964299, 1, '0000-00-00 00:00:00', '0000-00-00 00:00:00', 0, '0000-00-00 00:00:00', '0000-00-00 00:00:00', 5, 0, 0, 0),
(144, 7360303, 1, '0000-00-00 00:00:00', '0000-00-00 00:00:00', 0, '0000-00-00 00:00:00', '0000-00-00 00:00:00', 5, 0, 0, 0),
(145, 1020821, 1, '0000-00-00 00:00:00', '0000-00-00 00:00:00', 0, '0000-00-00 00:00:00', '0000-00-00 00:00:00', 5, 0, 0, 0),
(146, 6577138, 1, '0000-00-00 00:00:00', '0000-00-00 00:00:00', 0, '0000-00-00 00:00:00', '0000-00-00 00:00:00', 5, 0, 0, 0),
(147, 8566619, 1, '0000-00-00 00:00:00', '0000-00-00 00:00:00', 0, '0000-00-00 00:00:00', '0000-00-00 00:00:00', 5, 0, 0, 0),
(148, 5308352, 1, '0000-00-00 00:00:00', '0000-00-00 00:00:00', 0, '0000-00-00 00:00:00', '0000-00-00 00:00:00', 5, 0, 0, 0),
(149, 3170733, 1, '0000-00-00 00:00:00', '0000-00-00 00:00:00', 0, '0000-00-00 00:00:00', '0000-00-00 00:00:00', 5, 0, 0, 0),
(150, 5970715, 1, '0000-00-00 00:00:00', '0000-00-00 00:00:00', 0, '0000-00-00 00:00:00', '0000-00-00 00:00:00', 5, 0, 0, 0),
(151, 1230908, 1, '0000-00-00 00:00:00', '0000-00-00 00:00:00', 0, '0000-00-00 00:00:00', '0000-00-00 00:00:00', 5, 0, 0, 0),
(152, 5505588, 1, '0000-00-00 00:00:00', '0000-00-00 00:00:00', 0, '0000-00-00 00:00:00', '0000-00-00 00:00:00', 5, 0, 0, 0),
(153, 7923722, 1, '0000-00-00 00:00:00', '0000-00-00 00:00:00', 0, '0000-00-00 00:00:00', '0000-00-00 00:00:00', 5, 0, 0, 0),
(154, 6951233, 1, '0000-00-00 00:00:00', '0000-00-00 00:00:00', 0, '0000-00-00 00:00:00', '0000-00-00 00:00:00', 5, 0, 0, 0),
(155, 1938758, 1, '0000-00-00 00:00:00', '0000-00-00 00:00:00', 0, '0000-00-00 00:00:00', '0000-00-00 00:00:00', 5, 0, 0, 0),
(156, 8281221, 1, '0000-00-00 00:00:00', '0000-00-00 00:00:00', 0, '0000-00-00 00:00:00', '0000-00-00 00:00:00', 5, 0, 0, 0),
(157, 7723896, 1, '0000-00-00 00:00:00', '0000-00-00 00:00:00', 0, '0000-00-00 00:00:00', '0000-00-00 00:00:00', 5, 0, 0, 0),
(158, 4799543, 1, '0000-00-00 00:00:00', '0000-00-00 00:00:00', 0, '0000-00-00 00:00:00', '0000-00-00 00:00:00', 5, 0, 0, 0),
(159, 1884258, 1, '0000-00-00 00:00:00', '0000-00-00 00:00:00', 0, '0000-00-00 00:00:00', '0000-00-00 00:00:00', 5, 0, 0, 0),
(160, 1394858, 1, '0000-00-00 00:00:00', '0000-00-00 00:00:00', 0, '0000-00-00 00:00:00', '0000-00-00 00:00:00', 5, 0, 0, 0),
(161, 4489586, 1, '0000-00-00 00:00:00', '0000-00-00 00:00:00', 0, '0000-00-00 00:00:00', '0000-00-00 00:00:00', 5, 0, 0, 0),
(162, 4988492, 1, '0000-00-00 00:00:00', '0000-00-00 00:00:00', 0, '0000-00-00 00:00:00', '0000-00-00 00:00:00', 5, 0, 0, 0),
(163, 1057664, 1, '0000-00-00 00:00:00', '0000-00-00 00:00:00', 0, '0000-00-00 00:00:00', '0000-00-00 00:00:00', 5, 0, 0, 0),
(164, 5872868, 1, '0000-00-00 00:00:00', '0000-00-00 00:00:00', 0, '0000-00-00 00:00:00', '0000-00-00 00:00:00', 5, 0, 0, 0),
(165, 2397874, 1, '0000-00-00 00:00:00', '0000-00-00 00:00:00', 0, '0000-00-00 00:00:00', '0000-00-00 00:00:00', 5, 0, 0, 0),
(166, 7990445, 1, '0000-00-00 00:00:00', '0000-00-00 00:00:00', 0, '0000-00-00 00:00:00', '0000-00-00 00:00:00', 5, 0, 0, 0),
(167, 4925794, 1, '0000-00-00 00:00:00', '0000-00-00 00:00:00', 0, '0000-00-00 00:00:00', '0000-00-00 00:00:00', 5, 0, 0, 0),
(168, 4738488, 1, '0000-00-00 00:00:00', '0000-00-00 00:00:00', 0, '0000-00-00 00:00:00', '0000-00-00 00:00:00', 5, 0, 0, 0),
(169, 1274112, 1, '0000-00-00 00:00:00', '0000-00-00 00:00:00', 0, '0000-00-00 00:00:00', '0000-00-00 00:00:00', 5, 0, 0, 0),
(170, 1212228, 1, '0000-00-00 00:00:00', '0000-00-00 00:00:00', 0, '0000-00-00 00:00:00', '0000-00-00 00:00:00', 5, 0, 0, 0),
(171, 8413808, 1, '0000-00-00 00:00:00', '0000-00-00 00:00:00', 0, '0000-00-00 00:00:00', '0000-00-00 00:00:00', 5, 0, 0, 0),
(172, 4839047, 1, '0000-00-00 00:00:00', '0000-00-00 00:00:00', 0, '0000-00-00 00:00:00', '0000-00-00 00:00:00', 5, 0, 0, 0),
(173, 9930853, 1, '0000-00-00 00:00:00', '0000-00-00 00:00:00', 0, '0000-00-00 00:00:00', '0000-00-00 00:00:00', 5, 0, 0, 0),
(174, 3725052, 1, '0000-00-00 00:00:00', '0000-00-00 00:00:00', 0, '0000-00-00 00:00:00', '0000-00-00 00:00:00', 5, 0, 0, 0),
(175, 4756114, 1, '0000-00-00 00:00:00', '0000-00-00 00:00:00', 0, '0000-00-00 00:00:00', '0000-00-00 00:00:00', 5, 0, 0, 0),
(176, 4308267, 1, '0000-00-00 00:00:00', '0000-00-00 00:00:00', 0, '0000-00-00 00:00:00', '0000-00-00 00:00:00', 5, 0, 0, 0),
(177, 1819572, 1, '0000-00-00 00:00:00', '0000-00-00 00:00:00', 0, '0000-00-00 00:00:00', '0000-00-00 00:00:00', 5, 0, 0, 0),
(178, 7442202, 1, '0000-00-00 00:00:00', '0000-00-00 00:00:00', 0, '0000-00-00 00:00:00', '0000-00-00 00:00:00', 5, 0, 0, 0),
(179, 3247545, 1, '0000-00-00 00:00:00', '0000-00-00 00:00:00', 0, '0000-00-00 00:00:00', '0000-00-00 00:00:00', 5, 0, 0, 0),
(180, 2143263, 1, '0000-00-00 00:00:00', '0000-00-00 00:00:00', 0, '0000-00-00 00:00:00', '0000-00-00 00:00:00', 5, 0, 0, 0),
(181, 7225220, 1, '0000-00-00 00:00:00', '0000-00-00 00:00:00', 0, '0000-00-00 00:00:00', '0000-00-00 00:00:00', 5, 0, 0, 0),
(182, 1450140, 1, '0000-00-00 00:00:00', '0000-00-00 00:00:00', 0, '0000-00-00 00:00:00', '0000-00-00 00:00:00', 5, 0, 0, 0),
(183, 9219913, 1, '0000-00-00 00:00:00', '0000-00-00 00:00:00', 0, '0000-00-00 00:00:00', '0000-00-00 00:00:00', 5, 0, 0, 0),
(184, 6471318, 1, '0000-00-00 00:00:00', '0000-00-00 00:00:00', 0, '0000-00-00 00:00:00', '0000-00-00 00:00:00', 5, 0, 0, 0),
(185, 4722215, 1, '0000-00-00 00:00:00', '0000-00-00 00:00:00', 0, '0000-00-00 00:00:00', '0000-00-00 00:00:00', 5, 0, 0, 0),
(186, 2280379, 1, '0000-00-00 00:00:00', '0000-00-00 00:00:00', 0, '0000-00-00 00:00:00', '0000-00-00 00:00:00', 5, 0, 0, 0),
(187, 4646241, 1, '0000-00-00 00:00:00', '0000-00-00 00:00:00', 0, '0000-00-00 00:00:00', '0000-00-00 00:00:00', 5, 0, 0, 0),
(188, 4701413, 1, '0000-00-00 00:00:00', '0000-00-00 00:00:00', 0, '0000-00-00 00:00:00', '0000-00-00 00:00:00', 5, 0, 0, 0),
(189, 3875774, 1, '0000-00-00 00:00:00', '0000-00-00 00:00:00', 0, '0000-00-00 00:00:00', '0000-00-00 00:00:00', 5, 0, 0, 0),
(190, 3499453, 1, '0000-00-00 00:00:00', '0000-00-00 00:00:00', 0, '0000-00-00 00:00:00', '0000-00-00 00:00:00', 5, 0, 0, 0),
(191, 9107524, 1, '0000-00-00 00:00:00', '0000-00-00 00:00:00', 0, '0000-00-00 00:00:00', '0000-00-00 00:00:00', 5, 0, 0, 0),
(192, 3330746, 1, '0000-00-00 00:00:00', '0000-00-00 00:00:00', 0, '0000-00-00 00:00:00', '0000-00-00 00:00:00', 5, 0, 0, 0),
(193, 9553897, 1, '0000-00-00 00:00:00', '0000-00-00 00:00:00', 0, '0000-00-00 00:00:00', '0000-00-00 00:00:00', 5, 0, 0, 0),
(194, 9985817, 1, '0000-00-00 00:00:00', '0000-00-00 00:00:00', 0, '0000-00-00 00:00:00', '0000-00-00 00:00:00', 5, 0, 0, 0),
(195, 3705643, 1, '0000-00-00 00:00:00', '0000-00-00 00:00:00', 0, '0000-00-00 00:00:00', '0000-00-00 00:00:00', 5, 0, 0, 0),
(196, 6310616, 1, '0000-00-00 00:00:00', '0000-00-00 00:00:00', 0, '0000-00-00 00:00:00', '0000-00-00 00:00:00', 5, 0, 0, 0),
(197, 4929801, 1, '0000-00-00 00:00:00', '0000-00-00 00:00:00', 0, '0000-00-00 00:00:00', '0000-00-00 00:00:00', 5, 0, 0, 0),
(198, 3752031, 1, '0000-00-00 00:00:00', '0000-00-00 00:00:00', 0, '0000-00-00 00:00:00', '0000-00-00 00:00:00', 5, 0, 0, 0),
(199, 5941411, 1, '0000-00-00 00:00:00', '0000-00-00 00:00:00', 0, '0000-00-00 00:00:00', '0000-00-00 00:00:00', 5, 0, 0, 0),
(200, 6955720, 1, '0000-00-00 00:00:00', '0000-00-00 00:00:00', 0, '0000-00-00 00:00:00', '0000-00-00 00:00:00', 5, 0, 0, 0),
(201, 1904840, 1, '0000-00-00 00:00:00', '0000-00-00 00:00:00', 0, '0000-00-00 00:00:00', '0000-00-00 00:00:00', 5, 0, 0, 0),
(202, 4229173, 1, '0000-00-00 00:00:00', '0000-00-00 00:00:00', 0, '0000-00-00 00:00:00', '0000-00-00 00:00:00', 5, 0, 0, 0),
(203, 8710301, 1, '0000-00-00 00:00:00', '0000-00-00 00:00:00', 0, '0000-00-00 00:00:00', '0000-00-00 00:00:00', 5, 0, 0, 0),
(204, 7535161, 4, '2017-07-25 12:36:11', '2017-10-25 12:36:11', 0, '0000-00-00 00:00:00', '0000-00-00 00:00:00', 3, 14, 6, 4),
(205, 5136172, 4, '2017-07-14 10:50:55', '1970-01-01 05:30:00', 0, '0000-00-00 00:00:00', '0000-00-00 00:00:00', 1, 0, 0, 0),
(206, 7180214, 4, '2017-07-13 18:27:51', '2017-10-13 18:27:51', 0, '0000-00-00 00:00:00', '0000-00-00 00:00:00', 31, 30, 30, 30),
(207, 4355283, 1, '0000-00-00 00:00:00', '0000-00-00 00:00:00', 0, '0000-00-00 00:00:00', '0000-00-00 00:00:00', 5, 0, 0, 0),
(208, 6423471, 3, '2017-07-10 15:22:22', '2017-10-10 15:22:22', 0, '0000-00-00 00:00:00', '0000-00-00 00:00:00', 100, 200, 300, 400),
(209, 6973643, 1, '2017-07-14 10:35:54', '1970-01-01 05:30:00', 0, '0000-00-00 00:00:00', '0000-00-00 00:00:00', 0, 0, 0, 0),
(210, 1320607, 1, '0000-00-00 00:00:00', '0000-00-00 00:00:00', 0, '0000-00-00 00:00:00', '0000-00-00 00:00:00', 0, 0, 0, 0),
(211, 7551289, 1, '0000-00-00 00:00:00', '0000-00-00 00:00:00', 0, '0000-00-00 00:00:00', '0000-00-00 00:00:00', 0, 0, 0, 0),
(212, 2090792, 1, '0000-00-00 00:00:00', '0000-00-00 00:00:00', 0, '0000-00-00 00:00:00', '0000-00-00 00:00:00', 0, 0, 0, 0),
(213, 5019447, 1, '0000-00-00 00:00:00', '0000-00-00 00:00:00', 0, '0000-00-00 00:00:00', '0000-00-00 00:00:00', 0, 0, 0, 0),
(214, 9118513, 1, '0000-00-00 00:00:00', '0000-00-00 00:00:00', 0, '0000-00-00 00:00:00', '0000-00-00 00:00:00', 0, 0, 0, 0),
(215, 8013459, 1, '0000-00-00 00:00:00', '0000-00-00 00:00:00', 0, '0000-00-00 00:00:00', '0000-00-00 00:00:00', 0, 0, 0, 0),
(216, 1778319, 1, '0000-00-00 00:00:00', '0000-00-00 00:00:00', 0, '0000-00-00 00:00:00', '0000-00-00 00:00:00', 0, 0, 0, 0),
(217, 5151715, 1, '0000-00-00 00:00:00', '0000-00-00 00:00:00', 0, '0000-00-00 00:00:00', '0000-00-00 00:00:00', 0, 0, 0, 0),
(218, 6848089, 1, '0000-00-00 00:00:00', '0000-00-00 00:00:00', 0, '0000-00-00 00:00:00', '0000-00-00 00:00:00', 0, 0, 0, 0),
(219, 5717593, 1, '0000-00-00 00:00:00', '0000-00-00 00:00:00', 0, '0000-00-00 00:00:00', '0000-00-00 00:00:00', 0, 0, 0, 0);

-- --------------------------------------------------------

--
-- Table structure for table `mobile_view`
--

CREATE TABLE `mobile_view` (
  `mobileview_id` int(11) UNSIGNED NOT NULL,
  `mobileview_from` int(11) UNSIGNED NOT NULL,
  `mobileview_to` int(11) UNSIGNED NOT NULL,
  `mobileview_datetime` datetime NOT NULL
) ENGINE=InnoDB DEFAULT CHARSET=latin1;

--
-- Dumping data for table `mobile_view`
--

INSERT INTO `mobile_view` (`mobileview_id`, `mobileview_from`, `mobileview_to`, `mobileview_datetime`) VALUES
(1, 6539442, 1569628, '2017-01-17 13:19:59'),
(4, 6539442, 9103429, '2017-01-17 13:29:29'),
(5, 6539442, 4670217, '2017-01-30 08:14:18'),
(6, 6539442, 1000228, '2017-01-30 08:14:27'),
(7, 6539442, 1923511, '2017-02-08 05:51:31'),
(8, 6539442, 8624954, '2017-02-14 16:37:01'),
(9, 7535161, 7180214, '2017-05-04 23:56:51'),
(10, 7535161, 5136172, '2017-05-06 09:15:54'),
(11, 7535161, 7535161, '2017-05-20 15:22:13');

-- --------------------------------------------------------

--
-- Table structure for table `mother_tongues`
--

CREATE TABLE `mother_tongues` (
  `mother_tongue_id` int(20) NOT NULL,
  `mother_tongue_name` varchar(200) NOT NULL,
  `mother_tongue_status` int(10) NOT NULL
) ENGINE=InnoDB DEFAULT CHARSET=latin1 COMMENT='Details of Mother languages';

--
-- Dumping data for table `mother_tongues`
--

INSERT INTO `mother_tongues` (`mother_tongue_id`, `mother_tongue_name`, `mother_tongue_status`) VALUES
(1, 'Telugu', 1),
(2, 'Hindi', 1),
(3, 'Tamil', 1),
(4, 'Malayalam', 1),
(5, 'Kannada', 1),
(6, 'English', 1),
(7, 'Gujarathi', 1),
(8, 'Marathi', 1),
(9, 'Oriya', 1),
(10, 'Bengali', 1),
(11, 'Assamese', 1),
(12, 'Kashmiri', 1),
(13, 'Rajasthani', 1),
(14, 'Punjabi', 1),
(15, 'Urdu', 1);

-- --------------------------------------------------------

--
-- Table structure for table `mytable`
--

CREATE TABLE `mytable` (
  `city_id` int(11) NOT NULL,
  `city_name` varchar(27) DEFAULT NULL,
  `state_id` int(11) NOT NULL,
  `country_id` int(11) NOT NULL,
  `city_status` bit(1) DEFAULT NULL
) ENGINE=MyISAM DEFAULT CHARSET=latin1;

-- --------------------------------------------------------

--
-- Table structure for table `occupations`
--

CREATE TABLE `occupations` (
  `occupation_id` int(20) NOT NULL,
  `occupation_parent` int(10) DEFAULT NULL,
  `occupation` varchar(200) NOT NULL,
  `occupation_status` int(10) NOT NULL DEFAULT '1'
) ENGINE=InnoDB DEFAULT CHARSET=latin1 COMMENT='Base occupations';

--
-- Dumping data for table `occupations`
--

INSERT INTO `occupations` (`occupation_id`, `occupation_parent`, `occupation`, `occupation_status`) VALUES
(1, 0, 'Manager', 1),
(2, 0, 'Doctor', 0),
(3, 0, 'Software Developer', 1),
(4, 0, 'Teacher', 1),
(5, 0, 'Nurse', 0),
(6, 0, 'Police', 0),
(7, NULL, 'tester1', 0),
(8, NULL, 'Accountant', 0),
(9, NULL, 'Business Owner / Entrepreneur ', 1),
(10, NULL, 'Librarian', 1),
(11, NULL, 'Arts & Craftsman', 1),
(12, NULL, 'Technician', 1),
(13, NULL, 'Sportsman', 1),
(14, NULL, 'Social Worker', 1),
(15, NULL, 'Customer Care Professional', 1),
(16, NULL, 'Consultant', 1),
(17, NULL, 'Business Analyst', 1),
(18, NULL, 'CXO / President , Director ,Chairman', 1),
(19, NULL, 'Scientist / Researcher', 1),
(20, NULL, 'Mariner / Merchant Navy', 1),
(21, NULL, 'Designer', 1),
(22, NULL, 'Advertising / PR Professional', 1),
(23, NULL, 'Event Management Professional', 1),
(24, NULL, 'Entertainment Professional', 1),
(25, NULL, 'Media Professional', 1),
(26, NULL, 'Journalist', 1),
(27, NULL, 'Sales Professional', 1),
(28, NULL, 'Marketing Professional', 1),
(29, NULL, 'Nurses', 1),
(30, NULL, 'Health Care Professional', 1),
(31, NULL, 'Doctor', 1),
(32, NULL, 'Law Enforcement Officer', 1),
(33, NULL, 'Lawyer & Legal Professional', 1),
(34, NULL, 'Designer', 1),
(35, NULL, 'Engineer – Non IT', 1),
(36, NULL, 'Hardware Professional', 1),
(37, NULL, 'Hardware Professional', 1),
(38, NULL, 'Hotel / Hospitality Professional', 1),
(39, NULL, 'Education Professional', 1),
(40, NULL, 'Teaching / Academician', 1),
(41, NULL, 'Professor / Lecturer', 1),
(42, NULL, 'Air force', 1),
(43, NULL, 'Navy', 1),
(44, NULL, 'Army', 1),
(45, NULL, 'Civil Services (IAS/IPS/IRS/IES/IFS)', 1),
(46, NULL, 'Beautician', 1),
(47, NULL, 'Fashion Designer', 1),
(48, NULL, 'Financial Analyst / Planning', 1),
(49, NULL, 'Financial Accountant', 1),
(50, NULL, 'Auditor', 1),
(51, NULL, 'Banking Service Professional', 1),
(52, NULL, 'Accounts / Finance Professional', 1),
(53, NULL, 'Company Secretary', 1),
(54, NULL, 'Charted Accountant', 1),
(55, NULL, 'Interior Designer', 1),
(56, NULL, 'Architect', 1),
(57, NULL, 'Airline Professional', 1),
(58, NULL, 'Air Hostess', 1),
(59, NULL, 'Pilot', 1),
(60, NULL, 'Agriculture & Farming Professional', 1),
(61, NULL, 'Human Resource Professional', 1),
(62, NULL, 'Clerk', 1),
(63, NULL, 'Executive', 1),
(64, NULL, 'Administrative Professional', 1),
(65, NULL, 'Officer', 1),
(66, NULL, 'Supervisor', 1),
(84, NULL, 'Test Occupation', 1),
(89, NULL, 'New occupation', 1),
(90, NULL, 'qqq', 1);

-- --------------------------------------------------------

--
-- Table structure for table `otp_details`
--

CREATE TABLE `otp_details` (
  `otp_id` int(50) NOT NULL,
  `otp` int(30) NOT NULL,
  `otp_user` int(30) NOT NULL,
  `otp_mobile` varchar(30) NOT NULL,
  `otp_datetime` datetime NOT NULL,
  `otp_status` int(11) NOT NULL DEFAULT '0'
) ENGINE=InnoDB DEFAULT CHARSET=latin1;

--
-- Dumping data for table `otp_details`
--

INSERT INTO `otp_details` (`otp_id`, `otp`, `otp_user`, `otp_mobile`, `otp_datetime`, `otp_status`) VALUES
(1, 531706, 5136172, '1234567899', '2017-04-27 15:42:08', 1),
(2, 750481, 7180214, '9488521252', '2017-04-28 15:08:58', 1),
(3, 723230, 4355283, '1234561234', '2017-05-12 11:08:49', 0),
(4, 378906, 6423471, '1231231231', '2017-05-12 14:35:11', 0),
(5, 426807, 6973643, '9400882215', '2017-07-12 15:12:15', 1),
(9, 865212, 5019447, '1234567897', '2017-07-26 15:01:39', 0),
(10, 298934, 1778319, '1234567894', '2017-07-26 15:35:40', 0),
(11, 691111, 5151715, '1436257895', '2017-07-26 15:39:11', 1);

-- --------------------------------------------------------

--
-- Table structure for table `packages`
--

CREATE TABLE `packages` (
  `id` int(11) NOT NULL,
  `package_name` varchar(100) NOT NULL,
  `price` varchar(50) NOT NULL,
  `month` varchar(100) NOT NULL,
  `intrest` varchar(100) NOT NULL,
  `intrest_permonth` varchar(100) NOT NULL,
  `personalized_msg` varchar(100) NOT NULL,
  `personalized_msg_permonth` varchar(100) NOT NULL,
  `verified_mob` varchar(100) NOT NULL,
  `verified_mob_permonth` varchar(100) NOT NULL,
  `send_sms` varchar(100) NOT NULL,
  `send_sms_permonth` varchar(100) NOT NULL,
  `chat_instantly` varchar(100) NOT NULL,
  `chat_instantly_permonth` varchar(100) NOT NULL,
  `profile_highligher` varchar(100) NOT NULL,
  `personal_relationship_manager` varchar(100) NOT NULL,
  `priority_search` varchar(100) NOT NULL,
  `profile_tagged` varchar(100) NOT NULL,
  `prominent_display` varchar(100) NOT NULL,
  `sms_alert` varchar(100) NOT NULL,
  `enhanced_privacy` varchar(100) NOT NULL,
  `view_social_profiles` varchar(100) NOT NULL,
  `package_status` int(11) NOT NULL DEFAULT '1',
  `package_manage_status` int(11) NOT NULL DEFAULT '1',
  `package_type` int(11) NOT NULL DEFAULT '1'
) ENGINE=InnoDB DEFAULT CHARSET=latin1;

--
-- Dumping data for table `packages`
--

INSERT INTO `packages` (`id`, `package_name`, `price`, `month`, `intrest`, `intrest_permonth`, `personalized_msg`, `personalized_msg_permonth`, `verified_mob`, `verified_mob_permonth`, `send_sms`, `send_sms_permonth`, `chat_instantly`, `chat_instantly_permonth`, `profile_highligher`, `personal_relationship_manager`, `priority_search`, `profile_tagged`, `prominent_display`, `sms_alert`, `enhanced_privacy`, `view_social_profiles`, `package_status`, `package_manage_status`, `package_type`) VALUES
(1, 'Free', '0', '0', '1', '', '1', '', '1', '', '1', '', '1', '', '1', '1', '1', '1', '1', '1', '1', '0', 1, 0, 1),
(3, 'Classic', '200', '3', '1', '100', '1', '200', '1', '300', '1', '400', '1', '500', '1', '1', '1', '1', '1', '1', '1', '1', 1, 0, 1),
(4, 'Classic Advantage', '300', '3', '1', '3', '1', '3', '1', '3', '1', '3', '1', '3', '1', '1', '1', '1', '1', '1', '1', '1', 1, 0, 1),
(5, 'Classic Premium', '400', '3', '1', '40', '1', '40', '1', '40', '1', '40', '1', '40', '0', '0', '1', '1', '1', '1', '1', '1', 1, 0, 1),
(6, 'Till u Marry', '500', '0', '1', '', '1', '', '1', '', '1', '', '1', '', '1', '1', '1', '1', '1', '1', '1', '1', 1, 0, 1),
(9, 'Till u Marry', '0', '12', '1', '3', '0', '0', '0', '0', '0', '0', '0', '0', '0', '0', '0', '0', '0', '0', '0', '0', 0, 1, 1);

-- --------------------------------------------------------

--
-- Table structure for table `parish`
--

CREATE TABLE `parish` (
  `id` int(11) NOT NULL,
  `country_id` int(11) NOT NULL,
  `state_id` int(11) NOT NULL,
  `city_id` int(11) NOT NULL,
  `parish_name` varchar(100) NOT NULL,
  `parish_status` int(11) NOT NULL DEFAULT '1'
) ENGINE=InnoDB DEFAULT CHARSET=latin1;

--
-- Dumping data for table `parish`
--

INSERT INTO `parish` (`id`, `country_id`, `state_id`, `city_id`, `parish_name`, `parish_status`) VALUES
(12, 1, 2, 11, 'Angalakuduru - Guntur Diocese', 0),
(13, 1, 2, 11, 'Attalur - Guntur Diocese', 0),
(14, 1, 2, 11, 'Kanaparyu - Guntur Diocese', 0),
(15, 1, 2, 11, 'Kuchipudi - Guntur Diocese', 0),
(16, 1, 2, 11, 'Mutluru - Guntur Diocese', 0),
(17, 1, 2, 11, 'Patibandla - Guntur Diocese', 0),
(18, 1, 2, 11, 'Phirangipuram - Guntur Diocese', 0),
(19, 1, 2, 11, 'Ravipadu - Guntur Diocese', 0),
(20, 1, 2, 11, 'Rentachintala - Guntur Diocese', 1),
(21, 1, 2, 11, 'Reddipalem - Guntur Diocese', 1),
(22, 1, 2, 11, 'Repalle - Guntur Diocese', 1),
(23, 1, 2, 11, 'Siripuram - Guntur Diocese', 1),
(24, 1, 2, 11, 'Tenali - Guntur Diocese', 1),
(25, 1, 2, 11, 'Thallacheruvu - Guntur Diocese', 1),
(26, 1, 2, 11, 'Thubadu - Guntur Diocese', 1),
(27, 1, 2, 11, 'Thurakapalem - Guntur Diocese', 1),
(28, 1, 2, 14, 'Our Lady of Lourdes Cathedral - Kurnool -2', 1),
(29, 1, 2, 14, 'Adoni - Kurnool Diocese', 1),
(30, 1, 2, 8, 'Anantapur North -  Kurnool Diocese', 1),
(31, 1, 2, 8, 'Anantapur South - Kurnool Diocese', 1),
(32, 1, 2, 14, 'Atmakur - Kurnool Diocese', 1),
(33, 1, 2, 14, 'Banaganapalle - Kurnool Diocese', 1),
(34, 1, 2, 14, 'Bandi Atmakur - Kurnool Diocese', 1),
(35, 1, 2, 14, 'Bethamcherla - Kurnool Diocese', 1),
(36, 1, 2, 14, 'Chagalamarri - Kurnool Diocese', 1),
(37, 1, 2, 14, 'Chapirevula - Kurnool Diocese', 1),
(38, 1, 2, 8, 'Chennamanayanikota - Kurnool Diocese', 1),
(39, 1, 2, 8, 'Dharmavaram - Kurnool Diocese', 1),
(40, 1, 2, 14, 'Dhone - Kurnool Diocese', 1),
(41, 1, 2, 14, 'Gadivemula - Kurnool Diocese', 1),
(42, 1, 2, 8, 'Gooty - Kurnool Diocese', 1),
(43, 1, 2, 14, 'Gospadu - Kurnool Diocese', 1),
(44, 1, 2, 8, 'Guntakal - Kurnool Diocese', 1),
(45, 1, 2, 8, 'Hindupur -  Kurnool Diocese', 1),
(46, 1, 2, 14, 'Joharapuram - Kurnool Diocese', 1),
(47, 1, 2, 14, 'Jupadu Banglow - Kurnool Diocese', 1),
(48, 1, 2, 8, 'Kadiri - Kurnool Diocese', 1),
(49, 1, 2, 8, 'KALYANADURGAM - Kurnool Diocese', 1),
(50, 1, 2, 14, 'Pedda Kadubur - Kurnool Diocese', 1),
(51, 1, 2, 14, 'Koilakuntla - Kurnool Diocese', 1),
(52, 1, 2, 14, 'Kosigi - Kurnool Diocese', 0),
(53, 1, 2, 14, 'Maddikera - Kurnool Diocese', 1),
(54, 1, 2, 14, 'Nandikotkur - Kurnool Diocese', 1),
(55, 1, 2, 14, 'Nandyal - Kurnool Diocese', 1),
(56, 1, 2, 14, 'ONTEDDUPALLE - Kurnool Diocese', 1),
(57, 1, 2, 14, 'Orvakal - Kurnool Diocese', 1),
(58, 1, 2, 14, 'OWK - Kurnool Diocese', 1),
(59, 1, 2, 14, 'Pathikonda - Kurnool Diocese', 1),
(60, 1, 2, 14, 'PEDDA KOTTALA - Kurnool Diocese', 0),
(61, 1, 2, 14, 'Polur - Kurnool Diocese', 0),
(62, 1, 2, 14, 'PREMAGIRI - Kurnool Diocese', 1),
(63, 1, 2, 14, 'RAMADURGAM - Kurnool Diocese', 1),
(64, 1, 2, 10, 'ALLIPALLI  - East Godavari Diocese', 0),
(65, 1, 2, 10, ' ELURU -  East Godavari Diocese', 0),
(66, 1, 2, 10, 'DONDAPUDI - East Godavari Diocese', 0),
(72, 1, 19, 1, 'vazhakkala', 1);

-- --------------------------------------------------------

--
-- Table structure for table `payments`
--

CREATE TABLE `payments` (
  `id` int(11) NOT NULL,
  `user_id` int(11) NOT NULL,
  `package_id` int(11) NOT NULL,
  `purchase_amount` varchar(100) DEFAULT NULL,
  `purchase_date` datetime NOT NULL,
  `payment_method` varchar(100) NOT NULL,
  `status` varchar(255) NOT NULL,
  `txnid` varchar(255) NOT NULL,
  `booking_id` varchar(255) NOT NULL
) ENGINE=InnoDB DEFAULT CHARSET=latin1;

--
-- Dumping data for table `payments`
--

INSERT INTO `payments` (`id`, `user_id`, `package_id`, `purchase_amount`, `purchase_date`, `payment_method`, `status`, `txnid`, `booking_id`) VALUES
(1, 6539442, 4, '5000', '2017-01-24 11:01:46', 'paypal', '', '', '0'),
(2, 6539442, 3, '5000', '2017-01-24 11:04:07', 'paypal', '', '', '0'),
(3, 9279227, 4, '5000', '2017-01-24 11:39:46', 'paypal', '', '', '0'),
(4, 9279227, 4, '5000', '2017-01-24 11:45:32', 'paypal', '', '', '0'),
(5, 9279227, 4, '5000', '2017-01-24 11:47:26', 'paypal', '', '', '0'),
(6, 7577796, 1, '0', '2017-01-24 11:49:52', 'dd', '', '', '0'),
(7, 7577796, 1, '0', '2017-01-24 11:50:00', 'dd', '', '', '0'),
(8, 9279227, 1, '0', '2017-01-24 12:09:05', 'Select Type', '', '', '0'),
(9, 9279227, 3, '5000', '2017-01-24 12:09:57', 'dd', '', '', '0'),
(10, 5310265, 3, '2000', '2017-02-04 11:06:03', 'Select Type', '', '', '0'),
(11, 5310265, 4, '3000', '2017-02-04 11:06:11', 'Select Type', '', '', '0'),
(12, 5310265, 3, '2000', '2017-02-04 11:06:16', 'Select Type', '', '', '0'),
(13, 5310265, 1, '0', '2017-02-04 11:06:42', 'Select Type', '', '', '0'),
(14, 6260944, 3, '2000', '2017-02-07 18:42:02', 'paypal', '', '', '0'),
(15, 7520209, 3, '2000', '2017-02-08 16:29:46', 'paypal', '', '', '0'),
(16, 3617298, 6, '9000', '2017-02-23 15:54:39', 'paypal', '', '', '0'),
(17, 3617298, 6, '9000', '2017-02-23 16:08:40', 'paypal', '', '', '0'),
(18, 7848788, 6, '9000', '2017-02-24 10:55:48', 'paypal', '', '', '0'),
(19, 1035131, 6, '9000', '2017-02-24 11:02:48', 'paypal', '', '', '0'),
(20, 1035131, 6, '9000', '2017-02-24 11:02:53', 'paypal', '', '', '0'),
(21, 7848788, 5, '4000', '2017-02-24 11:19:42', 'paypal', '', '', '0'),
(22, 6539442, 5, '4000', '2017-02-24 11:26:50', 'paypal', '', '', '0'),
(23, 8235405, 6, '9000', '2017-02-24 16:49:52', 'paypal', '', '', '0'),
(24, 7848788, 6, '9000', '2017-02-24 16:50:24', 'paypal', '', '', '0'),
(25, 7848788, 6, '9000', '2017-02-24 16:50:30', 'paypal', '', '', '0'),
(26, 6423471, 3, '2000', '2017-07-10 15:22:16', 'dd', '', '', '0'),
(27, 6423471, 3, '2000', '2017-07-10 15:22:22', 'dd', '', '', '0'),
(31, 5136172, 4, '300.00', '2017-07-13 16:32:22', 'Paypal', 'Completed', '2NV45466KG417684W', '0'),
(32, 5136172, 5, '400.00', '2017-07-13 17:14:50', 'Paypal', 'Completed', '3NG731102J332215Y', 'SM1499946290'),
(33, 5136172, 5, '400.00', '2017-07-13 17:31:02', 'Paypal', 'Completed', '3NG731102J332215Y', 'SM1499947262'),
(34, 5136172, 5, '400.00', '2017-07-13 17:31:22', 'Paypal', 'Completed', '3NG731102J332215Y', 'SM1499947282'),
(35, 5136172, 5, '400.00', '2017-07-13 17:31:56', 'Paypal', 'Completed', '3NG731102J332215Y', 'SM1499947316'),
(36, 5136172, 5, '400.00', '2017-07-13 17:32:51', 'Paypal', 'Completed', '3NG731102J332215Y', 'SM1499947371'),
(37, 5136172, 5, '400.00', '2017-07-13 17:33:10', 'Paypal', 'Completed', '3NG731102J332215Y', 'SM1499947390'),
(38, 5136172, 5, '400.00', '2017-07-13 17:34:16', 'Paypal', 'Completed', '3NG731102J332215Y', 'SM1499947456'),
(39, 5136172, 5, '400.00', '2017-07-13 17:35:02', 'Paypal', 'Completed', '3NG731102J332215Y', 'SM1499947502'),
(40, 5136172, 5, '400.00', '2017-07-13 17:35:51', 'Paypal', 'Completed', '3NG731102J332215Y', 'SM1499947551'),
(41, 5136172, 5, '400.00', '2017-07-13 17:36:13', 'Paypal', 'Completed', '3NG731102J332215Y', 'SM1499947573'),
(42, 5136172, 5, '400.00', '2017-07-13 17:36:24', 'Paypal', 'Completed', '3NG731102J332215Y', 'SM1499947584'),
(43, 5136172, 5, '400.00', '2017-07-13 17:36:46', 'Paypal', 'Completed', '3NG731102J332215Y', 'SM1499947606'),
(44, 5136172, 5, '400.00', '2017-07-13 17:37:47', 'Paypal', 'Completed', '3NG731102J332215Y', 'SM1499947667'),
(45, 5136172, 5, '400.00', '2017-07-13 17:40:03', 'Paypal', 'Completed', '8GJ428262U3895947', 'SM1499947803'),
(46, 5136172, 5, '400.00', '2017-07-13 17:42:10', 'Paypal', 'Completed', '8GJ428262U3895947', 'SM1499947930'),
(47, 5136172, 5, '400.00', '2017-07-13 17:42:25', 'Paypal', 'Completed', '8GJ428262U3895947', 'SM1499947945'),
(48, 5136172, 5, '400.00', '2017-07-13 17:43:10', 'Paypal', 'Completed', '8GJ428262U3895947', 'SM1499947990'),
(49, 5136172, 5, '400.00', '2017-07-13 17:43:36', 'Paypal', 'Completed', '8GJ428262U3895947', 'SM1499948016'),
(50, 5136172, 5, '400.00', '2017-07-13 17:44:45', 'Paypal', 'Completed', '8GJ428262U3895947', 'SM1499948085'),
(51, 5136172, 5, '400.00', '2017-07-13 17:44:53', 'Paypal', 'Completed', '8GJ428262U3895947', 'SM1499948093'),
(52, 5136172, 5, '400.00', '2017-07-13 17:45:13', 'Paypal', 'Completed', '8GJ428262U3895947', 'SM1499948113'),
(53, 5136172, 5, '400.00', '2017-07-13 17:45:27', 'Paypal', 'Completed', '8GJ428262U3895947', 'SM1499948127'),
(54, 5136172, 5, '400.00', '2017-07-13 17:45:43', 'Paypal', 'Completed', '8GJ428262U3895947', 'SM1499948143'),
(55, 5136172, 5, '400.00', '2017-07-13 17:46:07', 'Paypal', 'Completed', '8GJ428262U3895947', 'SM1499948167'),
(56, 5136172, 5, '400.00', '2017-07-13 17:46:49', 'Paypal', 'Completed', '8GJ428262U3895947', 'SM1499948209'),
(57, 5136172, 5, '400.00', '2017-07-13 17:48:11', 'Paypal', 'Completed', '8GJ428262U3895947', 'SM1499948291'),
(58, 5136172, 5, '400.00', '2017-07-13 17:49:27', 'Paypal', 'Completed', '8GJ428262U3895947', 'SM1499948367'),
(59, 5136172, 5, '400.00', '2017-07-13 17:51:00', 'Paypal', 'Completed', '8GJ428262U3895947', 'SM1499948460'),
(60, 5136172, 5, '400.00', '2017-07-13 17:52:04', 'Paypal', 'Completed', '8GJ428262U3895947', 'SM1499948524'),
(61, 5136172, 5, '400.00', '2017-07-13 17:52:34', 'Paypal', 'Completed', '8GJ428262U3895947', 'SM1499948554'),
(62, 5136172, 5, '400.00', '2017-07-13 17:52:57', 'Paypal', 'Completed', '8GJ428262U3895947', 'SM1499948577'),
(63, 5136172, 5, '400.00', '2017-07-13 17:53:31', 'Paypal', 'Completed', '8GJ428262U3895947', 'SM1499948611'),
(64, 5136172, 5, '400.00', '2017-07-13 17:57:19', 'Paypal', 'Completed', '8GJ428262U3895947', 'SM1499948839'),
(65, 5136172, 5, '400.00', '2017-07-13 17:58:19', 'Paypal', 'Completed', '8GJ428262U3895947', 'SM1499948899'),
(66, 5136172, 5, '400.00', '2017-07-13 17:59:37', 'Paypal', 'Completed', '8GJ428262U3895947', 'SM1499948977'),
(67, 5136172, 5, '400.00', '2017-07-13 17:59:59', 'Paypal', 'Completed', '8GJ428262U3895947', 'SM1499948999'),
(68, 5136172, 5, '400.00', '2017-07-13 18:06:15', 'Paypal', 'Completed', '3PK0906620514160W', 'SM1499949375'),
(69, 5136172, 5, '400.00', '2017-07-13 18:08:52', 'Paypal', 'Completed', '3PK0906620514160W', 'SM1499949532'),
(70, 5136172, 5, '400.00', '2017-07-13 18:11:24', 'Paypal', 'Completed', '3PK0906620514160W', 'SM1499949684'),
(71, 5136172, 5, '400.00', '2017-07-13 18:12:09', 'Paypal', 'Completed', '3PK0906620514160W', 'SM1499949729'),
(72, 7180214, 4, '300', '2017-07-13 18:27:30', 'paypal', '', '', ''),
(73, 7180214, 0, NULL, '2017-07-13 18:27:37', 'Select Type', '', '', ''),
(74, 7180214, 0, NULL, '2017-07-13 18:27:42', 'Select Type', '', '', ''),
(75, 7180214, 4, '300', '2017-07-13 18:27:51', 'paypal', '', '', ''),
(76, 5136172, 4, '300.00', '2017-07-14 09:51:07', 'Paypal', 'Completed', '8N0483622C6081548', 'SM1500006067'),
(77, 5136172, 4, '300.00', '2017-07-14 09:55:26', 'Paypal', 'Completed', '75B39802XD4646228', 'SM1500006326'),
(78, 5136172, 4, '300.00', '2017-07-14 09:56:58', 'Paypal', 'Completed', '82J258297D1799903', 'SM1500006418'),
(79, 7535161, 0, NULL, '2017-07-14 10:16:54', 'Select Type', '', '', ''),
(80, 7535161, 0, NULL, '2017-07-14 10:35:27', 'Select Type', '', '', ''),
(81, 6973643, 0, NULL, '2017-07-14 10:35:54', 'Select Type', '', '', ''),
(82, 5136172, 4, '300.00', '2017-07-14 10:39:04', 'Paypal', 'Completed', '4JE20271LS683990D', 'SM1500008944'),
(83, 5136172, 0, NULL, '2017-07-14 10:40:08', 'Select Type', '', '', ''),
(84, 5136172, 0, NULL, '2017-07-14 10:42:34', 'Select Type', '', '', ''),
(85, 5136172, 0, NULL, '2017-07-14 10:44:19', 'Select Type', '', '', ''),
(86, 5136172, 0, NULL, '2017-07-14 10:50:55', 'Select Type', '', '', ''),
(87, 7535161, 1, '0', '2017-07-14 11:26:01', 'Select Type', '', '', ''),
(88, 7535161, 1, '0', '2017-07-14 11:26:06', 'Select Type', '', '', ''),
(89, 7535161, 3, '200', '2017-07-14 11:26:29', 'Select Type', '', '', ''),
(90, 7535161, 3, '200', '2017-07-14 11:29:52', 'Select Type', '', '', ''),
(91, 7535161, 4, '300.00', '2017-07-25 11:33:37', 'Paypal', 'Completed', '7R567388CJ098994G', 'SM1500962617'),
(92, 7535161, 3, '200.00', '2017-07-25 11:44:18', 'Paypal', 'Completed', '95434556776305828', 'SM1500963258'),
(93, 7535161, 3, '200.00', '2017-07-25 12:00:25', 'Paypal', 'Completed', '7V520926X3741451C', 'SM1500964225'),
(94, 7535161, 3, '200.00', '2017-07-25 12:19:30', 'Paypal', 'Completed', '9ER45364SH683535K', 'SM1500965370'),
(95, 7535161, 4, '300.00', '2017-07-25 12:24:36', 'Paypal', 'Completed', '2W459783XC503443R', 'SM1500965676'),
(96, 7535161, 4, '300.00', '2017-07-25 12:30:18', 'Paypal', 'Completed', '2W459783XC503443R', 'SM1500966018'),
(97, 7535161, 4, '300.00', '2017-07-25 12:30:23', 'Paypal', 'Completed', '2W459783XC503443R', 'SM1500966023'),
(98, 7535161, 4, '300.00', '2017-07-25 12:32:05', 'Paypal', 'Completed', '2W459783XC503443R', 'SM1500966125'),
(99, 7535161, 4, '300.00', '2017-07-25 12:35:22', 'Paypal', 'Completed', '2W459783XC503443R', 'SM1500966322'),
(100, 7535161, 4, '300.00', '2017-07-25 12:35:35', 'Paypal', 'Completed', '2W459783XC503443R', 'SM1500966335'),
(101, 7535161, 4, '300.00', '2017-07-25 12:36:11', 'Paypal', 'Completed', '2W459783XC503443R', 'SM1500966371');

-- --------------------------------------------------------

--
-- Table structure for table `pic_gallery`
--

CREATE TABLE `pic_gallery` (
  `id` int(11) NOT NULL,
  `user_id` int(11) NOT NULL,
  `image_path` varchar(750) NOT NULL,
  `image_path_blur` varchar(750) NOT NULL,
  `date_time` datetime NOT NULL,
  `pic_approval` int(11) NOT NULL,
  `pict_status` int(11) NOT NULL DEFAULT '1'
) ENGINE=InnoDB DEFAULT CHARSET=latin1;

--
-- Dumping data for table `pic_gallery`
--

INSERT INTO `pic_gallery` (`id`, `user_id`, `image_path`, `image_path_blur`, `date_time`, `pic_approval`, `pict_status`) VALUES
(1, 5136172, 'assets/uploads/gallery/5136172-about.png', 'assets/uploads/gallery/1495610861_blur.png', '2017-05-24 12:37:59', 1, 1),
(2, 5136172, 'assets/uploads/gallery/5136172-add1.png', 'assets/uploads/gallery/1495610822_blur.png', '2017-05-24 12:37:59', 1, 1),
(3, 5136172, 'assets/uploads/gallery/5136172-basic.png', '', '2017-05-24 12:37:59', 0, 0),
(4, 5136172, 'assets/uploads/gallery/5136172-101.jpg', 'assets/uploads/gallery/1495610822_blur.jpg', '2017-05-24 12:44:11', 1, 1);

-- --------------------------------------------------------

--
-- Table structure for table `preferences`
--

CREATE TABLE `preferences` (
  `preference_id` int(20) NOT NULL,
  `profile_id` int(20) NOT NULL,
  `age_from` int(20) NOT NULL,
  `age_to` int(20) NOT NULL,
  `height_from_id` int(10) NOT NULL,
  `height_to_id` int(10) NOT NULL,
  `maritial_status` varchar(255) NOT NULL,
  `physical_status` varchar(255) DEFAULT NULL,
  `eating_habit` varchar(255) NOT NULL,
  `smoking_habit` varchar(255) NOT NULL,
  `drinking_habit` varchar(255) NOT NULL,
  `religion` varchar(255) NOT NULL,
  `caste` varchar(255) NOT NULL,
  `mother_language` varchar(50) NOT NULL,
  `star` varchar(50) NOT NULL,
  `country` varchar(255) NOT NULL,
  `state` varchar(255) NOT NULL,
  `city` varchar(255) NOT NULL,
  `education` varchar(255) NOT NULL,
  `occupation` varchar(255) NOT NULL,
  `min_income` varchar(30) NOT NULL,
  `about_partner` longtext,
  `preference_date` datetime NOT NULL DEFAULT CURRENT_TIMESTAMP,
  `subcaste` varchar(255) NOT NULL,
  `raasi` varchar(255) NOT NULL,
  `dosham` varchar(255) NOT NULL,
  `weight_from` int(11) NOT NULL,
  `weight_to` int(11) NOT NULL,
  `max_income` varchar(255) NOT NULL,
  `body_type` varchar(255) NOT NULL,
  `complexion` varchar(255) NOT NULL,
  `citizenship` varchar(255) NOT NULL
) ENGINE=InnoDB DEFAULT CHARSET=latin1 COMMENT='Profile preferences';

--
-- Dumping data for table `preferences`
--

INSERT INTO `preferences` (`preference_id`, `profile_id`, `age_from`, `age_to`, `height_from_id`, `height_to_id`, `maritial_status`, `physical_status`, `eating_habit`, `smoking_habit`, `drinking_habit`, `religion`, `caste`, `mother_language`, `star`, `country`, `state`, `city`, `education`, `occupation`, `min_income`, `about_partner`, `preference_date`, `subcaste`, `raasi`, `dosham`, `weight_from`, `weight_to`, `max_income`, `body_type`, `complexion`, `citizenship`) VALUES
(1, 7577796, 18, 29, 1, 11, '0', '1', '1,2,3', '1,2,3', '1,3,2', '0', '1,2', '1,2', '', '1,5,6', '19,124', '1', '1,4,16', '1,9,10', 'Any', 'Gggf', '2017-02-23 17:19:47', '1', '', '', 3, 6, 'Any', '1,2', '1,2,3', '1,2'),
(3, 6539442, 0, 0, 0, 0, '', NULL, '', '', '', '1', '1', '4', '', '0', '0', '1', '0', '0', '0', '', '2017-03-06 15:56:05', '', '', '', 0, 0, '0', '', '', ''),
(4, 8235405, 22, 26, 6, 12, '1', '1', '0', '0', '0', '5', '11', '4', '', '1,5,6,7,', '19,', '1', '', '', '0', 'fgdhfg g hgfhfghfghfgh', '2017-02-25 10:22:28', '', '', '', 0, 0, '50000', '', '', ''),
(5, 8493817, 0, 0, 0, 0, '1', '0', '0', '0', '0', '0', '0', '0', '', '1,', '', '1', '', '', '0', 'drfvgdfrgvd', '2017-03-03 09:57:30', '', '', '', 0, 0, '0', '', '', ''),
(13, 8624954, 18, 21, 1, 1, '0', '0', '0', '0', '0', '1', '1', '0', '', '0', '0', '0', '1', '1', 'Any', 'Hehzgjskgsksgksgjatjathfabafnansgnsgmsnsgngsngsnfsagnafnsgajwjwthwtjrqnqrbafnanafnfajfajatjwthq', '2017-03-02 18:09:45', '2', '', '', 1, 1, 'Any', '', '0', ''),
(14, 5308352, 33, 36, 18, 29, '1', '1', '2', '1', '1', '1', '0', '1', '', '0', '0', '1', '4,88,89,90,96,', '3,16,17,', '1000000', 'looking for a groom who is god fearing respect elders and one who ia responsible.', '2017-03-17 19:06:31', '', '', '', 0, 0, '1000001', '', '', ''),
(15, 5941411, 20, 25, 5, 57, '2', '1', '1', '1', '1', '2', '2105', '12', '', '1,6,', '1,4,154,', '1', '4,18,', '1,4,', '50000', 'Test desc', '2017-04-24 21:37:18', '', '', '', 0, 0, '1000000', '', '', ''),
(16, 1904840, 0, 0, 0, 0, '1', '0', '0', '0', '0', '0', '2095', '0', '', '', '', '1', '', '', '0', '', '2017-04-25 12:36:41', '', '', '', 0, 0, '0', '', '', ''),
(18, 5136172, 18, 20, 3, 4, '', NULL, '', '', '', '0', '0', '0', '', '1,12', '19,32,76,208,211', '1,2', '4,17,18', '1,3,11', '0', 'Partner Des', '2017-07-11 11:12:29', '', '', '', 0, 0, '0', '', '', ''),
(19, 7535161, 20, 30, 1, 11, '1,2,3,4', '1,2', '1,2,3', '1,3', '1,2,3', '3', '1405,1409,1790,1823', '4', '', '1', '19', '1', '4,24', '3,19', '50000', 'Be a good girl', '2017-05-06 11:44:12', '', '', '', 0, 0, '100000', '', '', ''),
(20, 7180214, 25, 30, 11, 27, '1', '1', '1,2,3', '1,2', '1,2', '3', '1409,1790', '4', '', '1', '19', '1', '4,16,17,18,19,88,89,90,96', '1,3,4,9,35', '50000', 'There are many variations of passages of Lorem Ipsum available, but the majority have suffered alteration in some form, by injected humour, or randomised words which don\'t look even slightly believable. If you are going to use a passage of Lorem Ipsum, you need to be sure there isn\'t anything embarrassing hidden in the middle of text. All the Lorem Ipsum generators on the Internet tend to repeat predefined chunks as necessary, making this the first true generator on the Internet. It uses a dictionary of over 200 Latin words, combined with a handful of model sentence structures, to generate Lorem Ipsum which looks reasonable. The generated Lorem Ipsum is therefore always free from repetition, injected humour, or non-characteristic words etc.', '2017-05-15 10:21:17', '', '', '', 0, 0, '1000000', '', '', ''),
(21, 6423471, 0, 0, 0, 0, '1', '0', '0', '0', '0', '0', '', '0', '', '', '', '', '', '', '0', 'Lorem Ipsum is simply dummy text of the printing and typesetting industry. Lorem Ipsum has been the industry\'s standard dummy text ever since the 1500s, when an unknown printer took a galley of type and scrambled it to make a type specimen book.\r\nLorem Ipsum is simply dummy text of the printing and typesetting industry. Lorem Ipsum has been the industry\'s standard dummy text ever since the 1500s, when an unknown printer took a galley of type and scrambled it to make a type specimen book.', '2017-05-12 14:42:35', '', '', '', 0, 0, '0', '', '', '');

-- --------------------------------------------------------

--
-- Table structure for table `profiles`
--

CREATE TABLE `profiles` (
  `profile_id` int(20) NOT NULL,
  `user_id` int(20) DEFAULT NULL,
  `profile_for` varchar(100) DEFAULT NULL,
  `profile_name` varchar(200) DEFAULT NULL,
  `matrimony_id` int(30) DEFAULT NULL,
  `gender` varchar(10) DEFAULT NULL,
  `email` varchar(100) DEFAULT NULL,
  `phone_countrycode` varchar(100) NOT NULL,
  `phone` varchar(20) DEFAULT NULL,
  `dob` date DEFAULT NULL,
  `is_catholic` int(11) NOT NULL DEFAULT '0',
  `age` int(10) DEFAULT NULL,
  `religion` int(10) DEFAULT NULL,
  `caste` int(10) DEFAULT NULL,
  `sub_caste` varchar(100) DEFAULT NULL,
  `division` varchar(100) DEFAULT NULL,
  `income` varchar(100) DEFAULT NULL,
  `income_actual` varchar(100) DEFAULT NULL,
  `mother_language` int(20) DEFAULT NULL,
  `maritial_status` int(20) DEFAULT NULL,
  `children_number` int(11) DEFAULT NULL,
  `children_living` int(11) DEFAULT NULL,
  `willing_intercast` int(11) DEFAULT NULL,
  `country` int(11) DEFAULT NULL,
  `state` int(11) DEFAULT NULL,
  `city` int(11) DEFAULT NULL,
  `city_name_1` varchar(100) NOT NULL,
  `resident_status` varchar(100) DEFAULT NULL,
  `parish` varchar(100) DEFAULT NULL,
  `parish_village` varchar(100) NOT NULL,
  `education_id` int(20) DEFAULT NULL,
  `college` varchar(200) DEFAULT NULL,
  `education_detail` varchar(300) DEFAULT NULL,
  `occupation_id` int(20) DEFAULT NULL,
  `occupation_detail` varchar(300) DEFAULT NULL,
  `employed_in` varchar(100) DEFAULT NULL,
  `occupation_sector` int(20) DEFAULT NULL,
  `height_id` int(20) DEFAULT NULL,
  `weight_id` int(20) DEFAULT NULL,
  `sports_id` int(20) DEFAULT NULL,
  `hobby_id` int(20) DEFAULT NULL,
  `smoking` int(20) DEFAULT NULL,
  `drinking` int(20) DEFAULT NULL,
  `eating` int(20) DEFAULT NULL,
  `music_id` int(20) DEFAULT NULL,
  `complexion` int(20) DEFAULT NULL,
  `physical_status` int(20) DEFAULT NULL,
  `body_type` int(20) DEFAULT NULL,
  `profile_photo` varchar(1000) DEFAULT NULL,
  `profile_photo_blured` varchar(750) NOT NULL,
  `profile_preference` int(11) NOT NULL DEFAULT '0',
  `star_id` int(20) DEFAULT NULL,
  `raasi_id` int(20) DEFAULT NULL,
  `have_dosham` int(10) DEFAULT NULL,
  `dosham_details` varchar(100) DEFAULT NULL,
  `family_type` int(20) DEFAULT NULL,
  `family_status` int(20) DEFAULT NULL,
  `family_value` int(20) DEFAULT NULL,
  `family_origin` varchar(100) DEFAULT NULL,
  `family_location` varchar(100) DEFAULT NULL,
  `family_about` longtext NOT NULL,
  `father_status` varchar(100) DEFAULT NULL,
  `mother_status` varchar(100) DEFAULT NULL,
  `brothers` int(10) DEFAULT '0',
  `sisters` int(10) DEFAULT '0',
  `brothers_married` int(11) DEFAULT NULL,
  `sisters_married` int(11) DEFAULT NULL,
  `partner_preference` int(20) DEFAULT NULL,
  `about_you` longtext,
  `created_date` date NOT NULL,
  `modified_date` date NOT NULL,
  `specialization` varchar(255) NOT NULL,
  `citizenship` varchar(255) DEFAULT NULL,
  `currency` varchar(255) NOT NULL,
  `dnd` int(11) NOT NULL,
  `is_premium` int(11) DEFAULT NULL,
  `is_phone_verified` int(11) DEFAULT NULL,
  `profile_approval` int(11) DEFAULT NULL,
  `profile_status` int(11) DEFAULT NULL,
  `email_unique_id` varchar(100) NOT NULL,
  `profile_highlight` int(11) NOT NULL
) ENGINE=InnoDB DEFAULT CHARSET=latin1 COMMENT='All Details of members';

--
-- Dumping data for table `profiles`
--

INSERT INTO `profiles` (`profile_id`, `user_id`, `profile_for`, `profile_name`, `matrimony_id`, `gender`, `email`, `phone_countrycode`, `phone`, `dob`, `is_catholic`, `age`, `religion`, `caste`, `sub_caste`, `division`, `income`, `income_actual`, `mother_language`, `maritial_status`, `children_number`, `children_living`, `willing_intercast`, `country`, `state`, `city`, `city_name_1`, `resident_status`, `parish`, `parish_village`, `education_id`, `college`, `education_detail`, `occupation_id`, `occupation_detail`, `employed_in`, `occupation_sector`, `height_id`, `weight_id`, `sports_id`, `hobby_id`, `smoking`, `drinking`, `eating`, `music_id`, `complexion`, `physical_status`, `body_type`, `profile_photo`, `profile_photo_blured`, `profile_preference`, `star_id`, `raasi_id`, `have_dosham`, `dosham_details`, `family_type`, `family_status`, `family_value`, `family_origin`, `family_location`, `family_about`, `father_status`, `mother_status`, `brothers`, `sisters`, `brothers_married`, `sisters_married`, `partner_preference`, `about_you`, `created_date`, `modified_date`, `specialization`, `citizenship`, `currency`, `dnd`, `is_premium`, `is_phone_verified`, `profile_approval`, `profile_status`, `email_unique_id`, `profile_highlight`) VALUES
(1, 1, 'myself', 'Doan', 7535161, 'male', 'doan@antony.com', '+91 ', '1234567898', '1990-01-01', 0, 27, 2, 2104, 'cc', NULL, '600000', '6000000', 4, 1, NULL, NULL, 1, 1, 19, 2, '', '0', NULL, '', 0, '', '', 0, 'PWD ENGINEER', 'Govt', 1, 1, 20, NULL, NULL, 1, 1, 1, NULL, 1, 1, 1, 'assets/uploads/profile_pics/1499755540_1489993572_av1.jpg', 'assets/uploads/profile_pics/1500031091_blur.jpg', 0, 5, 0, NULL, NULL, 0, 0, 0, '', '', 'Nice family', 'Pappa', 'Mom', 1, 2, NULL, NULL, 1, 'Waiting for my better half', '2017-04-27', '2017-05-10', '', NULL, 'INR', 0, 1, 1, 1, 1, '', 1),
(2, 2, 'daughter', 'Aswathi', 5136172, 'female', 'aswathi@gmail.com', '+91 ', '1234567899', '1990-01-01', 0, 27, 2, 2092, '', NULL, '1000000', '1000000', 4, 1, NULL, NULL, 1, 1, 19, 1, '', 'work_permit', '', '', 4, '', '', 14, '', '', 1, 1, 5, NULL, NULL, 1, 1, 3, NULL, 1, 1, 1, 'assets/uploads/profile_pics/1495615567_2.jpg', 'assets/uploads/profile_pics/1495615680_blur.jpg', 0, 5, 0, NULL, NULL, 0, 0, 0, '', '', '', 'X-service', 'Home Maker', 0, 0, NULL, NULL, NULL, '', '2017-04-27', '2017-07-10', '', NULL, 'INR', 0, 2, 1, 1, 1, '', 1),
(3, 4, 'myself', 'Revathy', 7180214, 'female', 'revathy@gmail.com', '+91 ', '9488521252', '1993-04-15', 0, 24, 3, 1823, 'Menon', NULL, '540000', '540000', 4, 1, NULL, NULL, 1, 1, 19, 1, '', 'permanant_resident', NULL, '', 82, 'Christ College', 'St Joseph H S S', 51, 'Ass Manager', 'Canara Bank', 2, 6, 15, NULL, NULL, 1, 1, 2, NULL, 1, 1, 2, 'assets/uploads/profile_pics/1494823565_6.jpg', 'assets/uploads/profile_pics/1494823580_blur.jpg', 0, 0, 0, NULL, NULL, 2, 1, 2, 'Kodungallur', 'Thrissur', 'It is a long established fact that a reader will be distracted by the readable content of a page when looking at its layout. The point of using Lorem Ipsum is that it has a more-or-less normal distribution of letters, as opposed to using \'Content here, content here\', making it look like readable English. Many desktop publishing packages and web page editors now use Lorem Ipsum as their default model text, and a search for \'lorem ipsum\' will uncover many web sites still in their infancy. Various versions have evolved over the years, sometimes by accident, sometimes on purpose (injected humour and the like).', 'Business', 'House Wife', 1, 1, NULL, NULL, 1, 'Lorem Ipsum is simply dummy text of the printing and typesetting industry. Lorem Ipsum has been the industry\'s standard dummy text ever since the 1500s, when an unknown printer took a galley of type and scrambled it to make a type specimen book. It has survived not only five centuries, but also the leap into electronic typesetting, remaining essentially unchanged. It was popularised in the 1960s with the release of Letraset sheets containing Lorem Ipsum passages, and more recently with desktop publishing software like Aldus PageMaker including versions of Lorem Ipsum', '2017-04-28', '2017-04-28', '', NULL, 'INR', 0, 0, 1, 1, 1, '', 1),
(4, 5, 'myself', 'Sam S', 4355283, 'male', 'sam@gmail.com', '+91 ', '1234561234', '1991-05-01', 0, 26, 3, 1396, 'abc', NULL, '60000', '60000', 3, 1, NULL, NULL, 1, 1, 19, 2, '', NULL, NULL, '', 83, NULL, NULL, 42, NULL, NULL, 1, 4, 1, NULL, NULL, 1, 1, 1, NULL, 1, 1, 1, '', '', 0, 0, 0, NULL, NULL, 1, 1, 1, NULL, NULL, '', NULL, NULL, 0, 0, NULL, NULL, NULL, 'Description', '2017-05-12', '2017-05-12', '', NULL, 'INR', 0, 0, 0, 1, 1, '', 1),
(5, 6, 'myself', 'Neena Nair', 6423471, 'female', 'neena@mail.com', '+91 ', '1231231231', '1990-05-01', 0, 27, 1, 0, '', NULL, '12300000', '12300000', 4, 1, NULL, NULL, 1, 1, 19, 1, '', '0', NULL, '', 101, NULL, NULL, 56, NULL, NULL, 1, 4, 2, NULL, NULL, 1, 1, 1, NULL, 1, 1, 3, '', '', 0, 0, 0, NULL, NULL, 1, 1, 1, NULL, NULL, '', NULL, NULL, 0, 0, NULL, NULL, 1, 'Haiii', '2017-05-12', '2017-05-12', '', NULL, 'INR', 0, 0, 0, 1, 1, '', 1),
(6, 7, 'myself', 'ammu', 6973643, 'female', 'ammu@gmail.com', '+91 ', '9400882215', '2017-07-12', 0, 0, 2, 2096, '', NULL, '', '', 4, 1, NULL, NULL, 1, 1, 19, 1, '', NULL, NULL, '', 103, NULL, NULL, 62, NULL, NULL, 1, 0, 0, NULL, NULL, 1, 1, 1, NULL, 1, 1, 1, NULL, '', 0, 0, 0, NULL, NULL, 1, 1, 1, NULL, NULL, '', NULL, NULL, 0, 0, NULL, NULL, NULL, '', '2017-07-12', '2017-07-12', '', NULL, 'INR', 0, 0, 1, 1, 1, '', 1),
(15, 16, 'myself', 'arjun', 1778319, 'female', 'abc@gmail.com', '+91 ', '1234567894', '2017-07-03', 0, 0, 1, 2, '', NULL, '', '', 3, 1, NULL, NULL, 1, 1, 19, 4, '', NULL, NULL, '', 82, NULL, NULL, 57, NULL, NULL, 1, 0, 0, NULL, NULL, 1, 1, 1, NULL, 1, 1, 1, 'assets/uploads/profile_pics/1501063627_footer_ring.png', 'assets/uploads/profile_pics/1501151668_blur.png', 0, 0, 0, NULL, NULL, 1, 1, 1, NULL, NULL, '', NULL, NULL, 0, 0, NULL, NULL, NULL, 'sdFV', '2017-07-26', '2017-07-26', '', NULL, 'INR', 0, 0, 0, 1, 1, '', 1),
(16, 17, 'myself', 'Appu', 5151715, 'male', 'appu@gmail.comk', '+91 ', '1436257895', '2017-07-03', 0, 0, 14, 701, 'dg', NULL, '', '', 2, 1, NULL, NULL, 1, 1, 19, 3, '', NULL, NULL, '', 1, NULL, NULL, 52, NULL, NULL, 1, 18, 16, NULL, NULL, 1, 1, 1, NULL, 1, 1, 1, NULL, '', 0, 0, 0, NULL, NULL, 1, 1, 1, NULL, NULL, '', NULL, NULL, 0, 0, NULL, NULL, NULL, 'guiik', '2017-07-26', '2017-07-26', '', NULL, 'INR', 0, 0, 1, 1, 1, '', 1),
(17, 18, 'myself', 'sathyavani.v', 6848089, 'male', 'abcd@gmail.com', '+91 ', '1234567154', '2017-07-10', 0, 0, 3, 1398, '', NULL, '', '', 2, 1, NULL, NULL, 1, 1, 2, 9, '', NULL, NULL, '', 84, NULL, NULL, 64, NULL, NULL, 1, 0, 0, NULL, NULL, 1, 1, 1, NULL, 1, 1, 1, NULL, '', 0, 0, 0, NULL, NULL, 1, 1, 1, NULL, NULL, '', NULL, NULL, 0, 0, NULL, NULL, NULL, 'hjvk', '2017-07-26', '2017-07-26', '', NULL, 'INR', 0, 0, 1, 1, 1, '', 1),
(18, 19, 'myself', 'meeeeer', 5717593, 'male', 'm1@gmail.cm', '+91 ', '4563217895', '2017-07-24', 0, 0, 14, 715, '', NULL, '', '', 15, 1, NULL, NULL, 1, 1, 19, 4, '', NULL, NULL, '', 97, NULL, NULL, 62, NULL, NULL, 1, 0, 0, NULL, NULL, 1, 1, 1, NULL, 1, 1, 1, NULL, '', 0, 0, 0, NULL, NULL, 1, 1, 1, NULL, NULL, '', NULL, NULL, 0, 0, NULL, NULL, NULL, '', '2017-07-27', '2017-07-27', '', NULL, 'INR', 0, 0, 0, 1, 1, '', 0);

-- --------------------------------------------------------

--
-- Table structure for table `profile_deactivate`
--

CREATE TABLE `profile_deactivate` (
  `id` int(11) NOT NULL,
  `user_id` int(11) NOT NULL,
  `duration` varchar(50) NOT NULL,
  `deactvated_date` datetime NOT NULL,
  `expiry_date` datetime NOT NULL
) ENGINE=InnoDB DEFAULT CHARSET=latin1;

--
-- Dumping data for table `profile_deactivate`
--

INSERT INTO `profile_deactivate` (`id`, `user_id`, `duration`, `deactvated_date`, `expiry_date`) VALUES
(2, 49, '90', '2017-01-25 17:20:03', '2017-01-25 00:00:00'),
(3, 76, '90', '2017-01-25 17:20:03', '2017-01-25 00:00:00'),
(9, 44, '30', '2017-01-31 18:05:03', '2017-02-04 00:00:00'),
(10, 44, '30', '2017-02-01 09:59:48', '2017-03-03 00:00:00'),
(11, 44, '15', '2017-02-01 10:03:08', '2017-02-01 00:00:00'),
(12, 44, '15', '2017-02-06 11:32:07', '2017-02-21 00:00:00'),
(13, 150, '15', '2017-02-07 17:20:03', '2017-02-07 00:00:00'),
(14, 44, '15', '2017-02-08 12:56:33', '2017-02-23 00:00:00'),
(17, 44, '30', '2017-02-08 16:20:29', '2017-02-08 00:00:00'),
(18, 273, '15 Days', '2017-03-13 06:23:37', '1970-01-01 00:00:00'),
(19, 2, '15', '2017-07-07 15:07:44', '2017-07-22 00:00:00'),
(20, 2, '15', '2017-07-07 15:24:26', '2017-07-22 00:00:00'),
(21, 2, '15', '2017-07-07 15:29:40', '2017-07-22 00:00:00'),
(22, 2, '15', '2017-07-07 15:33:48', '2017-07-22 00:00:00'),
(23, 2, '15', '2017-07-07 15:35:11', '2017-07-22 00:00:00'),
(24, 2, '15', '2017-07-07 15:36:26', '2017-07-22 00:00:00'),
(25, 2, '15', '2017-07-10 16:03:05', '2017-07-25 00:00:00'),
(26, 2, '15', '2017-07-10 16:10:25', '2017-07-25 00:00:00'),
(27, 2, '15', '2017-07-10 16:11:23', '2017-07-25 00:00:00'),
(28, 2, '15', '2017-07-10 16:12:15', '2017-07-25 00:00:00'),
(29, 2, '15', '2017-07-10 16:13:16', '2017-07-25 00:00:00'),
(30, 2, '15', '2017-07-10 16:14:24', '2017-07-25 00:00:00'),
(31, 2, '15', '2017-07-10 16:37:14', '2017-07-25 00:00:00'),
(32, 2, '15', '2017-07-10 16:37:14', '2017-07-25 00:00:00'),
(33, 2, '15', '2017-07-10 16:40:04', '2017-07-25 00:00:00'),
(34, 2, '15', '2017-07-10 16:40:04', '2017-07-25 00:00:00'),
(35, 2, '15', '2017-07-10 16:41:25', '2017-07-25 00:00:00'),
(36, 2, '15', '2017-07-10 16:41:25', '2017-07-25 00:00:00'),
(37, 2, '15', '2017-07-10 16:43:44', '2017-07-25 00:00:00'),
(38, 2, '15', '2017-07-10 16:43:44', '2017-07-25 00:00:00'),
(39, 2, '15', '2017-07-10 16:45:35', '2017-07-25 00:00:00'),
(40, 2, '15', '2017-07-10 16:45:35', '2017-07-25 00:00:00'),
(41, 2, '15', '2017-07-10 16:47:23', '2017-07-25 00:00:00'),
(42, 2, '15', '2017-07-10 16:47:29', '2017-07-25 00:00:00'),
(43, 2, '30', '2017-07-10 16:47:59', '2017-08-09 00:00:00'),
(44, 2, '15', '2017-07-10 16:48:32', '2017-07-25 00:00:00'),
(45, 2, '15', '2017-07-10 16:51:16', '2017-07-25 00:00:00'),
(46, 2, '15', '2017-07-10 16:51:41', '2017-07-25 00:00:00'),
(47, 2, '15', '2017-07-10 16:52:21', '2017-07-25 00:00:00'),
(48, 2, '15', '2017-07-10 17:34:05', '2017-07-25 00:00:00'),
(49, 2, '15', '2017-07-10 17:41:41', '2017-07-25 00:00:00'),
(50, 2, '15', '2017-07-10 17:43:27', '2017-07-25 00:00:00'),
(51, 2, '15', '2017-07-10 17:44:55', '2017-07-25 00:00:00'),
(52, 2, '15', '2017-07-10 17:45:27', '2017-07-25 00:00:00'),
(53, 2, '15', '2017-07-10 17:46:29', '2017-07-25 00:00:00'),
(54, 2, '15', '2017-07-10 17:58:53', '2017-07-25 00:00:00'),
(55, 2, '15', '2017-07-10 17:59:43', '2017-07-25 00:00:00'),
(56, 2, '15', '2017-07-10 18:01:07', '2017-07-25 00:00:00'),
(57, 2, '15', '2017-07-10 18:01:11', '2017-07-25 00:00:00'),
(58, 2, '15', '2017-07-10 18:01:20', '2017-07-25 00:00:00'),
(59, 2, '15', '2017-07-10 18:02:26', '2017-07-25 00:00:00'),
(60, 2, '15', '2017-07-10 18:02:47', '2017-07-25 00:00:00'),
(61, 2, '15', '2017-07-10 18:03:02', '2017-07-25 00:00:00');

-- --------------------------------------------------------

--
-- Table structure for table `profile_delete`
--

CREATE TABLE `profile_delete` (
  `delete_id` int(11) NOT NULL,
  `user_id` int(11) NOT NULL,
  `delete_reason` varchar(500) DEFAULT NULL,
  `delete_datetime` datetime NOT NULL
) ENGINE=InnoDB DEFAULT CHARSET=latin1;

--
-- Dumping data for table `profile_delete`
--

INSERT INTO `profile_delete` (`delete_id`, `user_id`, `delete_reason`, `delete_datetime`) VALUES
(1, 23, 'Too many promotional calls', '2016-12-29 10:59:45'),
(2, 23, 'Marriage fixed', '2016-12-29 10:59:58'),
(3, 23, 'Marriage fixed', '2016-12-29 11:01:52'),
(4, 44, 'Marriage fixed', '2016-12-29 12:11:27'),
(5, 44, 'Marriage fixed', '2016-12-29 12:17:57'),
(6, 44, 'Not getting enough matches', '2016-12-29 12:19:57'),
(31, 76, NULL, '2017-01-25 15:00:32'),
(32, 76, 'reeasd', '2017-01-25 15:02:59'),
(33, 76, 'reeasd', '2017-01-25 15:04:03'),
(34, 76, 'reeasd', '2017-01-25 15:06:50'),
(35, 76, 'reeasd', '2017-01-25 15:07:45'),
(40, 76, 'sderfsrdef', '2017-01-25 15:55:03'),
(41, 76, NULL, '2017-01-25 15:56:33'),
(42, 76, 'marriage fixed', '2017-01-25 16:01:35'),
(43, 76, 'marriage fixedd', '2017-01-25 16:06:16'),
(44, 76, 'marriage fixedas', '2017-01-25 16:07:42'),
(45, 76, NULL, '2017-01-25 16:10:50'),
(46, 76, NULL, '2017-01-25 16:12:27'),
(47, 76, NULL, '2017-01-25 16:17:23'),
(48, 76, NULL, '2017-01-25 16:19:31'),
(49, 76, NULL, '2017-01-25 16:21:17'),
(50, 76, 'marriage fixed', '2017-01-25 16:23:00'),
(51, 76, NULL, '2017-01-25 16:27:53'),
(52, 76, 'marriage fixed', '2017-01-25 16:29:08'),
(53, 76, 'marriage fixed', '2017-01-25 16:33:13'),
(54, 76, 'marriage fixed', '2017-01-25 16:37:46'),
(55, 73, 'any have', '2017-01-31 12:10:10'),
(56, 73, 'Marriage Fixed', '2017-01-31 12:15:31'),
(57, 73, 'Marriage Fixed', '2017-01-31 12:21:35'),
(58, 73, 'marriage fixed', '2017-01-31 18:32:26'),
(59, 126, 'marriage fixed', '2017-02-02 18:18:20'),
(60, 44, 'marriage fixed', '2017-02-06 12:07:09'),
(61, 44, 'marriage fixed', '2017-02-06 12:10:45'),
(62, 44, 'marriage fixed', '2017-02-08 12:53:04'),
(63, 44, 'marriage fixed', '2017-02-08 12:55:34'),
(64, 44, 'marriage fixed', '2017-02-08 12:58:49'),
(65, 273, 'Marriage Fixed', '2017-03-13 12:37:13'),
(66, 273, 'Prefer to search later', '2017-03-13 12:42:57'),
(67, 257, 'Marriage Fixed', '2017-03-14 05:16:31'),
(68, 257, 'Marriage Fixed', '2017-03-14 05:18:18'),
(69, 73, 'abnnjhg', '2017-03-14 05:34:53'),
(70, 257, 'Marriage Fixed', '2017-03-14 06:00:54'),
(71, 299, '', '2017-04-25 11:08:45'),
(72, 1, 'marriage fixed', '2017-05-06 11:38:22'),
(73, 2, 'marriage fixed', '2017-07-10 16:23:24');

-- --------------------------------------------------------

--
-- Table structure for table `profile_hobbies`
--

CREATE TABLE `profile_hobbies` (
  `hobby_id` int(20) NOT NULL,
  `hobby` varchar(100) DEFAULT NULL
) ENGINE=InnoDB DEFAULT CHARSET=latin1 COMMENT='Details of hobbies of members';

-- --------------------------------------------------------

--
-- Table structure for table `profile_interest`
--

CREATE TABLE `profile_interest` (
  `interest_id` int(11) UNSIGNED NOT NULL,
  `interest_from` int(11) UNSIGNED NOT NULL,
  `interest_to` int(11) UNSIGNED NOT NULL,
  `interest_status` int(10) NOT NULL DEFAULT '0',
  `interest_datetime` datetime NOT NULL
) ENGINE=InnoDB DEFAULT CHARSET=latin1;

--
-- Dumping data for table `profile_interest`
--

INSERT INTO `profile_interest` (`interest_id`, `interest_from`, `interest_to`, `interest_status`, `interest_datetime`) VALUES
(1, 5136172, 7535161, 1, '2017-07-19 17:19:04'),
(2, 7180214, 7535161, 0, '2017-07-19 17:20:30');

-- --------------------------------------------------------

--
-- Table structure for table `profile_mails`
--

CREATE TABLE `profile_mails` (
  `mail_id` int(11) NOT NULL,
  `mail_from` int(30) NOT NULL,
  `mail_to` int(30) NOT NULL,
  `mail_content` varchar(500) DEFAULT NULL,
  `mail_datetime` datetime NOT NULL,
  `mail_received` int(10) NOT NULL DEFAULT '0'
) ENGINE=InnoDB DEFAULT CHARSET=latin1;

--
-- Dumping data for table `profile_mails`
--

INSERT INTO `profile_mails` (`mail_id`, `mail_from`, `mail_to`, `mail_content`, `mail_datetime`, `mail_received`) VALUES
(1, 6539442, 6249224, 'Hy Kanjanamala Im Moydeen', '2017-02-03 12:45:23', 1),
(2, 7577796, 8624954, 'Abcdefghijklmnop', '2017-02-03 13:31:07', 1),
(3, 8624954, 7577796, 'Test', '2017-02-13 06:34:18', 0),
(4, 8624954, 6452605, '', '2017-02-14 07:45:23', 0),
(5, 8624954, 3617298, 'Bdbdbdbdbdhdhdhbdb', '2017-02-22 14:27:48', 0),
(6, 6539442, 7848788, 'Hy Sandya', '2017-02-24 16:40:48', 0),
(7, 6539442, 7848788, 'Hy Sandya', '2017-02-24 16:40:59', 0),
(8, 6539442, 1923511, 'Hy Jaise fdfyh', '2017-02-24 16:41:15', 0),
(9, 7848788, 8235405, 'Ffggghhhhh', '2017-02-24 12:21:50', 1),
(10, 7848788, 8235405, '7E8w82828', '2017-02-24 12:28:27', 1),
(11, 8235405, 6528430, 'Hi Manjadikkuru', '2017-02-24 17:04:50', 0),
(12, 8235405, 6528430, 'Hi Manjadikkuru', '2017-02-24 17:04:59', 0),
(13, 6539442, 8624954, 'Hy Jmt', '2017-02-28 12:20:33', 0),
(14, 7535161, 7180214, 'Hy Revathy, plese check and confirm', '2017-05-04 23:07:06', 0),
(15, 7535161, 7180214, 'Hy Revathy test message', '2017-05-04 23:25:21', 0),
(16, 7535161, 7180214, 'Hy Revathy', '2017-05-04 23:25:34', 0),
(17, 7535161, 7180214, 'Hy Revathy,sdfsdfsdfdf', '2017-05-04 23:32:26', 0),
(18, 7535161, 7180214, 'Hy Revathy', '2017-05-04 23:39:40', 0),
(19, 7535161, 7180214, 'Hy RevathyASas', '2017-05-04 23:40:54', 0),
(20, 7535161, 7180214, 'Hy Revathy,sfsd', '2017-05-04 23:56:37', 0),
(21, 7535161, 7535161, 'Hy Doan', '2017-05-20 15:21:53', 0),
(22, 7535161, 7535161, 'Hy Doan', '2017-05-20 15:21:55', 0),
(23, 7535161, 7535161, 'Hy Doan', '2017-05-22 15:04:08', 0),
(24, 7535161, 5136172, 'Hi Aswathi', '2017-07-11 10:27:21', 0);

-- --------------------------------------------------------

--
-- Table structure for table `profile_musics`
--

CREATE TABLE `profile_musics` (
  `music_id` int(20) NOT NULL,
  `music` varchar(100) NOT NULL
) ENGINE=InnoDB DEFAULT CHARSET=latin1 COMMENT='Details of interested musics, eg : western';

-- --------------------------------------------------------

--
-- Table structure for table `profile_photo_request`
--

CREATE TABLE `profile_photo_request` (
  `photo_request_id` int(50) NOT NULL,
  `photo_request_from` int(30) NOT NULL,
  `photo_request_to` int(30) NOT NULL,
  `photo_request_status` int(10) NOT NULL DEFAULT '0',
  `photo_request_datetime` datetime NOT NULL
) ENGINE=InnoDB DEFAULT CHARSET=latin1;

--
-- Dumping data for table `profile_photo_request`
--

INSERT INTO `profile_photo_request` (`photo_request_id`, `photo_request_from`, `photo_request_to`, `photo_request_status`, `photo_request_datetime`) VALUES
(1, 6539442, 6249224, 2, '2017-02-04 07:02:33'),
(4, 6539442, 6249224, 1, '2017-02-04 08:31:18'),
(5, 6539442, 6249224, 2, '2017-02-04 10:26:55'),
(6, 6539442, 6249224, 1, '2017-02-04 12:25:37'),
(8, 8624954, 3485745, 0, '2017-02-07 12:18:26'),
(10, 6539442, 8624954, 1, '2017-02-08 11:18:47'),
(11, 6539442, 6249224, 1, '2017-02-09 09:52:56'),
(12, 7577796, 8624954, 1, '2017-02-09 15:07:17'),
(14, 6249224, 6539442, 0, '2017-02-10 15:41:17'),
(15, 8624954, 6539442, 1, '2017-02-10 16:13:03'),
(16, 6249224, 6539442, 1, '2017-02-10 19:13:08'),
(17, 9247732, 8624954, 0, '2017-02-14 06:51:59'),
(18, 8624954, 8493817, 1, '2017-02-14 10:52:01'),
(19, 8624954, 8493817, 1, '2017-02-14 15:25:16'),
(20, 8493817, 8624954, 1, '2017-02-15 10:08:05'),
(21, 7577796, 6249224, 0, '2017-02-15 08:49:09'),
(22, 8840620, 7577796, 0, '2017-02-15 11:02:35'),
(23, 9361701, 8624954, 0, '2017-02-21 08:38:58'),
(24, 9361701, 6249224, 0, '2017-02-21 13:42:00'),
(25, 5464799, 6539442, 0, '2017-02-23 06:24:13'),
(26, 1035131, 8624954, 0, '2017-02-24 06:48:20'),
(27, 8624954, 4689972, 0, '2017-04-03 09:30:59');

-- --------------------------------------------------------

--
-- Table structure for table `profile_pic_verification`
--

CREATE TABLE `profile_pic_verification` (
  `pic_verification_id` int(30) NOT NULL,
  `user_id` int(20) NOT NULL,
  `pic_name` varchar(1000) DEFAULT NULL,
  `pic_location` varchar(1000) DEFAULT NULL,
  `pic_datetime` datetime NOT NULL DEFAULT '2017-01-06 00:00:00',
  `pic_status` int(11) NOT NULL DEFAULT '0'
) ENGINE=InnoDB DEFAULT CHARSET=latin1;

--
-- Dumping data for table `profile_pic_verification`
--

INSERT INTO `profile_pic_verification` (`pic_verification_id`, `user_id`, `pic_name`, `pic_location`, `pic_datetime`, `pic_status`) VALUES
(1, 4, '1494823514_4.jpg', 'assets/uploads/profile_pics/1494823514_4.jpg', '2017-05-15 10:15:14', 1),
(2, 4, '1494823565_6.jpg', 'assets/uploads/profile_pics/1494823565_6.jpg', '2017-05-15 10:16:05', 1),
(3, 2, '1495448589_2.jpg', 'assets/uploads/profile_pics/1495448589_2.jpg', '2017-05-22 15:53:09', 1),
(4, 2, '1495448701_1.jpg', 'assets/uploads/profile_pics/1495448701_1.jpg', '2017-05-22 15:55:01', 1),
(5, 2, '1495607751_7.jpg', 'assets/uploads/profile_pics/1495607751_7.jpg', '2017-05-24 12:05:51', 1),
(6, 2, '1495615567_2.jpg', 'assets/uploads/profile_pics/1495615567_2.jpg', '2017-05-24 14:16:08', 1),
(7, 2, '1495615768_8.jpg', 'assets/uploads/profile_pics/1495615768_8.jpg', '2017-05-24 14:19:28', 2),
(11, 16, '1501063627_footer_ring.png', 'assets/uploads/profile_pics/1501063627_footer_ring.png', '2017-07-26 15:37:07', 1);

-- --------------------------------------------------------

--
-- Table structure for table `profile_recent`
--

CREATE TABLE `profile_recent` (
  `view_id` int(11) UNSIGNED NOT NULL,
  `viewer` int(11) UNSIGNED NOT NULL,
  `viewed` int(11) UNSIGNED NOT NULL,
  `view_datetime` datetime NOT NULL
) ENGINE=InnoDB DEFAULT CHARSET=latin1;

--
-- Dumping data for table `profile_recent`
--

INSERT INTO `profile_recent` (`view_id`, `viewer`, `viewed`, `view_datetime`) VALUES
(1, 5136172, 7535161, '2017-05-22 17:03:34'),
(2, 5136172, 4355283, '2017-05-24 18:05:45'),
(3, 7535161, 5136172, '2017-07-01 14:41:19'),
(4, 7535161, 7180214, '2017-07-01 14:41:27'),
(5, 5136172, 6423471, '2017-07-04 09:41:18'),
(6, 5136172, 7180214, '2017-07-04 09:53:03'),
(7, 6848089, 6973643, '2017-07-27 14:29:25');

-- --------------------------------------------------------

--
-- Table structure for table `profile_shortlist`
--

CREATE TABLE `profile_shortlist` (
  `shortlist_id` int(11) UNSIGNED NOT NULL,
  `shot_lister` int(11) UNSIGNED NOT NULL,
  `shot_listed` int(11) UNSIGNED NOT NULL,
  `short_list_datetime` datetime NOT NULL
) ENGINE=InnoDB DEFAULT CHARSET=latin1;

--
-- Dumping data for table `profile_shortlist`
--

INSERT INTO `profile_shortlist` (`shortlist_id`, `shot_lister`, `shot_listed`, `short_list_datetime`) VALUES
(1, 7535161, 5136172, '2017-07-01 14:41:08'),
(2, 4355283, 5136172, '2017-07-11 11:44:25');

-- --------------------------------------------------------

--
-- Table structure for table `profile_sports`
--

CREATE TABLE `profile_sports` (
  `sports_id` int(20) NOT NULL,
  `sports_name` varchar(100) NOT NULL
) ENGINE=InnoDB DEFAULT CHARSET=latin1 COMMENT='Details of interested sports of members';

-- --------------------------------------------------------

--
-- Table structure for table `raasi`
--

CREATE TABLE `raasi` (
  `raasi_id` int(10) NOT NULL,
  `raasi_name` varchar(100) NOT NULL,
  `raasi_status` int(10) DEFAULT '1'
) ENGINE=InnoDB DEFAULT CHARSET=latin1 COMMENT='Base raasi';

--
-- Dumping data for table `raasi`
--

INSERT INTO `raasi` (`raasi_id`, `raasi_name`, `raasi_status`) VALUES
(1, 'Aries / Mesh', NULL),
(2, 'Taurus / Vrishab', NULL),
(3, 'Gemini / Mithun', NULL),
(4, 'Cancer / Karka', NULL),
(5, 'Leo / Simha', NULL),
(6, 'Virgo / Kanya', NULL),
(7, 'Libra / Tula', NULL),
(8, 'Scorpio / Vritchik', NULL),
(9, 'Sagittarius / Dhanus', NULL),
(10, 'Capricorn / Makar', NULL),
(11, 'Aquarius / Kumbh', NULL),
(12, 'Pisces / Meen', NULL);

-- --------------------------------------------------------

--
-- Table structure for table `religions`
--

CREATE TABLE `religions` (
  `religion_id` int(11) NOT NULL,
  `religion_name` varchar(17) NOT NULL,
  `religion_status` bit(1) NOT NULL DEFAULT b'1'
) ENGINE=MyISAM DEFAULT CHARSET=latin1;

--
-- Dumping data for table `religions`
--

INSERT INTO `religions` (`religion_id`, `religion_name`, `religion_status`) VALUES
(1, 'Roman Catholic', b'1'),
(2, 'Christian', b'1'),
(3, 'Hindu', b'1'),
(4, 'Muslim - Shia', b'1'),
(5, 'Muslim - Sunni', b'1'),
(6, 'Muslim - Others', b'1'),
(7, 'Sikh', b'1'),
(8, 'Jain - Digambar', b'1'),
(9, 'Jain - Shwetambar', b'1'),
(10, 'Jain - Others', b'1'),
(11, 'Parsi', b'1'),
(12, 'Buddhist', b'1'),
(13, 'Jewish', b'1'),
(14, 'Inter - Religion', b'1'),
(15, 'Test ', b'0'),
(16, 'New', b'0'),
(17, 'Testt', b'0'),
(18, 'New Test', b'1');

-- --------------------------------------------------------

--
-- Table structure for table `religions_old`
--

CREATE TABLE `religions_old` (
  `religion_id` int(20) NOT NULL,
  `religion_name` varchar(100) NOT NULL,
  `religion_status` int(10) NOT NULL DEFAULT '1'
) ENGINE=InnoDB DEFAULT CHARSET=latin1 COMMENT='Religion table';

--
-- Dumping data for table `religions_old`
--

INSERT INTO `religions_old` (`religion_id`, `religion_name`, `religion_status`) VALUES
(1, 'Hindu', 1),
(2, 'Muslim - Shia', 1),
(3, 'Muslim - Sunni', 1),
(4, 'Muslim - Others', 1),
(5, 'Christian', 1),
(6, 'Sikh', 1),
(7, 'Jain - Digambar', 1),
(8, 'Jain - Shwetambar', 1),
(9, 'Jain - Others', 1),
(10, 'Parsi', 1),
(11, 'Buddhist', 1),
(12, 'Inter-Religion', 1),
(13, 'testingw', 0),
(14, 'Sikkim', 1),
(15, 'Test', 0),
(16, 'Roman Catholic  (RCM)', 1);

-- --------------------------------------------------------

--
-- Table structure for table `save_search`
--

CREATE TABLE `save_search` (
  `id` int(11) NOT NULL,
  `matrimony_id` varchar(50) NOT NULL,
  `age_from` int(11) NOT NULL,
  `age_to` int(11) NOT NULL,
  `height_from` int(11) NOT NULL,
  `height_to` int(11) NOT NULL,
  `mart` varchar(100) NOT NULL,
  `religion` varchar(100) NOT NULL,
  `mother` varchar(100) NOT NULL,
  `caste` varchar(100) NOT NULL,
  `country` varchar(100) NOT NULL,
  `state` varchar(100) NOT NULL,
  `city` varchar(100) NOT NULL,
  `educs` varchar(100) DEFAULT NULL,
  `occupa` varchar(100) DEFAULT NULL,
  `min_income` varchar(100) NOT NULL,
  `max_income` varchar(100) NOT NULL,
  `eating` varchar(50) NOT NULL,
  `drinking` varchar(50) NOT NULL,
  `smoking` varchar(50) NOT NULL,
  `misc_type` varchar(50) NOT NULL,
  `dont_show` varchar(50) NOT NULL,
  `search_type` int(11) DEFAULT NULL,
  `save_search_name` varchar(50) NOT NULL,
  `gender` varchar(50) NOT NULL,
  `query` varchar(1000) NOT NULL
) ENGINE=InnoDB DEFAULT CHARSET=latin1;

--
-- Dumping data for table `save_search`
--

INSERT INTO `save_search` (`id`, `matrimony_id`, `age_from`, `age_to`, `height_from`, `height_to`, `mart`, `religion`, `mother`, `caste`, `country`, `state`, `city`, `educs`, `occupa`, `min_income`, `max_income`, `eating`, `drinking`, `smoking`, `misc_type`, `dont_show`, `search_type`, `save_search_name`, `gender`, `query`) VALUES
(1, '6539442', 0, 0, 0, 0, '1', '0', '0', '0', '0', '0', '0', NULL, NULL, '', '', '', '', '', '', '', 1, 'test1', 'female', ''),
(2, '6539442', 0, 0, 0, 0, '1', '0', '0', '0', '0', '0', '0', NULL, NULL, '', '', '', '', '', '', '', 1, 'tgrtrg', 'female', ''),
(3, '6539442', 0, 0, 0, 0, '1', '0', '0', '0', '0', '0', '0', NULL, NULL, '', '', '', '', '', '', '', 1, 'erfter4t', 'female', ''),
(4, '6539442', 0, 0, 0, 0, '1', '0', '0', '0', '0', '0', '0', NULL, NULL, '', '', '', '', '', '', '', 1, 'erfter4t', 'female', ''),
(5, '6539442', 0, 0, 0, 0, '1', '0', '0', '0', '0', '0', '0', NULL, NULL, '', '', '', '', '', '', '', 1, 'erfter4t', 'female', ''),
(6, '3485745', 0, 0, 0, 0, '1', '0', '0', '0', '0', '0', '0', NULL, NULL, '', '', '', '', '', '', '', 1, 'nvbn', 'female', ''),
(7, '8624954', 18, 0, 0, 0, '1', '5', '4', '11', '1', '19', '1', '81', NULL, '', '', '', '', '', '', '', 1, 'tesrtr', 'male', ''),
(8, '8624954', 0, 0, 0, 0, '1', '1', '0', '0', '1', '19', '0', NULL, NULL, '', '', '', '', '', '', '', 1, 'test1', 'male', ''),
(9, '6452605', 18, 0, 0, 0, '1', '1', '0', '0', '0', '0', '0', NULL, NULL, '', '', '', '', '', '', '', 1, 'yuyuhh', 'female', ''),
(10, '9950824', 18, 0, 0, 0, '1', '1', '0', '0', '0', '0', '0', NULL, NULL, '', '', '', '', '', '', '', 1, 'dfgdfgdfg', 'male', ''),
(11, '8624954', 18, 0, 0, 0, '1', '1', '0', '0', '0', '0', '0', NULL, NULL, '', '', '', '', '', '', '', 1, 'wqdewqd', 'male', ''),
(12, '8624954', 0, 0, 0, 0, '1', '1', '0', '0', '0', '0', '0', NULL, '0', '0', '99999999999999999', '0', '0', '0', '', '', 1, 'esfres', '', ''),
(13, '', 0, 0, 0, 0, '0', '1', '0', '1', '1', '1', '0', NULL, NULL, '', '', '', '', '', '', '', NULL, '', '', ''),
(14, '', 0, 0, 0, 0, '0', '1', '0', '1', '1', '1', '0', NULL, NULL, '', '', '', '', '', '', '', NULL, '', '', ''),
(15, '1035131', 0, 0, 0, 0, '0', '1', '0', '1', '1', '1', '0', NULL, NULL, '', '', '', '', '', '', '', NULL, '', '', ''),
(16, '1035131', 0, 0, 0, 0, '', '1,4,7,6', '', '1,2,4', '1,5,9,2', '1,19,21,2', '', NULL, NULL, '', '', '', '', '', '', '', NULL, '', '', ''),
(17, '1035131', 18, 28, 1, 9, '1,2,3,4', '1,4,7,6', '1,2,4', '1,2,4', '1,5,9,2', '1,19,21,2', '1,3,9,11,14', NULL, '1,2,3,8,11', '', '', '', '', '', '', '', NULL, '', '', 'Testg'),
(18, '1035131', 18, 26, 1, 10, '1,3,4,2', '1,2,7', '1,3,4,5', '1,2,4', '1,2,5', '1,2,19', '8,10,1', NULL, '1,2,3', '', '', '', '', '', '', '', NULL, '', '', 'Test2'),
(19, '1035131', 18, 28, 1, 9, '1,2,3,4', '1,4,7,6', '1,2,4', '1,2,4', '1,5,9,2', '1,19,21,2', '1,3,9,11,14', '1,3,5,7', '1,2,3,8,11', '', '', '', '', '', '', '', NULL, 'test1', '', 'Testg'),
(20, '8624954', 0, 0, 0, 0, '1', '1', '0', '0', '0', '0', '0', NULL, '0', '0', '99999999999999999', '0', '0', '0', '', '', 1, 'tfdrd', '', ''),
(21, '9361701', 0, 0, 0, 0, '', '', '', '', '', '', '', NULL, NULL, '', '', '', '', '', '', '', NULL, 'saranya', '', ''),
(22, '9361701', 0, 0, 0, 0, '', '', '', '', '', '', '', NULL, NULL, '', '', '', '', '', '', '', NULL, 'dhhdhdydyd', '', ''),
(23, '3617298', 0, 0, 0, 0, '', '', '', '', '', '', '', NULL, NULL, '', '', '', '', '', '', '', NULL, 'jmt', '', ''),
(24, '8235405', 18, 0, 0, 0, '1', '5', '0', '0', '0', '0', '0', NULL, NULL, '', '', '', '', '', '', '', 1, 'gfhgfhfgh', 'female', ''),
(25, '8235405', 18, 0, 0, 0, '1', '5', '0', '0', '0', '0', '0', NULL, NULL, '', '', '', '', '', '', '', 1, '3234drsd', 'female', ''),
(26, '8235405', 0, 0, 0, 0, '1', '5', '0', '0', '0', '0', '0', NULL, '0', '0', '99999999999999999', '0', '0', '0', '', '', 1, 'dfhgdfhfgh', '', ''),
(27, '7577796', 0, 0, 0, 0, '', '', '', '', '', '', '', '', '', '', '', '', '', '', '', '', NULL, 'f', '', ''),
(28, '4229173', 0, 0, 0, 0, '', '', '', '', '', '', '', NULL, NULL, '', '', '', '', '', '', '', 1, 'sadasda', 'female', ''),
(29, '4229173', 0, 0, 0, 0, '1', '', '', '', '', '', '', NULL, NULL, '', '', '', '', '', '', '', 1, 'sadasda', 'female', ''),
(30, '4229173', 19, 21, 1, 45, '2', '2', '4', '2096', '1', '19', '1', 'Array', NULL, '', '', '', '', '', 'with_photo', '', 1, 'New search', 'female', ''),
(31, '4229173', 19, 21, 1, 45, '2', '2', '4', '2096', '1', '19', '1', '1,84,83,56', NULL, '', '', '', '', '', 'with_photo', '', 1, 'New search', 'female', ''),
(32, '7535161', 18, 23, 3, 6, '1', '3', '4', '1409', '1', '19', '1', '1,84,83,56,101,82,81,36', NULL, '', '', '', '', '', 'with_premium', '', 1, 'New Serach', 'female', ''),
(33, '7535161', 18, 21, 14, 15, '1', '', '4', '1411', '1', '19', '2', '84,56,82,81', 'Array', '100000', '100000', 'Array', 'Array,Array', 'Array', 'Array', 'Array', 1, 'rterrtert', '', ''),
(34, '7535161', 18, 21, 14, 15, '1', '', '4', '1411', '1', '19', '2', '84,56,82,81', 'Array', '100000', '100000', 'Array', 'Array,Array', 'Array', 'Array', 'Array', 1, 'rterrtert', '', ''),
(35, '7535161', 18, 21, 14, 15, '1', '', '4', '1411', '1', '19', '2', '84,56,82,81', 'Array', '100000', '100000', 'Array', '1,2,3,Array', '1,2,3', 'with_photo,with_photo,premium', '2,3,4', 1, 'rterrtert', '', ''),
(36, '7535161', 18, 21, 14, 15, '1', '', '4', '1411', '1', '19', '2', '84,56,82,81', 'Array', '100000', '100000', '1,2', '1,2', '1,2,3', 'with_photo,with_photo,premium', '2,3,4', 1, 'rterrtert', '', ''),
(37, '7535161', 18, 21, 14, 15, '1', '', '4', '1411', '1', '19', '2', '84,56,82,81', '64,22,56,44', '100000', '100000', '1,2', '1,2', '1,2,3', 'with_photo,with_photo,premium', '2,3,4', 1, 'rterrtert', '', ''),
(38, '7535161', 18, 21, 14, 15, '1', '', '4', '1411', '1', '19', '2', '84,56,82,81', '64,22,56,44', '100000', '100000', '1,2', '1,2', '1,2,3', 'with_photo,with_photo,premium', '2,3,4', 1, 'rterrtert', '', '');

-- --------------------------------------------------------

--
-- Table structure for table `send_sms`
--

CREATE TABLE `send_sms` (
  `send_sms_id` int(11) UNSIGNED NOT NULL,
  `send_sms_from` int(11) UNSIGNED NOT NULL,
  `send_sms_to` int(11) UNSIGNED NOT NULL,
  `message` text NOT NULL,
  `send_sms_datetime` datetime NOT NULL
) ENGINE=InnoDB DEFAULT CHARSET=latin1;

--
-- Dumping data for table `send_sms`
--

INSERT INTO `send_sms` (`send_sms_id`, `send_sms_from`, `send_sms_to`, `message`, `send_sms_datetime`) VALUES
(6, 6539442, 9103429, 'I am  Akhil (T6539442) from telugucatholicmatrimony.com ph: 9567783111 i would like to reach out to you.please share your contact details', '2017-01-17 14:29:09'),
(7, 7535161, 7180214, 'I am  Doan (T7535161) from solmate.com ph: 1234567898 i would like to reach out to you.please share your contact details', '2017-05-04 23:58:43');

-- --------------------------------------------------------

--
-- Table structure for table `settings`
--

CREATE TABLE `settings` (
  `id` int(10) NOT NULL,
  `title` varchar(255) DEFAULT NULL,
  `logo` varchar(255) DEFAULT NULL,
  `icon` varchar(255) NOT NULL,
  `smtp_host` varchar(255) DEFAULT NULL,
  `smtp_username` varchar(255) DEFAULT NULL,
  `smtp_password` varchar(255) DEFAULT NULL,
  `sender_id` int(100) DEFAULT NULL,
  `sms_username` varchar(255) DEFAULT NULL,
  `sms_password` varchar(255) DEFAULT NULL,
  `admin_email` varchar(255) DEFAULT NULL,
  `id_prefix` varchar(255) DEFAULT NULL,
  `paypal` varchar(255) NOT NULL,
  `paypalid` varchar(255) NOT NULL,
  `currency` varchar(255) NOT NULL,
  `currency_symbol` varchar(255) NOT NULL,
  `payment_type` int(11) NOT NULL
) ENGINE=InnoDB DEFAULT CHARSET=latin1;

--
-- Dumping data for table `settings`
--

INSERT INTO `settings` (`id`, `title`, `logo`, `icon`, `smtp_host`, `smtp_username`, `smtp_password`, `sender_id`, `sms_username`, `sms_password`, `admin_email`, `id_prefix`, `paypal`, `paypalid`, `currency`, `currency_symbol`, `payment_type`) VALUES
(1, 'Solmate', 'http://192.168.138.31/TRAINEES/reshma/solmate/admin/assets/uploads/logo/1500367180_soul_logo.png', 'http://192.168.138.31/TRAINEES/reshma/solmate/admin/assets/uploads/favicon/1494310879_add1.png', 'ssl://smtp.googlemail.com', 'mail.techware@gmail.com', 'Golden_123', 101, 'solmate', '222', 'no-reply@techlabz.in', 'SM', 'https://www.sandbox.paypal.com/cgi-bin/webscr', 'shajeermhmmd@gmail.com', '?', 'INR', 0);

-- --------------------------------------------------------

--
-- Table structure for table `settings_preferences`
--

CREATE TABLE `settings_preferences` (
  `settings_id` int(50) NOT NULL,
  `matrimony_id` varchar(30) NOT NULL,
  `contact_preference` int(11) NOT NULL DEFAULT '1',
  `autologin_preference` int(11) NOT NULL DEFAULT '1',
  `weeklyphotos_preference` int(11) NOT NULL DEFAULT '1',
  `weeklymatch_preference` int(11) NOT NULL DEFAULT '1',
  `promotions_preference` int(11) NOT NULL DEFAULT '1',
  `profilevisibility_preference` int(11) NOT NULL DEFAULT '1',
  `shortlist_preference` int(11) NOT NULL DEFAULT '1',
  `dailyrecommendations_preference` int(11) NOT NULL DEFAULT '1',
  `notifications_preference` int(10) NOT NULL DEFAULT '1',
  `matchingprofiles_preference` int(10) NOT NULL DEFAULT '1',
  `smsalerts_preference` int(10) NOT NULL DEFAULT '1',
  `call_preference` int(10) NOT NULL DEFAULT '1',
  `shortlistedme_preference` int(11) NOT NULL DEFAULT '1',
  `whoviewedmyprofile_preference` int(11) NOT NULL DEFAULT '1'
) ENGINE=InnoDB DEFAULT CHARSET=latin1;

--
-- Dumping data for table `settings_preferences`
--

INSERT INTO `settings_preferences` (`settings_id`, `matrimony_id`, `contact_preference`, `autologin_preference`, `weeklyphotos_preference`, `weeklymatch_preference`, `promotions_preference`, `profilevisibility_preference`, `shortlist_preference`, `dailyrecommendations_preference`, `notifications_preference`, `matchingprofiles_preference`, `smsalerts_preference`, `call_preference`, `shortlistedme_preference`, `whoviewedmyprofile_preference`) VALUES
(1, '7577796', 1, 1, 1, 0, 0, 0, 1, 1, 1, 1, 1, 1, 1, 0),
(7, '6539442', 1, 1, 1, 1, 1, 1, 1, 1, 1, 1, 1, 1, 1, 1),
(8, '8624954', 1, 1, 1, 1, 1, 1, 1, 1, 1, 1, 1, 1, 1, 1),
(9, '6249224', 1, 1, 1, 1, 1, 1, 1, 1, 1, 1, 1, 1, 1, 1),
(10, '1171241', 1, 1, 1, 1, 1, 1, 1, 1, 1, 1, 1, 1, 1, 1),
(11, '7221249', 1, 1, 1, 1, 1, 1, 1, 1, 1, 1, 1, 1, 1, 1),
(12, '9878476', 1, 1, 1, 1, 1, 1, 1, 1, 1, 1, 1, 1, 1, 1),
(13, '9729449', 1, 1, 1, 1, 1, 1, 1, 1, 1, 1, 1, 1, 1, 1),
(14, '4906686', 1, 1, 1, 1, 1, 1, 1, 1, 1, 1, 1, 1, 1, 1),
(15, '3176636', 1, 1, 1, 1, 1, 1, 1, 1, 1, 1, 1, 1, 1, 1),
(16, '4370060', 1, 1, 1, 1, 1, 1, 1, 1, 1, 1, 1, 1, 1, 1),
(17, '5310265', 1, 1, 1, 1, 1, 1, 1, 1, 1, 1, 1, 1, 1, 1),
(18, '1923511', 1, 1, 1, 1, 1, 1, 1, 1, 1, 1, 1, 1, 1, 1),
(19, '7520209', 1, 1, 1, 1, 1, 1, 1, 1, 1, 1, 1, 1, 1, 1),
(20, '2403700', 1, 1, 1, 1, 1, 1, 1, 1, 1, 1, 1, 1, 1, 1),
(21, '8878455', 1, 1, 1, 1, 1, 1, 1, 1, 1, 1, 1, 1, 1, 1),
(22, '3180310', 1, 1, 1, 1, 1, 1, 1, 1, 1, 1, 1, 1, 1, 1),
(23, '9193626', 1, 1, 1, 1, 1, 1, 1, 1, 1, 1, 1, 1, 1, 1),
(24, '1495209', 1, 1, 1, 1, 1, 1, 1, 1, 1, 1, 1, 1, 1, 1),
(25, '9995130', 1, 1, 1, 1, 1, 1, 1, 1, 1, 1, 1, 1, 1, 1),
(26, '5549915', 1, 1, 1, 1, 1, 1, 1, 1, 1, 1, 1, 1, 1, 1),
(27, '6260944', 1, 1, 1, 1, 1, 1, 1, 1, 1, 1, 1, 1, 1, 1),
(28, '3485745', 0, 1, 1, 1, 1, 1, 1, 1, 1, 1, 1, 1, 1, 1),
(29, '1328195', 1, 1, 1, 1, 1, 1, 1, 1, 1, 1, 1, 1, 1, 1),
(30, '4981072', 1, 1, 1, 1, 1, 1, 1, 1, 1, 1, 1, 1, 1, 1),
(31, '6467798', 1, 1, 1, 1, 1, 1, 1, 1, 1, 1, 1, 1, 1, 1),
(32, '4380262', 1, 1, 1, 1, 1, 1, 1, 1, 1, 1, 1, 1, 1, 1),
(33, '7776784', 1, 1, 1, 1, 1, 1, 1, 1, 1, 1, 1, 1, 1, 1),
(34, '7572943', 1, 1, 1, 1, 1, 1, 1, 1, 1, 1, 1, 1, 1, 1),
(35, '6452605', 1, 1, 1, 1, 1, 1, 1, 1, 1, 1, 1, 1, 1, 1),
(36, '7136853', 1, 1, 1, 1, 1, 1, 1, 1, 1, 1, 1, 1, 1, 1),
(37, '3663911', 1, 1, 1, 1, 1, 1, 1, 1, 1, 1, 1, 1, 1, 1),
(38, '6427253', 1, 1, 1, 1, 1, 1, 1, 1, 1, 1, 1, 1, 1, 1),
(39, '5400379', 1, 1, 1, 1, 1, 1, 1, 1, 1, 1, 1, 1, 1, 1),
(40, '8702356', 1, 1, 1, 1, 1, 1, 1, 1, 1, 1, 1, 1, 1, 1),
(41, '4959795', 1, 1, 1, 1, 1, 1, 1, 1, 1, 1, 1, 1, 1, 1),
(42, '1660450', 1, 1, 1, 1, 1, 1, 1, 1, 1, 1, 1, 1, 1, 1),
(43, '1990850', 1, 1, 1, 1, 1, 1, 1, 1, 1, 1, 1, 1, 1, 1),
(44, '5703735', 1, 1, 1, 1, 1, 1, 1, 1, 1, 1, 1, 1, 1, 1),
(45, '8199372', 1, 1, 1, 1, 1, 1, 1, 1, 1, 1, 1, 1, 1, 1),
(46, '3283770', 1, 1, 1, 1, 1, 1, 1, 1, 1, 1, 1, 1, 1, 1),
(47, '7848443', 1, 1, 1, 1, 1, 1, 1, 1, 1, 1, 1, 1, 1, 1),
(48, '2834671', 1, 1, 1, 1, 1, 1, 1, 1, 1, 1, 1, 1, 1, 1),
(49, '4053649', 1, 1, 1, 1, 1, 1, 1, 1, 1, 1, 1, 1, 1, 1),
(50, '6954190', 1, 1, 1, 1, 1, 1, 1, 1, 1, 1, 1, 1, 1, 1),
(51, '1345081', 1, 1, 1, 1, 1, 1, 1, 1, 1, 1, 1, 1, 1, 1),
(52, '7754611', 1, 1, 1, 1, 1, 1, 1, 1, 1, 1, 1, 1, 1, 1),
(53, '4033110', 1, 1, 1, 1, 1, 1, 1, 1, 1, 1, 1, 1, 1, 1),
(54, '6057810', 1, 1, 1, 1, 1, 1, 1, 1, 1, 1, 1, 1, 1, 1),
(55, '7466668', 1, 1, 1, 1, 1, 1, 1, 1, 1, 1, 1, 1, 1, 1),
(56, '9342283', 1, 1, 1, 1, 1, 1, 1, 1, 1, 1, 1, 1, 1, 1),
(57, '3438393', 1, 1, 1, 1, 1, 1, 1, 1, 1, 1, 1, 1, 1, 1),
(58, '1384518', 1, 1, 1, 1, 1, 1, 1, 1, 1, 1, 1, 1, 1, 1),
(59, '1815459', 1, 1, 1, 1, 1, 1, 1, 1, 1, 1, 1, 1, 1, 1),
(60, '7974577', 1, 1, 1, 1, 1, 1, 1, 1, 1, 1, 1, 1, 1, 1),
(61, '9777935', 1, 1, 1, 1, 1, 1, 1, 1, 1, 1, 1, 1, 1, 1),
(62, '3507744', 1, 1, 1, 1, 1, 1, 1, 1, 1, 1, 1, 1, 1, 1),
(63, '2067377', 1, 1, 1, 1, 1, 1, 1, 1, 1, 1, 1, 1, 1, 1),
(64, '2923417', 1, 1, 1, 1, 1, 1, 1, 1, 1, 1, 1, 1, 1, 1),
(65, '8623008', 1, 1, 1, 1, 1, 1, 1, 1, 1, 1, 1, 1, 1, 1),
(66, '5311154', 1, 1, 1, 1, 1, 1, 1, 1, 1, 1, 1, 1, 1, 1),
(67, '9950824', 1, 1, 1, 1, 1, 1, 1, 1, 1, 1, 1, 1, 1, 1),
(68, '4629392', 1, 1, 1, 1, 1, 1, 1, 1, 1, 1, 1, 1, 1, 1),
(69, '9247732', 1, 1, 1, 1, 1, 1, 1, 1, 1, 1, 1, 1, 1, 1),
(70, '9564319', 1, 1, 1, 1, 1, 1, 1, 1, 1, 1, 1, 1, 1, 1),
(71, '6528430', 1, 1, 1, 1, 1, 1, 1, 1, 1, 1, 1, 1, 1, 1),
(72, '6509859', 1, 1, 1, 1, 1, 1, 1, 1, 1, 1, 1, 1, 1, 1),
(73, '6458979', 1, 1, 1, 1, 1, 1, 1, 1, 1, 1, 1, 1, 1, 1),
(74, '6698394', 1, 1, 1, 1, 1, 1, 1, 1, 1, 1, 1, 1, 1, 1),
(75, '5664416', 1, 1, 1, 1, 1, 1, 1, 1, 1, 1, 1, 1, 1, 1),
(76, '2434679', 1, 1, 1, 1, 1, 1, 1, 1, 1, 1, 1, 1, 1, 1),
(77, '7342216', 1, 1, 1, 1, 1, 1, 1, 1, 1, 1, 1, 1, 1, 1),
(78, '3467505', 1, 1, 1, 1, 1, 1, 1, 1, 1, 1, 1, 1, 1, 1),
(79, '8489922', 1, 1, 1, 1, 1, 1, 1, 1, 1, 1, 1, 1, 1, 1),
(80, '8493817', 1, 1, 1, 1, 1, 1, 1, 1, 1, 1, 1, 1, 1, 1),
(81, '4801982', 1, 1, 1, 1, 1, 1, 1, 1, 1, 1, 1, 1, 1, 1),
(82, '2853970', 1, 1, 1, 1, 1, 1, 1, 1, 1, 1, 1, 1, 1, 1),
(83, '9264210', 1, 1, 1, 1, 1, 1, 1, 1, 1, 1, 1, 1, 1, 1),
(84, '1035131', 1, 1, 1, 1, 1, 1, 1, 1, 1, 1, 1, 1, 1, 1),
(85, '7256591', 1, 1, 1, 1, 1, 1, 1, 1, 1, 1, 1, 1, 1, 1),
(86, '2390478', 1, 1, 1, 1, 1, 1, 1, 1, 1, 1, 1, 1, 1, 1),
(87, '1347299', 1, 1, 1, 1, 1, 1, 1, 1, 1, 1, 1, 1, 1, 1),
(88, '6917346', 1, 1, 1, 1, 1, 1, 1, 1, 1, 1, 1, 1, 1, 1),
(89, '6265502', 1, 1, 1, 1, 1, 1, 1, 1, 1, 1, 1, 1, 1, 1),
(90, '8840620', 1, 1, 1, 1, 1, 1, 1, 1, 1, 1, 1, 1, 1, 1),
(91, '4689972', 1, 1, 1, 1, 1, 1, 1, 1, 1, 1, 1, 1, 1, 1),
(92, '9361701', 1, 1, 1, 1, 1, 1, 1, 1, 1, 0, 0, 1, 1, 1),
(93, '3617298', 1, 1, 1, 1, 1, 0, 1, 1, 1, 1, 1, 1, 1, 1),
(94, '3400038', 1, 1, 1, 1, 1, 1, 1, 1, 1, 1, 1, 1, 1, 1),
(95, '2795557', 1, 1, 1, 1, 1, 1, 1, 1, 1, 1, 1, 1, 1, 1),
(96, '8072240', 1, 1, 1, 1, 1, 1, 1, 1, 1, 1, 1, 1, 1, 1),
(97, '7848788', 1, 1, 1, 1, 1, 1, 1, 1, 1, 1, 1, 1, 1, 1),
(98, '5464799', 1, 1, 1, 1, 1, 1, 1, 1, 1, 1, 1, 1, 1, 1),
(99, '3195586', 1, 1, 1, 1, 1, 1, 1, 1, 1, 1, 1, 1, 1, 1),
(100, '1015682', 1, 1, 1, 1, 1, 1, 1, 1, 1, 1, 1, 1, 1, 1),
(101, '4525528', 1, 1, 1, 1, 1, 1, 1, 1, 1, 1, 1, 1, 1, 1),
(102, '6114401', 1, 1, 1, 1, 1, 1, 1, 1, 1, 1, 1, 1, 1, 1),
(103, '9923575', 1, 1, 1, 1, 1, 1, 1, 1, 1, 1, 1, 1, 1, 1),
(104, '8859385', 1, 1, 1, 1, 1, 1, 1, 1, 1, 1, 1, 1, 1, 1),
(105, '7389923', 1, 1, 1, 1, 1, 1, 1, 1, 1, 1, 1, 1, 1, 1),
(106, '8235405', 0, 1, 1, 1, 1, 1, 1, 1, 1, 1, 1, 1, 1, 1),
(107, '9103429', 1, 1, 1, 1, 1, 1, 1, 1, 1, 1, 1, 1, 1, 1),
(108, '9279227', 1, 1, 1, 1, 1, 1, 1, 1, 1, 1, 1, 1, 1, 1),
(109, '5980622', 1, 1, 1, 1, 1, 1, 1, 1, 1, 1, 1, 1, 1, 1),
(110, '4352108', 1, 1, 1, 1, 1, 1, 1, 1, 1, 1, 1, 1, 1, 1),
(111, '7246089', 1, 1, 1, 1, 1, 1, 1, 1, 1, 1, 1, 1, 1, 1),
(112, '6929097', 1, 1, 1, 1, 1, 1, 1, 1, 1, 1, 1, 1, 1, 1),
(113, '1708918', 1, 1, 1, 1, 1, 1, 1, 1, 1, 1, 1, 1, 1, 1),
(114, '7258548', 1, 1, 1, 1, 1, 1, 1, 1, 1, 1, 1, 1, 1, 1),
(115, '1939166', 1, 1, 1, 1, 1, 1, 1, 1, 1, 1, 1, 1, 1, 1),
(116, '1000547', 1, 1, 1, 1, 1, 1, 1, 1, 1, 1, 1, 1, 1, 1),
(117, '7810780', 1, 1, 1, 1, 1, 1, 1, 1, 1, 1, 1, 1, 1, 1),
(118, '9151935', 1, 1, 1, 1, 1, 1, 1, 1, 1, 1, 1, 1, 1, 1),
(119, '5171854', 1, 1, 1, 1, 1, 1, 1, 1, 1, 1, 1, 1, 1, 1),
(120, '1222302', 1, 1, 1, 1, 1, 1, 1, 1, 1, 1, 1, 1, 1, 1),
(121, '3684694', 1, 1, 1, 1, 1, 1, 1, 1, 1, 1, 1, 1, 1, 1),
(122, '7347776', 1, 1, 1, 1, 1, 1, 1, 1, 1, 1, 1, 1, 1, 1),
(123, '6534476', 1, 1, 1, 1, 1, 1, 1, 1, 1, 1, 1, 1, 1, 1),
(124, '7168160', 1, 1, 1, 1, 1, 1, 1, 1, 1, 1, 1, 1, 1, 1),
(125, '7459794', 1, 1, 1, 1, 1, 1, 1, 1, 1, 1, 1, 1, 1, 1),
(126, '5454599', 1, 1, 1, 1, 1, 1, 1, 1, 1, 1, 1, 1, 1, 1),
(127, '6377949', 1, 1, 1, 1, 1, 1, 1, 1, 1, 1, 1, 1, 1, 1),
(128, '3330301', 1, 1, 1, 1, 1, 1, 1, 1, 1, 1, 1, 1, 1, 1),
(129, '1616784', 1, 1, 1, 1, 1, 1, 1, 1, 1, 1, 1, 1, 1, 1),
(130, '6412825', 1, 1, 1, 1, 1, 1, 1, 1, 1, 1, 1, 1, 1, 1),
(131, '6054476', 1, 1, 1, 1, 1, 1, 1, 1, 1, 1, 1, 1, 1, 1),
(132, '3964299', 1, 1, 1, 1, 1, 1, 1, 1, 1, 1, 1, 1, 1, 1),
(133, '7360303', 1, 1, 1, 1, 1, 1, 1, 1, 1, 1, 1, 1, 1, 1),
(134, '1020821', 1, 1, 1, 1, 1, 1, 1, 1, 1, 1, 1, 1, 1, 1),
(135, '6577138', 1, 1, 1, 1, 1, 1, 1, 1, 1, 1, 1, 1, 1, 1),
(136, '8566619', 1, 1, 1, 1, 1, 1, 1, 1, 1, 1, 1, 1, 1, 1),
(137, '5308352', 1, 1, 1, 1, 1, 1, 1, 1, 1, 1, 1, 1, 1, 1),
(138, '3170733', 1, 1, 1, 1, 1, 1, 1, 1, 1, 1, 1, 1, 1, 1),
(139, '5970715', 1, 1, 1, 1, 1, 1, 1, 1, 1, 1, 1, 1, 1, 1),
(140, '1230908', 1, 1, 1, 1, 1, 1, 1, 1, 1, 1, 1, 1, 1, 1),
(141, '5505588', 1, 1, 1, 1, 1, 1, 1, 1, 1, 1, 1, 1, 1, 1),
(142, '7923722', 1, 1, 1, 1, 1, 1, 1, 1, 1, 1, 1, 1, 1, 1),
(143, '6951233', 1, 1, 1, 1, 1, 1, 1, 1, 1, 1, 1, 1, 1, 1),
(144, '1938758', 1, 1, 1, 1, 1, 1, 1, 1, 1, 1, 1, 1, 1, 1),
(145, '8281221', 1, 1, 1, 1, 1, 1, 1, 1, 1, 1, 1, 1, 1, 1),
(146, '7723896', 1, 1, 1, 1, 1, 1, 1, 1, 1, 1, 1, 1, 1, 1),
(147, '4799543', 1, 1, 1, 1, 1, 1, 1, 1, 1, 1, 1, 1, 1, 1),
(148, '1884258', 1, 1, 1, 1, 1, 1, 1, 1, 1, 1, 1, 1, 1, 1),
(149, '1394858', 1, 1, 1, 1, 1, 1, 1, 1, 1, 1, 1, 1, 1, 1),
(150, '4489586', 1, 1, 1, 1, 1, 1, 1, 1, 1, 1, 1, 1, 1, 1),
(151, '4988492', 1, 1, 1, 1, 1, 1, 1, 1, 1, 1, 1, 1, 1, 1),
(152, '1057664', 0, 1, 0, 0, 1, 0, 1, 0, 0, 0, 0, 1, 1, 0),
(153, '5872868', 1, 1, 1, 1, 1, 1, 1, 1, 1, 1, 1, 1, 1, 1),
(154, '2397874', 1, 1, 1, 1, 1, 1, 1, 1, 1, 1, 1, 1, 1, 1),
(155, '7990445', 1, 1, 1, 1, 1, 1, 1, 1, 1, 1, 1, 1, 1, 1),
(156, '4925794', 1, 1, 1, 1, 1, 1, 1, 1, 1, 1, 1, 1, 1, 1),
(157, '4738488', 1, 1, 1, 1, 1, 1, 1, 1, 1, 1, 1, 1, 1, 1),
(158, '1274112', 1, 1, 1, 1, 1, 1, 1, 1, 1, 1, 1, 1, 1, 1),
(159, '1212228', 1, 1, 1, 1, 1, 1, 1, 1, 1, 1, 1, 1, 1, 1),
(160, '8413808', 1, 1, 1, 1, 1, 1, 1, 1, 1, 1, 1, 1, 1, 1),
(161, '4839047', 1, 1, 1, 1, 1, 1, 1, 1, 1, 1, 1, 1, 1, 1),
(162, '9930853', 1, 1, 1, 1, 1, 1, 1, 1, 1, 1, 1, 1, 1, 1),
(163, '3725052', 1, 1, 1, 1, 1, 1, 1, 1, 1, 1, 1, 1, 1, 1),
(164, '4756114', 1, 1, 1, 1, 1, 1, 1, 1, 1, 1, 1, 1, 1, 1),
(165, '4308267', 1, 1, 1, 1, 1, 1, 1, 1, 1, 1, 1, 1, 1, 1),
(166, '1819572', 1, 1, 1, 1, 1, 1, 1, 1, 1, 1, 1, 1, 1, 1),
(167, '7442202', 1, 1, 1, 1, 1, 1, 1, 1, 1, 1, 1, 1, 1, 1),
(168, '3247545', 1, 1, 1, 1, 1, 1, 1, 1, 1, 1, 1, 1, 1, 1),
(169, '2143263', 1, 1, 1, 1, 1, 1, 1, 1, 1, 1, 1, 1, 1, 1),
(170, '7225220', 1, 1, 1, 1, 1, 1, 1, 1, 1, 1, 1, 1, 1, 1),
(171, '1450140', 1, 1, 1, 1, 1, 1, 1, 1, 1, 1, 1, 1, 1, 1),
(172, '9219913', 1, 1, 1, 1, 1, 1, 1, 1, 1, 1, 1, 1, 1, 1),
(173, '6471318', 1, 1, 1, 1, 1, 1, 1, 1, 1, 1, 1, 1, 1, 1),
(174, '4722215', 1, 1, 1, 1, 1, 1, 1, 1, 1, 1, 1, 1, 1, 1),
(175, '2280379', 1, 1, 1, 1, 1, 1, 1, 1, 1, 1, 1, 1, 1, 1),
(176, '4646241', 1, 1, 1, 1, 1, 1, 1, 1, 1, 1, 1, 1, 1, 1),
(177, '4701413', 1, 1, 1, 1, 1, 1, 1, 1, 1, 1, 1, 1, 1, 1),
(178, '3875774', 1, 1, 1, 1, 1, 1, 1, 1, 1, 1, 1, 1, 1, 1),
(179, '3499453', 1, 1, 1, 1, 1, 1, 1, 1, 1, 1, 1, 1, 1, 1),
(180, '9107524', 1, 1, 1, 1, 1, 1, 1, 1, 1, 1, 1, 1, 1, 1),
(181, '3330746', 1, 1, 1, 1, 1, 1, 1, 1, 1, 1, 1, 1, 1, 1),
(182, '9553897', 1, 1, 1, 1, 1, 1, 1, 1, 1, 1, 1, 1, 1, 1),
(183, '9985817', 1, 1, 1, 1, 1, 1, 1, 1, 1, 1, 1, 1, 1, 1),
(184, '3705643', 1, 1, 1, 1, 1, 1, 1, 1, 1, 1, 1, 1, 1, 1),
(185, '6310616', 1, 1, 1, 1, 1, 1, 1, 1, 1, 1, 1, 1, 1, 1),
(186, '4929801', 1, 1, 1, 1, 1, 1, 1, 1, 1, 1, 1, 1, 1, 1),
(187, '3752031', 1, 1, 1, 1, 1, 1, 1, 1, 1, 1, 1, 1, 1, 1),
(188, '5941411', 1, 1, 1, 1, 1, 1, 1, 1, 1, 1, 1, 1, 1, 1),
(189, '6955720', 1, 1, 1, 1, 1, 1, 1, 1, 1, 1, 1, 1, 1, 1),
(190, '1904840', 1, 1, 1, 1, 1, 0, 1, 1, 1, 1, 1, 1, 1, 1),
(191, '4229173', 1, 1, 1, 1, 1, 1, 1, 1, 1, 1, 1, 1, 1, 1),
(192, '8710301', 1, 1, 1, 1, 1, 1, 1, 1, 1, 1, 1, 1, 1, 1),
(193, '7535161', 1, 1, 1, 1, 1, 1, 1, 1, 1, 1, 1, 1, 1, 1),
(194, '5136172', 1, 1, 1, 1, 1, 0, 1, 1, 1, 1, 1, 1, 1, 1),
(195, '7180214', 1, 1, 1, 1, 1, 1, 1, 1, 1, 1, 1, 1, 1, 1),
(196, '4355283', 1, 1, 1, 1, 1, 1, 1, 1, 1, 1, 1, 1, 1, 1),
(197, '6423471', 1, 1, 1, 1, 1, 1, 1, 1, 1, 1, 1, 1, 1, 1),
(198, '6973643', 1, 1, 1, 1, 1, 1, 1, 1, 1, 1, 1, 1, 1, 1),
(199, '1320607', 1, 1, 1, 1, 1, 1, 1, 1, 1, 1, 1, 1, 1, 1),
(200, '7551289', 1, 1, 1, 1, 1, 1, 1, 1, 1, 1, 1, 1, 1, 1),
(201, '2090792', 1, 1, 1, 1, 1, 1, 1, 1, 1, 1, 1, 1, 1, 1),
(202, '5019447', 1, 1, 1, 1, 1, 1, 1, 1, 1, 1, 1, 1, 1, 1),
(203, '9118513', 1, 1, 1, 1, 1, 1, 1, 1, 1, 1, 1, 1, 1, 1),
(204, '8013459', 1, 1, 1, 1, 1, 1, 1, 1, 1, 1, 1, 1, 1, 1),
(205, '1778319', 1, 1, 1, 1, 1, 1, 1, 1, 1, 1, 1, 1, 1, 1),
(206, '5151715', 1, 1, 1, 1, 1, 1, 1, 1, 1, 1, 1, 1, 1, 1),
(207, '6848089', 1, 1, 1, 1, 1, 1, 1, 1, 1, 1, 1, 1, 1, 1),
(208, '5717593', 1, 1, 1, 1, 1, 1, 1, 1, 1, 1, 1, 1, 1, 1);

-- --------------------------------------------------------

--
-- Table structure for table `staff`
--

CREATE TABLE `staff` (
  `id` int(11) NOT NULL,
  `staff_name` varchar(100) NOT NULL,
  `password` varchar(100) NOT NULL,
  `username` varchar(100) NOT NULL,
  `phone` varchar(100) NOT NULL,
  `user_type` int(11) NOT NULL,
  `role_id` int(11) NOT NULL,
  `staff_status` int(11) NOT NULL DEFAULT '1'
) ENGINE=InnoDB DEFAULT CHARSET=latin1;

--
-- Dumping data for table `staff`
--

INSERT INTO `staff` (`id`, `staff_name`, `password`, `username`, `phone`, `user_type`, `role_id`, `staff_status`) VALUES
(1, 'test', 'e10adc3949ba59abbe56e057f20f883e', 'test@gmail.com', '123456', 3, 0, 1),
(2, 'jaise', 'd41d8cd98f00b204e9800998ecf8427e', 'jaise@gmail.com', '123456', 3, 0, 0),
(4, 'test1', 'd41d8cd98f00b204e9800998ecf8427e', 'admin1@gmail.com', '123456', 3, 0, 1),
(5, 'cadmin', 'e10adc3949ba59abbe56e057f20f883e', 'cadmin@gmail.com', '9447413883', 3, 0, 0),
(6, 'cadmin', 'd41d8cd98f00b204e9800998ecf8427e', 'cadmin@gmail.com', '9447413883', 3, 0, 0),
(7, 'cadmin', 'd41d8cd98f00b204e9800998ecf8427e', 'cadmin@gmail.com', '9447413883', 3, 0, 0),
(8, 'cadmin@gmail.com', 'e10adc3949ba59abbe56e057f20f883e', 'cadmin@gmail.com', '9447413883', 3, 0, 1),
(9, 'cadmin@gmail.com', 'e10adc3949ba59abbe56e057f20f883e', 'cadmin@gmail.com', '9447413883', 3, 0, 1),
(10, 'cadmin@gmail.com', '6537e99af2c2223642df9f70a0b5afca', 'cadmin@gmail.com', '9447413883', 3, 0, 1),
(11, 'admin2@gmail.com', 'e10adc3949ba59abbe56e057f20f883e', 'admin2@gmail.com', '1212', 3, 0, 1),
(12, 'admin3@gmail.com', 'd41d8cd98f00b204e9800998ecf8427e', 'admin3@gmail.com', '123456', 3, 0, 1),
(13, 'Mariya', 'd41d8cd98f00b204e9800998ecf8427e', 'mariya@gmail.com', '9998887776', 3, 0, 1),
(14, 'staff', 'e10adc3949ba59abbe56e057f20f883e', 'staff@gmail.com', '123456789', 3, 0, 1);

-- --------------------------------------------------------

--
-- Table structure for table `staff_roles`
--

CREATE TABLE `staff_roles` (
  `id` int(11) NOT NULL,
  `staff_id` int(11) DEFAULT NULL,
  `matrimony_members` varchar(100) DEFAULT '0',
  `packages` int(11) DEFAULT '0',
  `settings` int(11) DEFAULT '0',
  `staff` int(11) DEFAULT '0',
  `index_management` int(11) DEFAULT '0',
  `classifieds_management` int(11) DEFAULT '0'
) ENGINE=InnoDB DEFAULT CHARSET=latin1;

--
-- Dumping data for table `staff_roles`
--

INSERT INTO `staff_roles` (`id`, `staff_id`, `matrimony_members`, `packages`, `settings`, `staff`, `index_management`, `classifieds_management`) VALUES
(1, 1, '1', 1, NULL, NULL, 0, 0),
(4, 4, '1', 1, 1, 1, 1, 0),
(8, 8, NULL, NULL, NULL, NULL, NULL, 1),
(9, 9, NULL, NULL, NULL, NULL, NULL, 1),
(10, 10, NULL, NULL, NULL, NULL, NULL, 1),
(11, 11, '0', 0, 0, 0, 0, 1),
(12, 12, NULL, NULL, NULL, 1, 1, 1),
(13, 13, NULL, NULL, NULL, 1, 1, 1),
(14, 14, '1', 1, 1, 1, 0, 0);

-- --------------------------------------------------------

--
-- Table structure for table `stars`
--

CREATE TABLE `stars` (
  `star_id` int(20) NOT NULL,
  `star_name` varchar(100) NOT NULL,
  `star_status` int(10) NOT NULL
) ENGINE=InnoDB DEFAULT CHARSET=latin1 COMMENT='Base stars';

--
-- Dumping data for table `stars`
--

INSERT INTO `stars` (`star_id`, `star_name`, `star_status`) VALUES
(1, 'Ashwini', 0),
(2, 'Pushya', 0),
(3, 'Swati', 0),
(4, 'Sravana', 0),
(5, 'Bharani', 0),
(6, 'Ashlesha', 0),
(7, 'Vishakha', 0),
(8, 'Dhanishtha', 0),
(9, 'Krittika', 0),
(10, 'Magha', 0),
(11, 'Anuradha', 0),
(12, 'Satabisha', 0),
(13, 'Rohini', 0),
(14, 'Poorvaphalguni', 0),
(15, 'Jyeshta', 0),
(16, 'Poorvabhadrapada', 0),
(17, 'Mrigashirsa', 0),
(18, 'Uttaraphalguni', 0),
(19, 'Moola', 0),
(20, 'Uttarabhadrapada', 0),
(21, 'Ardra', 0),
(22, 'Hasta', 0),
(23, 'Poorvashada', 0),
(24, 'Revati', 0),
(25, 'Punarvasu', 0),
(26, 'Chitra', 0),
(27, 'Uttarashadha', 0);

-- --------------------------------------------------------

--
-- Table structure for table `states`
--

CREATE TABLE `states` (
  `state_id` int(20) NOT NULL,
  `state_name` varchar(100) NOT NULL,
  `country_id` int(20) NOT NULL,
  `state_status` int(10) NOT NULL DEFAULT '1'
) ENGINE=InnoDB DEFAULT CHARSET=latin1 COMMENT='Details of states';

--
-- Dumping data for table `states`
--

INSERT INTO `states` (`state_id`, `state_name`, `country_id`, `state_status`) VALUES
(1, 'Andaman & Nicobar', 1, 1),
(2, 'Andhra Pradesh', 1, 1),
(3, 'Arunachal Pradesh', 1, 1),
(4, 'Assam', 1, 1),
(5, 'Bihar', 1, 1),
(6, 'Chandigarh', 1, 1),
(7, 'Chhattisgarh', 1, 1),
(8, 'Dadra & Nagar  Haveli', 1, 1),
(10, 'Daman & Diu', 1, 1),
(11, 'Delhi / NCR', 1, 1),
(12, 'Goa', 1, 1),
(13, 'Gujarat', 1, 1),
(14, 'Haryana', 1, 1),
(15, 'Himachal Pradesh', 1, 1),
(16, 'Jammu & Kashmir', 1, 1),
(17, 'Jharkand', 1, 1),
(18, 'Karnataka', 1, 1),
(19, 'Kerala', 1, 1),
(20, 'Lakshwadeep', 1, 1),
(21, 'Madhya Pradesh', 1, 1),
(22, 'Maharashtra', 1, 1),
(23, 'Manipur', 1, 1),
(24, 'Meghalaya', 1, 1),
(25, 'Mizoram', 1, 1),
(26, 'Nagaland', 1, 1),
(27, 'Orissa', 1, 1),
(28, 'Pondicherry', 1, 1),
(29, 'Punjab', 1, 1),
(30, 'Rajasthan', 1, 1),
(31, 'Sikkim', 1, 1),
(32, 'Tamil Nadu', 1, 1),
(33, 'Telangana', 1, 1),
(34, 'Tripura', 1, 1),
(35, 'Uttar Pradesh', 1, 1),
(36, 'Uttarakhand', 1, 1),
(37, 'West Bengal', 1, 1),
(38, 'eswrdfeswrf', 2, 1),
(39, 'australia', 2, 1),
(72, 'The Government of NCT of Delhi', 1, 1),
(73, 'Dadra and Nagar Haveli', 1, 1),
(74, 'Daman and Diu', 1, 1),
(76, 'Puducherry', 1, 1),
(77, 'Capital Region', 23, 1),
(78, 'Southern Peninsula', 23, 1),
(79, 'Western Region', 23, 1),
(80, 'Westfjords', 23, 1),
(81, 'Northwestern Region', 23, 1),
(82, 'Northeastern Region', 23, 1),
(83, 'Eastern Region', 23, 1),
(84, 'Southern Region', 23, 1),
(85, 'Andhra Pradesh', 201, 1),
(86, 'Arunachal Pradesh', 201, 1),
(87, 'Assam', 201, 1),
(88, 'Bihar', 201, 1),
(89, 'Telangana', 201, 1),
(90, 'Chandigarh', 201, 1),
(91, 'Chhattisgarh', 201, 1),
(92, 'Dadra and Nagar Haveli', 201, 1),
(93, 'Daman and Diu ', 201, 1),
(94, 'National Capital Territory of Delhi  ', 201, 1),
(95, 'Goa', 201, 1),
(96, 'Gujarat', 201, 1),
(97, 'Haryana', 201, 1),
(98, 'Himachal Pradesh', 201, 1),
(99, 'Jammu and Kashmir', 201, 1),
(100, 'Jharkhand', 201, 1),
(101, 'Karnataka', 201, 1),
(102, 'Kerala', 201, 1),
(103, 'Lakshadweep', 201, 1),
(104, 'Madhya Pradesh', 201, 1),
(105, 'Maharashtra', 201, 1),
(106, 'Manipur', 201, 1),
(107, 'Meghalaya', 201, 1),
(108, 'Mizoram', 201, 1),
(109, 'Nagaland', 201, 1),
(110, 'Odisha', 201, 1),
(111, 'Puducherry  ', 201, 1),
(112, 'Punjab', 201, 1),
(113, 'Rajasthan', 201, 1),
(114, 'Sikkim', 201, 1),
(115, 'Tamil Nadu', 201, 1),
(116, 'Tripura', 201, 1),
(117, 'Uttar Pradesh', 201, 1),
(118, 'Uttarakhand', 201, 1),
(119, 'West Bengal', 201, 1),
(120, 'shaju state rr', 203, 1),
(121, 'shaju state', 203, 1),
(122, 'shaju state', 203, 1),
(123, 'wales', 6, 1),
(124, 'Alabama', 5, 1),
(125, 'Alabama', 5, 1),
(126, 'Arizona', 5, 1),
(127, 'Arkansas', 5, 1),
(128, 'California', 5, 1),
(129, 'Colorado', 5, 1),
(130, 'Connecticut', 5, 1),
(131, 'Delaware', 5, 1),
(132, 'Florida', 5, 1),
(133, 'Georgia', 5, 1),
(134, 'Hawaii', 5, 1),
(135, 'Idaho', 5, 1),
(136, ' Illinois', 5, 1),
(137, 'Indiana', 5, 1),
(138, ' Iowa', 5, 1),
(139, 'Kansas', 5, 1),
(140, 'Kentucky[D]', 5, 1),
(141, 'Louisiana', 5, 1),
(142, 'Maine', 5, 1),
(143, 'Maryland', 5, 1),
(144, 'Massachusetts', 5, 1),
(145, 'Michigan', 5, 1),
(146, 'Mississippi', 5, 1),
(147, 'Montana', 5, 1),
(148, 'Nebraska', 5, 1),
(149, 'Nevada', 5, 1),
(150, 'New Hampshire', 5, 1),
(151, 'New Jersey', 5, 1),
(152, 'New Mexico', 5, 1),
(153, 'New York', 5, 1),
(154, 'North Carolina', 5, 1),
(155, 'North Dakota', 5, 1),
(156, 'Ohio', 5, 1),
(157, 'Oklahoma', 5, 1),
(158, 'Oregon', 5, 1),
(159, 'Pennsylvania', 5, 1),
(160, 'Rhode Island', 5, 1),
(161, 'South Carolina', 5, 1),
(162, 'South Dakota', 5, 1),
(163, 'Tennessee', 5, 1),
(164, 'Texas', 5, 1),
(165, 'Utah', 5, 1),
(166, 'Vermont', 5, 1),
(167, 'Virginia', 5, 1),
(168, 'Washington', 5, 1),
(169, 'West Virginia', 5, 1),
(170, 'Wisconsin', 5, 1),
(171, 'Wyoming', 5, 1),
(172, 'Abbr', 5, 1),
(173, ' District of Columbia', 5, 1),
(174, 'American Samoa', 5, 1),
(175, 'Guam', 5, 1),
(176, 'Northern Mariana Islands', 5, 1),
(177, 'Puerto Rico', 5, 1),
(178, 'U.S. Virgin Islands', 5, 1),
(179, 'Baker Island', 5, 1),
(180, 'Howland Island', 5, 1),
(181, 'Jarvis Island', 5, 1),
(182, 'Johnston Atoll', 5, 1),
(183, 'Kingman Reef', 5, 1),
(184, 'Midway Atoll', 5, 1),
(185, 'Navassa Island', 5, 1),
(186, 'Palmyra Atoll', 5, 1),
(187, 'Wake Island', 5, 1),
(188, 'Petrel Island', 5, 1),
(189, 'Serranilla Bank', 5, 1),
(190, 'Ontario', 50, 1),
(191, 'Quebec', 50, 1),
(192, 'British Columbia', 50, 1),
(193, 'Alberta', 50, 1),
(194, 'Manitoba', 50, 1),
(195, 'Saskatchewan', 50, 1),
(196, 'Nova Scotia', 50, 1),
(197, 'New Brunswick', 50, 1),
(198, ' Newfoundland and Labrador', 50, 1),
(199, 'Prince Edward Island', 50, 1),
(200, 'Northwest Territories', 50, 1),
(201, 'Nunavut', 50, 1),
(202, 'Yukon', 50, 1),
(203, 'England', 6, 1),
(204, 'Northern Ireland', 6, 1),
(205, 'Scotland', 6, 1),
(206, 'Wales', 6, 1),
(207, 'New South Wales', 12, 1),
(208, 'Victoria', 12, 1),
(209, 'Queensland', 12, 1),
(210, 'Western Australia', 12, 1),
(211, 'South Australia', 12, 1),
(212, 'Australian Capital Territory	', 12, 1),
(213, 'Tasmania', 12, 1),
(214, 'Northern Territory', 12, 1),
(215, 'Testtest', 1, 0);

-- --------------------------------------------------------

--
-- Table structure for table `states_new`
--

CREATE TABLE `states_new` (
  `state_id` int(11) NOT NULL,
  `state_name` varchar(47) NOT NULL,
  `country_id` int(11) NOT NULL,
  `state_status` bit(1) NOT NULL
) ENGINE=MyISAM DEFAULT CHARSET=latin1;

--
-- Dumping data for table `states_new`
--

INSERT INTO `states_new` (`state_id`, `state_name`, `country_id`, `state_status`) VALUES
(1, 'Alabama', 1, b'1'),
(2, 'Alaska', 1, b'1'),
(3, 'Arizona', 1, b'1'),
(4, 'Arkansas', 1, b'1'),
(5, 'California', 1, b'1'),
(6, 'Colorado', 1, b'1'),
(7, 'Connecticut', 1, b'1'),
(8, 'Delaware', 1, b'1'),
(9, 'Florida', 1, b'1'),
(10, 'Georgia', 1, b'1'),
(11, 'Hawaii', 1, b'1'),
(12, 'Idaho', 1, b'1'),
(13, 'Illinois', 1, b'1'),
(14, 'Indiana', 1, b'1'),
(15, 'Iowa', 1, b'1'),
(16, 'Kansas', 1, b'1'),
(17, 'Kentucky[D]', 1, b'1'),
(18, 'Louisiana', 1, b'1'),
(19, 'Maine', 1, b'1'),
(20, 'Maryland', 1, b'1'),
(21, 'Massachusetts[E]', 1, b'1'),
(22, 'Michigan', 1, b'1'),
(23, 'Minnesota', 1, b'1'),
(24, 'Mississippi', 1, b'1'),
(25, 'Missouri', 1, b'1'),
(26, 'Montana', 1, b'1'),
(27, 'Nebraska', 1, b'1'),
(28, 'Nevada', 1, b'1'),
(29, 'New Hampshire', 1, b'1'),
(30, 'New Jersey', 1, b'1'),
(31, 'New Mexico', 1, b'1'),
(32, 'New York', 1, b'1'),
(33, 'North Carolina', 1, b'1'),
(34, 'North Dakota', 1, b'1'),
(35, 'Ohio', 1, b'1'),
(36, 'Oklahoma', 1, b'1'),
(37, 'Oregon', 1, b'1'),
(38, 'Pennsylvania[F]', 1, b'1'),
(39, 'Rhode Island[G]', 1, b'1'),
(40, 'South Carolina', 1, b'1'),
(41, 'South Dakota', 1, b'1'),
(42, 'Tennessee', 1, b'1'),
(43, 'Texas', 1, b'1'),
(44, 'Utah', 1, b'1'),
(45, 'Vermont', 1, b'1'),
(46, 'Virginia[H]', 1, b'1'),
(47, 'Washington', 1, b'1'),
(48, 'West Virginia', 1, b'1'),
(49, 'Wisconsin', 1, b'1'),
(50, 'Wyoming', 1, b'1'),
(51, 'District of Columbia', 1, b'1'),
(52, 'American Samoa', 1, b'1'),
(53, 'Guam', 1, b'1'),
(54, 'Northern Mariana Islands[J]', 1, b'1'),
(55, 'Puerto Rico[K]', 1, b'1'),
(56, 'U.S. Virgin Islands', 1, b'1'),
(57, 'Baker Island', 1, b'1'),
(58, 'Howland Island', 1, b'1'),
(59, 'Jarvis Island', 1, b'1'),
(60, 'Johnston Atoll', 1, b'1'),
(61, 'Kingman Reef', 1, b'1'),
(62, 'Midway Atoll[N]', 1, b'1'),
(63, 'Navassa Island[O]', 1, b'1'),
(64, 'Palmyra Atoll[P]', 1, b'1'),
(65, 'Wake Island[Q]', 1, b'1'),
(66, 'Bajo Nuevo Bank (Petrel Island)[19]', 1, b'1'),
(67, 'Serranilla Bank[19]', 1, b'1'),
(68, 'Port Blair', 2, b'1'),
(69, 'Andhra Pradesh', 2, b'1'),
(70, 'Arunachal Pradesh', 2, b'1'),
(71, 'Assam', 2, b'1'),
(72, 'Bihar', 2, b'1'),
(73, 'Chandigarh', 2, b'1'),
(74, 'Chhattisgarh', 2, b'1'),
(75, 'Dadra and Nagar Haveli', 2, b'1'),
(76, 'Daman and Diu', 2, b'1'),
(77, 'National Capital Territory of Delhi', 2, b'1'),
(78, 'Goa', 2, b'1'),
(79, 'Gujarat', 2, b'1'),
(80, 'Haryana', 2, b'1'),
(81, 'Himachal Pradesh', 2, b'1'),
(82, 'Jammu and Kashmir', 2, b'1'),
(83, 'Jharkhand', 2, b'1'),
(84, 'Karnataka', 2, b'1'),
(85, 'Kerala', 2, b'1'),
(86, 'Lakshadweep', 2, b'1'),
(87, 'Madhya Pradesh', 2, b'1'),
(88, 'Maharashtra', 2, b'1'),
(89, 'Manipur', 2, b'1'),
(90, 'Meghalaya', 2, b'1'),
(91, 'Mizoram', 2, b'1'),
(92, 'Nagaland', 2, b'1'),
(93, 'Odisha', 2, b'1'),
(94, 'Puducherry', 2, b'1'),
(95, 'Punjab', 2, b'1'),
(96, 'Rajasthan', 2, b'1'),
(97, 'Sikkim', 2, b'1'),
(98, 'Tamil Nadu', 2, b'1'),
(99, 'Telangana', 2, b'1'),
(100, 'Tripura', 2, b'1'),
(101, 'Uttar Pradesh', 2, b'1'),
(102, 'Uttarakhand', 2, b'1'),
(103, 'West Bengal', 2, b'1'),
(104, 'Pakistan State Oil', 3, b'1'),
(105, 'Pak-Arab Refinery', 3, b'1'),
(106, 'Sui Northern Gas Pipelines', 3, b'1'),
(107, 'Shell Pakistan', 3, b'1'),
(108, 'Oil and Gas Development Co.', 3, b'1'),
(109, 'National Refinery', 3, b'1'),
(110, 'Hub Power Co.', 3, b'1'),
(111, 'K-Electric', 3, b'1'),
(112, 'Attock Refinery', 3, b'1'),
(113, 'Attock Petroleum', 3, b'1'),
(114, 'Lahore Electric Supply Co.', 3, b'1'),
(115, 'Pakistan Refinery', 3, b'1'),
(116, 'Sui Southern Gas Pipelines', 3, b'1'),
(117, 'Pakistan International Airlines', 3, b'1'),
(118, 'Engro Corporation', 3, b'1'),
(119, 'Bangued', 4, b'1'),
(120, 'Agusan', 4, b'1'),
(121, 'del Norte[i]', 4, b'1'),
(122, 'Agusan', 4, b'1'),
(123, 'del Sur', 4, b'1'),
(124, 'Aklan', 4, b'1'),
(125, 'Albay', 4, b'1'),
(126, 'Antique', 4, b'1'),
(127, 'Apayao', 4, b'1'),
(128, 'Aurora', 4, b'1'),
(129, 'Basilan[iv]', 4, b'1'),
(130, 'Bataan', 4, b'1'),
(131, 'Batanes', 4, b'1'),
(132, 'Batangas', 4, b'1'),
(133, 'Benguet[vi]', 4, b'1'),
(134, 'Biliran', 4, b'1'),
(135, 'Bohol', 4, b'1'),
(136, 'Bukidnon', 4, b'1'),
(137, 'Bulacan', 4, b'1'),
(138, 'Cagayan', 4, b'1'),
(139, 'Camarines', 4, b'1'),
(140, 'Norte', 4, b'1'),
(141, 'Camarines', 4, b'1'),
(142, 'Sur[vii]', 4, b'1'),
(143, 'Camiguin', 4, b'1'),
(144, 'Capiz', 4, b'1'),
(145, 'Catanduanes', 4, b'1'),
(146, 'Cavite', 4, b'1'),
(147, 'Cebu[viii]', 4, b'1'),
(148, 'Compostela Valley', 4, b'1'),
(149, 'Cotabato', 4, b'1'),
(150, 'Davao', 4, b'1'),
(151, 'del Norte', 4, b'1'),
(152, 'Davao', 4, b'1'),
(153, 'del Sur[ix]', 4, b'1'),
(154, 'Davao', 4, b'1'),
(155, 'Occidental', 4, b'1'),
(156, 'Davao', 4, b'1'),
(157, 'Oriental', 4, b'1'),
(158, 'Dinagat Islands', 4, b'1'),
(159, 'Eastern Samar', 4, b'1'),
(160, 'Guimaras', 4, b'1'),
(161, 'Ifugao', 4, b'1'),
(162, 'Ilocos', 4, b'1'),
(163, 'Norte', 4, b'1'),
(164, 'Ilocos', 4, b'1'),
(165, 'Sur', 4, b'1'),
(166, 'Iloilo[x]', 4, b'1'),
(167, 'Isabela[xi]', 4, b'1'),
(168, 'Kalinga', 4, b'1'),
(169, 'La Union', 4, b'1'),
(170, 'Laguna', 4, b'1'),
(171, 'Lanao', 4, b'1'),
(172, 'del Norte[xii]', 4, b'1'),
(173, 'Lanao', 4, b'1'),
(174, 'del Sur', 4, b'1'),
(175, 'Leyte[xiii]', 4, b'1'),
(176, 'Maguindanao[xiv]', 4, b'1'),
(177, 'Marinduque', 4, b'1'),
(178, 'Masbate', 4, b'1'),
(179, 'Misamis', 4, b'1'),
(180, 'Occidental', 4, b'1'),
(181, 'Misamis', 4, b'1'),
(182, 'Oriental[xv]', 4, b'1'),
(183, 'Mountain', 4, b'1'),
(184, 'Province', 4, b'1'),
(185, 'Negros', 4, b'1'),
(186, 'Occidental[xvi]', 4, b'1'),
(187, 'Negros', 4, b'1'),
(188, 'Oriental', 4, b'1'),
(189, 'Northern Samar', 4, b'1'),
(190, 'Nueva Ecija', 4, b'1'),
(191, 'Nueva Vizcaya', 4, b'1'),
(192, 'Occidental', 4, b'1'),
(193, 'Mindoro', 4, b'1'),
(194, 'Oriental', 4, b'1'),
(195, 'Mindoro', 4, b'1'),
(196, 'Palawan[xviii]', 4, b'1'),
(197, 'Pampanga[xix]', 4, b'1'),
(198, 'Pangasinan[xx]', 4, b'1'),
(199, 'Quezon[xxi]', 4, b'1'),
(200, 'Quirino', 4, b'1'),
(201, 'Rizal', 4, b'1'),
(202, 'Romblon', 4, b'1'),
(203, 'Samar', 4, b'1'),
(204, 'Sarangani', 4, b'1'),
(205, 'Siquijor', 4, b'1'),
(206, 'Sorsogon', 4, b'1'),
(207, 'South Cotabato[xxiii]', 4, b'1'),
(208, 'Southern Leyte', 4, b'1'),
(209, 'Sultan Kudarat', 4, b'1'),
(210, 'Sulu', 4, b'1'),
(211, 'Surigao', 4, b'1'),
(212, 'del Norte', 4, b'1'),
(213, 'Surigao', 4, b'1'),
(214, 'del Sur', 4, b'1'),
(215, 'Tarlac', 4, b'1'),
(216, 'Tawi-Tawi', 4, b'1'),
(217, 'Zambales[xxiv]', 4, b'1'),
(218, 'Zamboanga', 4, b'1'),
(219, 'del Norte', 4, b'1'),
(220, 'Zamboanga', 4, b'1'),
(221, 'del Sur[xxv]', 4, b'1'),
(222, 'Zamboanga', 4, b'1'),
(223, 'Sibugay', 4, b'1'),
(224, 'Metro Manila', 4, b'1'),
(225, 'Abia', 5, b'1'),
(226, 'Adamawa', 5, b'1'),
(227, 'Anambra', 5, b'1'),
(228, 'Akwa Ibom', 5, b'1'),
(229, 'Bauchi', 5, b'1'),
(230, 'Bayelsa', 5, b'1'),
(231, 'Benue', 5, b'1'),
(232, 'Borno', 5, b'1'),
(233, 'Cross River', 5, b'1'),
(234, 'Delta', 5, b'1'),
(235, 'Ebonyi', 5, b'1'),
(236, 'Enugu', 5, b'1'),
(237, 'Edo', 5, b'1'),
(238, 'Ekiti', 5, b'1'),
(239, 'Gombe', 5, b'1'),
(240, 'Imo', 5, b'1'),
(241, 'Jigawa', 5, b'1'),
(242, 'Kaduna', 5, b'1'),
(243, 'Kano', 5, b'1'),
(244, 'Katsina', 5, b'1'),
(245, 'Kebbi', 5, b'1'),
(246, 'Kogi', 5, b'1'),
(247, 'Kwara', 5, b'1'),
(248, 'Lagos', 5, b'1'),
(249, 'Nasarawa', 5, b'1'),
(250, 'Niger', 5, b'1'),
(251, 'Ogun', 5, b'1'),
(252, 'Ondo', 5, b'1'),
(253, 'Osun', 5, b'1'),
(254, 'Oyo', 5, b'1'),
(255, 'Plateau', 5, b'1'),
(256, 'Rivers', 5, b'1'),
(257, 'Sokoto', 5, b'1'),
(258, 'Taraba', 5, b'1'),
(259, 'Yobe', 5, b'1'),
(260, 'Zamfara', 5, b'1'),
(261, 'Federal Capital Territory (FCT)', 5, b'1'),
(262, 'England', 6, b'1'),
(263, 'Northern Ireland', 6, b'1'),
(264, 'Scotland', 6, b'1'),
(265, 'Wales', 6, b'1'),
(266, 'Winfried Kretschmann (Greens)', 7, b'1'),
(267, 'Bavaria', 7, b'1'),
(268, '(Freistaat Bayern)', 7, b'1'),
(269, 'Berlin', 7, b'1'),
(270, 'Brandenburg', 7, b'1'),
(271, 'Bremen', 7, b'1'),
(272, '(Freie Hansestadt Bremen)', 7, b'1'),
(273, 'Hamburg', 7, b'1'),
(274, '(Freie und Hansestadt Hamburg)', 7, b'1'),
(275, 'Hesse', 7, b'1'),
(276, '(Hessen)', 7, b'1'),
(277, 'Lower Saxony', 7, b'1'),
(278, '(Niedersachsen)', 7, b'1'),
(279, 'Mecklenburg-Vorpommern', 7, b'1'),
(280, 'North Rhine-', 7, b'1'),
(281, 'Westphalia', 7, b'1'),
(282, '(Nordrhein-Westfalen)', 7, b'1'),
(283, 'Rhineland-Palatinate', 7, b'1'),
(284, '(Rheinland-Pfalz)', 7, b'1'),
(285, 'Saarland', 7, b'1'),
(286, 'Saxony', 7, b'1'),
(287, '(Freistaat Sachsen)', 7, b'1'),
(288, 'Saxony-Anhalt', 7, b'1'),
(289, '(Sachsen-Anhalt)', 7, b'1'),
(290, 'Schleswig-Holstein', 7, b'1'),
(291, 'Thuringia', 7, b'1'),
(292, '(Freistaat Th?ringen)', 7, b'1'),
(293, 'Quebec', 8, b'1'),
(294, 'Nova Scotia', 8, b'1'),
(295, 'New Brunswick', 8, b'1'),
(296, 'Manitoba', 8, b'1'),
(297, 'British Columbia', 8, b'1'),
(298, 'Prince Edward Island', 8, b'1'),
(299, 'Saskatchewan', 8, b'1'),
(300, 'Alberta', 8, b'1'),
(301, 'Newfoundland and Labrador', 8, b'1'),
(302, '?le-de-France (Paris)', 9, b'1'),
(303, 'Berry (Bourges)', 9, b'1'),
(304, 'Orl?anais (Orl?ans)', 9, b'1'),
(305, 'Normandy (Rouen)', 9, b'1'),
(306, 'Languedoc (Toulouse)', 9, b'1'),
(307, 'Lyonnais (Lyon)', 9, b'1'),
(308, 'Dauphin? (Grenoble)', 9, b'1'),
(309, 'Champagne (Troyes)', 9, b'1'),
(310, 'Aunis (La Rochelle)', 9, b'1'),
(311, 'Saintonge (Saintes)', 9, b'1'),
(312, 'Poitou (Poitiers)', 9, b'1'),
(313, 'Guyenne and Gascony (Bordeaux)', 9, b'1'),
(314, 'Burgundy (Dijon)', 9, b'1'),
(315, 'Picardy (Amiens)', 9, b'1'),
(316, 'Anjou (Angers)', 9, b'1'),
(317, 'Provence (Aix-en-Provence)', 9, b'1'),
(318, 'Angoumois (Angoul?me)', 9, b'1'),
(319, 'Bourbonnais (Moulins)', 9, b'1'),
(320, 'Marche (Gu?ret)', 9, b'1'),
(321, 'Brittany (Rennes)', 9, b'1'),
(322, 'Maine (Le Mans)', 9, b'1'),
(323, 'Touraine (Tours)', 9, b'1'),
(324, 'Limousin (Limoges)', 9, b'1'),
(325, 'Foix (Foix)', 9, b'1'),
(326, 'Auvergne (Clermont-Ferrand)', 9, b'1'),
(327, 'B?arn (Pau)', 9, b'1'),
(328, 'Alsace', 9, b'1'),
(329, 'Artois', 9, b'1'),
(330, 'Roussillon', 9, b'1'),
(331, 'Flanders and Hainaut', 9, b'1'),
(332, 'Franche-Comt?', 9, b'1'),
(333, 'Lorraine (Nancy);', 9, b'1'),
(334, 'Trois-?v?ch?s', 9, b'1'),
(335, 'Corsica', 9, b'1'),
(336, 'Nivernais', 9, b'1'),
(337, 'Australian Antarctic Territory', 10, b'1'),
(338, 'Australian Capital Territory', 10, b'1'),
(339, 'Christmas Island', 10, b'1'),
(340, 'Cocos (Keeling) Islands', 10, b'1'),
(341, 'Coral Sea Islands', 10, b'1'),
(342, 'Heard Island and McDonald Islands', 10, b'1'),
(343, 'Jervis Bay Territory', 10, b'1'),
(344, 'New South Wales', 10, b'1'),
(345, 'Norfolk Island', 10, b'1'),
(346, 'Northern Territory', 10, b'1'),
(347, 'Queensland', 10, b'1'),
(348, 'South Australia', 10, b'1'),
(349, 'Tasmania', 10, b'1'),
(350, 'Victoria', 10, b'1'),
(351, 'Western Australia', 10, b'1'),
(352, 'Agrigento', 11, b'1'),
(353, 'Alessandria', 11, b'1'),
(354, 'Ancona', 11, b'1'),
(355, 'Aosta', 11, b'1'),
(356, 'Arezzo', 11, b'1'),
(357, 'Ascoli Piceno', 11, b'1'),
(358, 'Asti', 11, b'1'),
(359, 'Avellino', 11, b'1'),
(360, 'Bari', 11, b'1'),
(361, 'Barletta-Andria-Trani', 11, b'1'),
(362, 'Belluno', 11, b'1'),
(363, 'Benevento', 11, b'1'),
(364, 'Bergamo', 11, b'1'),
(365, 'Biella', 11, b'1'),
(366, 'Bologna', 11, b'1'),
(367, 'South Tyrol[note 1]', 11, b'1'),
(368, 'Brescia', 11, b'1'),
(369, 'Brindisi', 11, b'1'),
(370, 'Cagliari', 11, b'1'),
(371, 'Caltanissetta', 11, b'1'),
(372, 'Campobasso', 11, b'1'),
(373, 'Carbonia-Iglesias', 11, b'1'),
(374, 'Caserta', 11, b'1'),
(375, 'Catania', 11, b'1'),
(376, 'Catanzaro', 11, b'1'),
(377, 'Chieti', 11, b'1'),
(378, 'Como', 11, b'1'),
(379, 'Cosenza', 11, b'1'),
(380, 'Cremona', 11, b'1'),
(381, 'Crotone', 11, b'1'),
(382, 'Cuneo', 11, b'1'),
(383, 'Enna', 11, b'1'),
(384, 'Fermo', 11, b'1'),
(385, 'Ferrara', 11, b'1'),
(386, 'Florence', 11, b'1'),
(387, 'Foggia', 11, b'1'),
(388, 'Forl?-Cesena', 11, b'1'),
(389, 'Frosinone', 11, b'1'),
(390, 'Genoa', 11, b'1'),
(391, 'Gorizia', 11, b'1'),
(392, 'Grosseto', 11, b'1'),
(393, 'Imperia', 11, b'1'),
(394, 'Isernia', 11, b'1'),
(395, 'La Spezia', 11, b'1'),
(396, 'L\'Aquila', 11, b'1'),
(397, 'Latina', 11, b'1'),
(398, 'Lecce', 11, b'1'),
(399, 'Lecco', 11, b'1'),
(400, 'Livorno', 11, b'1'),
(401, 'Lodi', 11, b'1'),
(402, 'Lucca', 11, b'1'),
(403, 'Macerata', 11, b'1'),
(404, 'Mantua', 11, b'1'),
(405, 'Massa and Carrara', 11, b'1'),
(406, 'Matera', 11, b'1'),
(407, 'Medio Campidano', 11, b'1'),
(408, 'Messina', 11, b'1'),
(409, 'Milan', 11, b'1'),
(410, 'Modena', 11, b'1'),
(411, 'Monza and Brianza', 11, b'1'),
(412, 'Naples', 11, b'1'),
(413, 'Novara', 11, b'1'),
(414, 'Nuoro', 11, b'1'),
(415, 'Ogliastra', 11, b'1'),
(416, 'Olbia-Tempio', 11, b'1'),
(417, 'Oristano', 11, b'1'),
(418, 'Padua', 11, b'1'),
(419, 'Palermo', 11, b'1'),
(420, 'Parma', 11, b'1'),
(421, 'Pavia', 11, b'1'),
(422, 'Perugia', 11, b'1'),
(423, 'Pesaro and Urbino', 11, b'1'),
(424, 'Pescara', 11, b'1'),
(425, 'Piacenza', 11, b'1'),
(426, 'Pisa', 11, b'1'),
(427, 'Pistoia', 11, b'1'),
(428, 'Pordenone', 11, b'1'),
(429, 'Potenza', 11, b'1'),
(430, 'Prato', 11, b'1'),
(431, 'Ragusa', 11, b'1'),
(432, 'Ravenna', 11, b'1'),
(433, 'Reggio Calabria', 11, b'1'),
(434, 'Reggio Emilia', 11, b'1'),
(435, 'Rieti', 11, b'1'),
(436, 'Rimini', 11, b'1'),
(437, 'Rome', 11, b'1'),
(438, 'Rovigo', 11, b'1'),
(439, 'Salerno', 11, b'1'),
(440, 'Sassari', 11, b'1'),
(441, 'Savona', 11, b'1'),
(442, 'Siena', 11, b'1'),
(443, 'Sondrio', 11, b'1'),
(444, 'Syracuse', 11, b'1'),
(445, 'Taranto', 11, b'1'),
(446, 'Teramo', 11, b'1'),
(447, 'Terni', 11, b'1'),
(448, 'Trapani', 11, b'1'),
(449, 'Trentino', 11, b'1'),
(450, 'Treviso', 11, b'1'),
(451, 'Trieste', 11, b'1'),
(452, 'Turin', 11, b'1'),
(453, 'Udine', 11, b'1'),
(454, 'Varese', 11, b'1'),
(455, 'Venice', 11, b'1'),
(456, 'Verbano-Cusio-Ossola', 11, b'1'),
(457, 'Vercelli', 11, b'1'),
(458, 'Verona', 11, b'1'),
(459, 'Vibo Valentia', 11, b'1'),
(460, 'Vicenza', 11, b'1'),
(461, 'Viterbo', 11, b'1'),
(462, 'Barisal Division', 12, b'1'),
(463, 'Chittagong Division', 12, b'1'),
(464, 'Dhaka Division', 12, b'1'),
(465, 'Khulna Division', 12, b'1'),
(466, 'Mymensingh Division', 12, b'1'),
(467, 'Rajshahi Division', 12, b'1'),
(468, 'Rangpur Division', 12, b'1'),
(469, 'Sylhet Division', 12, b'1'),
(470, 'Alexandria', 13, b'1'),
(471, 'Aswan', 13, b'1'),
(472, 'Asyut', 13, b'1'),
(473, 'Beheira', 13, b'1'),
(474, 'Beni Suef', 13, b'1'),
(475, 'Cairo', 13, b'1'),
(476, 'Dakahlia', 13, b'1'),
(477, 'Damietta', 13, b'1'),
(478, 'Faiyum', 13, b'1'),
(479, 'Gharbia', 13, b'1'),
(480, 'Giza', 13, b'1'),
(481, 'Ismailia', 13, b'1'),
(482, 'Kafr El Sheikh', 13, b'1'),
(483, 'Luxor', 13, b'1'),
(484, 'Matruh', 13, b'1'),
(485, 'Minya', 13, b'1'),
(486, 'Monufia', 13, b'1'),
(487, 'New Valley', 13, b'1'),
(488, 'North Sinai', 13, b'1'),
(489, 'Port Said', 13, b'1'),
(490, 'Qalyubia', 13, b'1'),
(491, 'Qena', 13, b'1'),
(492, 'Red Sea', 13, b'1'),
(493, 'Sharqia', 13, b'1'),
(494, 'Sohag', 13, b'1'),
(495, 'South Sinai', 13, b'1'),
(496, 'Suez', 13, b'1'),
(497, 'Amnat Charoen', 14, b'1'),
(498, 'Ang Thong', 14, b'1'),
(499, 'Bangkok Metropolis', 14, b'1'),
(500, 'Bueng Kan', 14, b'1'),
(501, 'Buri Ram', 14, b'1'),
(502, 'Chachoengsao', 14, b'1'),
(503, 'Chai Nat', 14, b'1'),
(504, 'Chaiyaphum', 14, b'1'),
(505, 'Chanthaburi', 14, b'1'),
(506, 'Chiang Mai', 14, b'1'),
(507, 'Chiang Rai', 14, b'1'),
(508, 'Chon Buri', 14, b'1'),
(509, 'Chumphon', 14, b'1'),
(510, 'Kalasin', 14, b'1'),
(511, 'Kamphaeng Phet', 14, b'1'),
(512, 'Kanchanaburi', 14, b'1'),
(513, 'Khon Kaen', 14, b'1'),
(514, 'Krabi', 14, b'1'),
(515, 'Lampang', 14, b'1'),
(516, 'Lamphun', 14, b'1'),
(517, 'Loei', 14, b'1'),
(518, 'Lop Buri', 14, b'1'),
(519, 'Mae Hong Son', 14, b'1'),
(520, 'Maha Sarakham', 14, b'1'),
(521, 'Mukdahan', 14, b'1'),
(522, 'Nakhon Nayok', 14, b'1'),
(523, 'Nakhon Pathom', 14, b'1'),
(524, 'Nakhon Phanom', 14, b'1'),
(525, 'Nakhon Ratchasima', 14, b'1'),
(526, 'Nakhon Sawan', 14, b'1'),
(527, 'Nakhon Si Thammarat', 14, b'1'),
(528, 'Nan', 14, b'1'),
(529, 'Narathiwat', 14, b'1'),
(530, 'Nong Bua Lam Phu', 14, b'1'),
(531, 'Nong Khai', 14, b'1'),
(532, 'Nonthaburi', 14, b'1'),
(533, 'Pathum Thani', 14, b'1'),
(534, 'Pattani', 14, b'1'),
(535, 'Phangnga', 14, b'1'),
(536, 'Phatthalung', 14, b'1'),
(537, 'Phayao', 14, b'1'),
(538, 'Phetchabun', 14, b'1'),
(539, 'Phetchaburi', 14, b'1'),
(540, 'Phichit', 14, b'1'),
(541, 'Phitsanulok', 14, b'1'),
(542, 'Phrae', 14, b'1'),
(543, 'Phra Nakhon Si Ayutthaya', 14, b'1'),
(544, 'Phuket', 14, b'1'),
(545, 'Prachin Buri', 14, b'1'),
(546, 'Prachuap Khiri Khan', 14, b'1'),
(547, 'Ranong', 14, b'1'),
(548, 'Ratchaburi', 14, b'1'),
(549, 'Rayong', 14, b'1'),
(550, 'Roi Et', 14, b'1'),
(551, 'Sa Kaeo', 14, b'1'),
(552, 'Sakon Nakhon', 14, b'1'),
(553, 'Samut Prakan', 14, b'1'),
(554, 'Samut Sakhon', 14, b'1'),
(555, 'Samut Songkhram', 14, b'1'),
(556, 'Saraburi', 14, b'1'),
(557, 'Satun', 14, b'1'),
(558, 'Sing Buri', 14, b'1'),
(559, 'Si Sa Ket', 14, b'1'),
(560, 'Songkhla', 14, b'1'),
(561, 'Sukhothai', 14, b'1'),
(562, 'Suphan Buri', 14, b'1'),
(563, 'Surat Thani', 14, b'1'),
(564, 'Surin', 14, b'1'),
(565, 'Tak', 14, b'1'),
(566, 'Trang', 14, b'1'),
(567, 'Trat', 14, b'1'),
(568, 'Ubon Ratchathani', 14, b'1'),
(569, 'Udon Thani', 14, b'1'),
(570, 'Uthai Thani', 14, b'1'),
(571, 'Uttaradit', 14, b'1'),
(572, 'Yala', 14, b'1'),
(573, 'Yasothon', 14, b'1'),
(574, 'Drenthe', 15, b'1'),
(575, 'Flevoland', 15, b'1'),
(576, 'Friesland (Frysl?n)[A]', 15, b'1'),
(577, 'Gelderland', 15, b'1'),
(578, 'Groningen[B]', 15, b'1'),
(579, 'Limburg', 15, b'1'),
(580, 'North Brabant', 15, b'1'),
(581, 'North Holland', 15, b'1'),
(582, 'Overijssel', 15, b'1'),
(583, 'South Holland', 15, b'1'),
(584, 'Utrecht', 15, b'1'),
(585, 'Zeeland', 15, b'1'),
(586, 'Koshi', 16, b'1'),
(587, 'Janakpur', 16, b'1'),
(588, 'Bagmati', 16, b'1'),
(589, 'Gandaki', 16, b'1'),
(590, 'Lumbini', 16, b'1'),
(591, 'Karnali', 16, b'1'),
(592, 'Far West', 16, b'1'),
(593, 'The Eastern Cape', 17, b'1'),
(594, 'The Free State', 17, b'1'),
(595, 'Gauteng', 17, b'1'),
(596, 'KwaZulu-Natal', 17, b'1'),
(597, 'Limpopo', 17, b'1'),
(598, 'Mpumalanga', 17, b'1'),
(599, 'The Northern Cape', 17, b'1'),
(600, 'North West', 17, b'1'),
(601, 'The Western Cape', 17, b'1'),
(602, 'Greater Poland (Wielkopolskie)', 18, b'1'),
(603, 'Kuyavian-Pomeranian (Kujawsko-pomorskie)', 18, b'1'),
(604, 'Lesser Poland (Ma?opolskie)', 18, b'1'),
(605, 'Lodz (L?dzkie)', 18, b'1'),
(606, 'Lower Silesian (Dolnoslaskie)', 18, b'1'),
(607, 'Lublin (Lubelskie)', 18, b'1'),
(608, 'Lubusz (Lubuskie)', 18, b'1'),
(609, 'Masovian (Mazowieckie)', 18, b'1'),
(610, 'Opole (Opolskie)', 18, b'1'),
(611, 'Podlasie (Podlaskie)', 18, b'1'),
(612, 'Pomeranian (Pomorskie)', 18, b'1'),
(613, 'Silesian (Slaskie)', 18, b'1'),
(614, 'Subcarpathian (Podkarpackie)', 18, b'1'),
(615, 'Swietokrzyskie (Swietokrzyskie)', 18, b'1'),
(616, 'Warmian-Masurian (Warminsko-mazurskie)', 18, b'1'),
(617, 'Western Pomeranian (Zachodniopomorskie)', 18, b'1'),
(618, 'Adana', 19, b'1'),
(619, 'Ad?yaman', 19, b'1'),
(620, 'Afyonkarahisar', 19, b'1'),
(621, 'A?r?', 19, b'1'),
(622, 'Amasya', 19, b'1'),
(623, 'Ankara', 19, b'1'),
(624, 'Antalya', 19, b'1'),
(625, 'Artvin', 19, b'1'),
(626, 'Ayd?n', 19, b'1'),
(627, 'Bal?kesir', 19, b'1'),
(628, 'Bilecik', 19, b'1'),
(629, 'Bing?l', 19, b'1'),
(630, 'Bitlis', 19, b'1'),
(631, 'Bolu', 19, b'1'),
(632, 'Burdur', 19, b'1'),
(633, 'Bursa', 19, b'1'),
(634, '?anakkale', 19, b'1'),
(635, '?ank?r?', 19, b'1'),
(636, '?orum', 19, b'1'),
(637, 'Denizli', 19, b'1'),
(638, 'Diyarbak?r', 19, b'1'),
(639, 'Edirne', 19, b'1'),
(640, 'Elaz??', 19, b'1'),
(641, 'Erzincan', 19, b'1'),
(642, 'Erzurum', 19, b'1'),
(643, 'Eski?ehir', 19, b'1'),
(644, 'Gaziantep', 19, b'1'),
(645, 'Giresun', 19, b'1'),
(646, 'G?m??hane', 19, b'1'),
(647, 'Hakk?ri', 19, b'1'),
(648, 'Hatay', 19, b'1'),
(649, 'Isparta', 19, b'1'),
(650, 'Mersin', 19, b'1'),
(651, 'Istanbul', 19, b'1'),
(652, '?zmir', 19, b'1'),
(653, 'Kars', 19, b'1'),
(654, 'Kastamonu', 19, b'1'),
(655, 'Kayseri', 19, b'1'),
(656, 'K?rklareli', 19, b'1'),
(657, 'K?r?ehir', 19, b'1'),
(658, 'Kocaeli', 19, b'1'),
(659, 'Konya', 19, b'1'),
(660, 'K?tahya', 19, b'1'),
(661, 'Malatya', 19, b'1'),
(662, 'Manisa', 19, b'1'),
(663, 'Kahramanmara?', 19, b'1'),
(664, 'Mardin', 19, b'1'),
(665, 'Mu?la', 19, b'1'),
(666, 'Mu?', 19, b'1'),
(667, 'Nev?ehir', 19, b'1'),
(668, 'Ni?de', 19, b'1'),
(669, 'Ordu', 19, b'1'),
(670, 'Rize', 19, b'1'),
(671, 'Sakarya', 19, b'1'),
(672, 'Samsun', 19, b'1'),
(673, 'Siirt', 19, b'1'),
(674, 'Sinop', 19, b'1'),
(675, 'Sivas', 19, b'1'),
(676, 'Tekirda?', 19, b'1'),
(677, 'Tokat', 19, b'1'),
(678, 'Trabzon', 19, b'1'),
(679, 'Tunceli', 19, b'1'),
(680, '?anl?urfa', 19, b'1'),
(681, 'U?ak', 19, b'1'),
(682, 'Van', 19, b'1'),
(683, 'Yozgat', 19, b'1'),
(684, 'Zonguldak', 19, b'1'),
(685, 'Aksaray', 19, b'1'),
(686, 'Bayburt', 19, b'1'),
(687, 'Karaman', 19, b'1'),
(688, 'K?r?kkale', 19, b'1'),
(689, 'Batman', 19, b'1'),
(690, '??rnak', 19, b'1'),
(691, 'Bart?n', 19, b'1'),
(692, 'Ardahan', 19, b'1'),
(693, 'I?d?r', 19, b'1'),
(694, 'Yalova', 19, b'1'),
(695, 'Karab?k', 19, b'1'),
(696, 'Kilis', 19, b'1'),
(697, 'Osmaniye', 19, b'1'),
(698, 'D?zce', 19, b'1'),
(699, 'Al-Anbar', 20, b'1'),
(700, 'Al-Basrah', 20, b'1'),
(701, 'Al-Muthanna', 20, b'1'),
(702, 'Al-Qadisiyah', 20, b'1'),
(703, 'An-Najaf', 20, b'1'),
(704, 'Arbil', 20, b'1'),
(705, 'As-Sulaymaniyah', 20, b'1'),
(706, 'Babil', 20, b'1'),
(707, 'Baghdad', 20, b'1'),
(708, 'Dahuk', 20, b'1'),
(709, 'Dhi Qar', 20, b'1'),
(710, 'Diyala', 20, b'1'),
(711, 'Halabja', 20, b'1'),
(712, 'Karbala\'', 20, b'1'),
(713, 'Kirkuk', 20, b'1'),
(714, 'Maysan', 20, b'1'),
(715, 'Ninawa', 20, b'1'),
(716, 'Salah ad-Din', 20, b'1'),
(717, 'Wasit', 20, b'1'),
(718, 'Northern', 21, b'1'),
(719, 'North Western', 21, b'1'),
(720, 'Western', 21, b'1'),
(721, 'North Central', 21, b'1'),
(722, 'Central', 21, b'1'),
(723, 'Sabaragamuwa', 21, b'1'),
(724, 'Eastern', 21, b'1'),
(725, 'Uva', 21, b'1'),
(726, 'Southern', 21, b'1'),
(727, 'Badajoz', 22, b'1'),
(728, 'C?ceres', 22, b'1'),
(729, 'Ciudad Real', 22, b'1'),
(730, 'Zaragoza', 22, b'1'),
(731, 'Cuenca', 22, b'1'),
(732, 'Huesca', 22, b'1'),
(733, 'Le?n', 22, b'1'),
(734, 'Toledo', 22, b'1'),
(735, 'Albacete', 22, b'1'),
(736, 'Teruel', 22, b'1'),
(737, 'Burgos', 22, b'1'),
(738, 'Seville', 22, b'1'),
(739, 'C?rdoba', 22, b'1'),
(740, 'Ja?n', 22, b'1'),
(741, 'Granada', 22, b'1'),
(742, 'Salamanca', 22, b'1'),
(743, 'Guadalajara', 22, b'1'),
(744, 'Lleida', 22, b'1'),
(745, 'Murcia', 22, b'1'),
(746, 'Valencia', 22, b'1'),
(747, 'Asturias', 22, b'1'),
(748, 'Zamora', 22, b'1'),
(749, 'Navarre', 22, b'1'),
(750, 'Soria', 22, b'1'),
(751, 'Huelva', 22, b'1'),
(752, 'Lugo', 22, b'1'),
(753, 'Almer?a', 22, b'1'),
(754, 'Valladolid', 22, b'1'),
(755, 'Palencia', 22, b'1'),
(756, '?vila', 22, b'1'),
(757, 'Madrid', 22, b'1'),
(758, 'A Coru?a', 22, b'1'),
(759, 'Barcelona', 22, b'1'),
(760, 'C?diz', 22, b'1'),
(761, 'M?laga', 22, b'1'),
(762, 'Ourense', 22, b'1'),
(763, 'Segovia', 22, b'1'),
(764, 'Castell?n', 22, b'1'),
(765, 'Tarragona', 22, b'1'),
(766, 'Girona', 22, b'1'),
(767, 'Alicante', 22, b'1'),
(768, 'Cantabria', 22, b'1'),
(769, 'La Rioja', 22, b'1'),
(770, 'Balearic Islands', 22, b'1'),
(771, 'Pontevedra', 22, b'1'),
(772, 'Las Palmas', 22, b'1'),
(773, 'Santa Cruz de Tenerife', 22, b'1'),
(774, '?lava', 22, b'1'),
(775, 'Biscay', 22, b'1'),
(776, 'Gipuzkoa', 22, b'1'),
(777, 'Melilla', 22, b'1'),
(778, 'Ceuta', 22, b'1'),
(779, 'Beijing Municipality', 23, b'1'),
(780, 'Tianjin Municipality', 23, b'1'),
(781, 'Hebei Province', 23, b'1'),
(782, 'Shanxi Province', 23, b'1'),
(783, 'Inner Mongolia Autonomous Region', 23, b'1'),
(784, 'Liaoning Province', 23, b'1'),
(785, 'Jilin Province', 23, b'1'),
(786, 'Heilongjiang Province', 23, b'1'),
(787, 'Shanghai Municipality', 23, b'1'),
(788, 'Jiangsu Province', 23, b'1'),
(789, 'Zhejiang Province', 23, b'1'),
(790, 'Anhui Province', 23, b'1'),
(791, 'Fujian Province', 23, b'1'),
(792, 'Jiangxi Province', 23, b'1'),
(793, 'Shandong Province', 23, b'1'),
(794, 'Henan Province', 23, b'1'),
(795, 'Hubei Province', 23, b'1'),
(796, 'Hunan Province', 23, b'1'),
(797, 'Guangdong Province', 23, b'1'),
(798, 'Guangxi Zhuang Autonomous Region', 23, b'1'),
(799, 'Hainan Province', 23, b'1'),
(800, 'Chongqing Municipality', 23, b'1'),
(801, 'Sichuan Province', 23, b'1'),
(802, 'Guizhou Province', 23, b'1'),
(803, 'Yunnan Province', 23, b'1'),
(804, 'Tibet Autonomous Region', 23, b'1'),
(805, 'Shaanxi Province', 23, b'1'),
(806, 'Gansu Province', 23, b'1'),
(807, 'Qinghai Province', 23, b'1'),
(808, 'Ningxia Hui Autonomous Region', 23, b'1'),
(809, 'Xinjiang Uyghur Autonomous Region', 23, b'1'),
(810, 'Taiwan Province5', 23, b'1'),
(811, 'Hong Kong Special Administrative Region', 23, b'1'),
(812, 'Macau Special Administrative Region', 23, b'1'),
(813, 'Acre', 24, b'1'),
(814, 'Alagoas', 24, b'1'),
(815, 'Amap?', 24, b'1'),
(816, 'Amazonas', 24, b'1'),
(817, 'Bahia', 24, b'1'),
(818, 'Cear?', 24, b'1'),
(819, 'Distrito Federal', 24, b'1'),
(820, 'Esp?rito Santo', 24, b'1'),
(821, 'Goi?s', 24, b'1'),
(822, 'Maranh?o', 24, b'1'),
(823, 'Mato Grosso', 24, b'1'),
(824, 'Mato Grosso do Sul', 24, b'1'),
(825, 'Minas Gerais', 24, b'1'),
(826, 'Par?', 24, b'1'),
(827, 'Para?ba', 24, b'1'),
(828, 'Paran?', 24, b'1'),
(829, 'Pernambuco', 24, b'1'),
(830, 'Piau?', 24, b'1'),
(831, 'Rio de Janeiro', 24, b'1'),
(832, 'Rio Grande do Norte', 24, b'1'),
(833, 'Rio Grande do Sul', 24, b'1'),
(834, 'Rond?nia', 24, b'1'),
(835, 'Roraima', 24, b'1'),
(836, 'Santa Catarina', 24, b'1'),
(837, 'S?o Paulo', 24, b'1'),
(838, 'Sergipe', 24, b'1'),
(839, 'Tocantins', 24, b'1'),
(840, '?ngermanland', 25, b'1'),
(841, 'Blekinge', 25, b'1'),
(842, 'Bohusl?n', 25, b'1'),
(843, 'Dalarna', 25, b'1'),
(844, 'Dalsland', 25, b'1'),
(845, 'Gotland', 25, b'1'),
(846, 'G?strikland', 25, b'1'),
(847, 'Halland', 25, b'1'),
(848, 'H?lsingland', 25, b'1'),
(849, 'H?rjedalen', 25, b'1'),
(850, 'J?mtland', 25, b'1'),
(851, 'Lappland', 25, b'1'),
(852, 'Medelpad', 25, b'1'),
(853, 'Norrbotten', 25, b'1'),
(854, 'N?rke', 25, b'1'),
(855, '?land', 25, b'1'),
(856, '?sterg?tland', 25, b'1'),
(857, 'Sk?ne', 25, b'1'),
(858, 'Sm?land', 25, b'1'),
(859, 'S?dermanland', 25, b'1'),
(860, 'Uppland', 25, b'1'),
(861, 'V?rmland', 25, b'1'),
(862, 'V?stmanland', 25, b'1'),
(863, 'V?sterbotten', 25, b'1'),
(864, 'V?sterg?tland', 25, b'1'),
(865, 'Central', 26, b'1'),
(866, 'Coast', 26, b'1'),
(867, 'Eastern', 26, b'1'),
(868, 'Nairobi', 26, b'1'),
(869, 'North Eastern', 26, b'1'),
(870, 'Nyanza', 26, b'1'),
(871, 'Rift Valley', 26, b'1'),
(872, 'Western', 26, b'1'),
(873, 'Adamawa (Adamaoua)', 27, b'1'),
(874, 'Centre', 27, b'1'),
(875, 'East (Est)', 27, b'1'),
(876, 'Far North (Extreme-Nord)', 27, b'1'),
(877, 'Littoral', 27, b'1'),
(878, 'North (Nord)', 27, b'1'),
(879, 'Northwest (Nord-Ouest)', 27, b'1'),
(880, 'South (Sud)', 27, b'1'),
(881, 'Southwest (Sud-Ouest)', 27, b'1'),
(882, 'West (Ouest)', 27, b'1'),
(883, 'See also', 27, b'1'),
(884, 'References', 27, b'1'),
(885, 'Johor', 28, b'1'),
(886, 'Kedah', 28, b'1'),
(887, 'Kelantan', 28, b'1'),
(888, 'Kuala Lumpur', 28, b'1'),
(889, 'Labuan', 28, b'1'),
(890, 'Melaka', 28, b'1'),
(891, 'Negeri Sembilan', 28, b'1'),
(892, 'Pahang', 28, b'1'),
(893, 'Perak', 28, b'1'),
(894, 'Perlis', 28, b'1'),
(895, 'Pulau Pinang', 28, b'1'),
(896, 'Putrajaya', 28, b'1'),
(897, 'Sabah', 28, b'1'),
(898, 'Sarawak', 28, b'1'),
(899, 'Selangor', 28, b'1'),
(900, 'Terengganu', 28, b'1'),
(901, 'Adygea, Republic of', 29, b'1'),
(902, 'Maykop', 29, b'1'),
(903, 'Bashkortostan, Republic of', 29, b'1'),
(904, 'Buryatia, Republic of', 29, b'1'),
(905, 'Altai Republic', 29, b'1'),
(906, 'Dagestan, Republic of', 29, b'1'),
(907, 'Ingushetia, Republic of', 29, b'1'),
(908, 'Kabardino-Balkar Republic', 29, b'1'),
(909, 'Kalmykia, Republic of', 29, b'1'),
(910, 'Karachay-Cherkess Republic', 29, b'1'),
(911, 'Karelia, Republic of', 29, b'1'),
(912, 'Komi Republic', 29, b'1'),
(913, 'Mari El Republic', 29, b'1'),
(914, 'Mordovia, Republic of', 29, b'1'),
(915, 'Sakha (Yakutia) Republic', 29, b'1'),
(916, 'North Ossetia-Alania, Republic of', 29, b'1'),
(917, 'Tatarstan, Republic of', 29, b'1'),
(918, 'Tuva Republic', 29, b'1'),
(919, 'Udmurt Republic', 29, b'1'),
(920, 'Khakassia, Republic of', 29, b'1'),
(921, 'Chechen Republic', 29, b'1'),
(922, 'Chuvash Republic', 29, b'1'),
(923, 'Altai Krai', 29, b'1'),
(924, 'Zabaykalsky Krai', 29, b'1'),
(925, 'Kamchatka Krai', 29, b'1'),
(926, 'Krasnodar Krai', 29, b'1'),
(927, 'Krasnoyarsk Krai', 29, b'1'),
(928, 'Perm Krai', 29, b'1'),
(929, 'Primorsky Krai', 29, b'1'),
(930, 'Stavropol Krai', 29, b'1'),
(931, 'Khabarovsk Krai', 29, b'1'),
(932, 'Amur Oblast', 29, b'1'),
(933, 'Arkhangelsk Oblast', 29, b'1'),
(934, 'Astrakhan Oblast', 29, b'1'),
(935, 'Belgorod Oblast', 29, b'1'),
(936, 'Bryansk Oblast', 29, b'1'),
(937, 'Vladimir Oblast', 29, b'1'),
(938, 'Volgograd Oblast', 29, b'1'),
(939, 'Vologda Oblast', 29, b'1'),
(940, 'Voronezh Oblast', 29, b'1'),
(941, 'Ivanovo Oblast', 29, b'1'),
(942, 'Irkutsk Oblast', 29, b'1'),
(943, 'Kaliningrad Oblast', 29, b'1'),
(944, 'Kaluga Oblast', 29, b'1'),
(945, 'Kemerovo Oblast', 29, b'1'),
(946, 'Kirov Oblast', 29, b'1'),
(947, 'Kostroma Oblast', 29, b'1'),
(948, 'Kurgan Oblast', 29, b'1'),
(949, 'Kursk Oblast', 29, b'1'),
(950, 'Leningrad Oblast', 29, b'1'),
(951, 'Lipetsk Oblast', 29, b'1'),
(952, 'Magadan Oblast', 29, b'1'),
(953, 'Moscow Oblast', 29, b'1'),
(954, 'Murmansk Oblast', 29, b'1'),
(955, 'Nizhny Novgorod Oblast', 29, b'1'),
(956, 'Novgorod Oblast', 29, b'1'),
(957, 'Novosibirsk Oblast', 29, b'1'),
(958, 'Omsk Oblast', 29, b'1'),
(959, 'Orenburg Oblast', 29, b'1'),
(960, 'Oryol Oblast', 29, b'1'),
(961, 'Penza Oblast', 29, b'1'),
(962, 'Pskov Oblast', 29, b'1'),
(963, 'Rostov Oblast', 29, b'1'),
(964, 'Ryazan Oblast', 29, b'1'),
(965, 'Samara Oblast', 29, b'1'),
(966, 'Saratov Oblast', 29, b'1'),
(967, 'Sakhalin Oblast', 29, b'1'),
(968, 'Sverdlovsk Oblast', 29, b'1'),
(969, 'Smolensk Oblast', 29, b'1'),
(970, 'Tambov Oblast', 29, b'1'),
(971, 'Tver Oblast', 29, b'1'),
(972, 'Tomsk Oblast', 29, b'1'),
(973, 'Tula Oblast', 29, b'1'),
(974, 'Tyumen Oblast', 29, b'1'),
(975, 'Ulyanovsk Oblast', 29, b'1'),
(976, 'Chelyabinsk Oblast', 29, b'1'),
(977, 'Yaroslavl Oblast', 29, b'1'),
(978, 'Moscow', 29, b'1'),
(979, 'Saint Petersburg', 29, b'1'),
(980, 'Jewish Autonomous Oblast', 29, b'1'),
(981, 'Nenets Autonomous Okrug', 29, b'1'),
(982, 'Khanty?Mansi Autonomous Okrug ? Yugra', 29, b'1'),
(983, 'Chukotka Autonomous Okrug', 29, b'1'),
(984, 'Yamalo-Nenets Autonomous Okrug', 29, b'1'),
(985, 'Crimea, Republic of[d]', 29, b'1'),
(986, 'Sevastopol[d]', 29, b'1'),
(987, 'Antwerpen', 30, b'1'),
(988, 'Anvers', 30, b'1'),
(989, 'East Flanders', 30, b'1'),
(990, 'Flemish Brabant', 30, b'1'),
(991, 'Limburg', 30, b'1'),
(992, 'West Flanders', 30, b'1'),
(993, 'Hainaut', 30, b'1'),
(994, 'Li?ge', 30, b'1'),
(995, 'Luxembourg', 30, b'1'),
(996, 'Namur', 30, b'1'),
(997, 'Walloon Brabant', 30, b'1'),
(998, 'Northern District', 31, b'1'),
(999, 'Southern District', 31, b'1'),
(1000, 'Central District', 31, b'1'),
(1001, 'Haifa District', 31, b'1'),
(1002, 'Jerusalem District', 31, b'1'),
(1003, 'Tel Aviv District', 31, b'1'),
(1004, 'Other', 31, b'1'),
(1005, 'Burgenland.', 32, b'1'),
(1006, 'Carinthia.', 32, b'1'),
(1007, 'Lower Austria.', 32, b'1'),
(1008, 'Upper Austria.', 32, b'1'),
(1009, 'Salzburg.', 32, b'1'),
(1010, 'Styria.', 32, b'1'),
(1011, 'Tyrol.', 32, b'1'),
(1012, 'Vorarlberg.', 32, b'1'),
(1013, 'Wallachia', 33, b'1'),
(1014, 'Moldavia', 33, b'1'),
(1015, 'Dobruja', 33, b'1'),
(1016, 'Transylvania', 33, b'1'),
(1017, 'Bulawayo', 34, b'1'),
(1018, 'Harare Province', 34, b'1'),
(1019, 'Manicaland', 34, b'1'),
(1020, 'Mashonaland Central', 34, b'1'),
(1021, 'Mashonaland East', 34, b'1'),
(1022, 'Mashonaland West', 34, b'1'),
(1023, 'Masvingo', 34, b'1'),
(1024, 'Matabeleland North', 34, b'1'),
(1025, 'Matabeleland South', 34, b'1'),
(1026, 'Midlands', 34, b'1'),
(1027, 'Athens', 35, b'1'),
(1028, 'Central Greece', 35, b'1'),
(1029, 'Central Macedonia', 35, b'1'),
(1030, 'Crete', 35, b'1'),
(1031, 'Eastern Macedonia and Thrace', 35, b'1'),
(1032, 'Epirus', 35, b'1'),
(1033, 'Ionian Islands', 35, b'1'),
(1034, 'North Aegean', 35, b'1'),
(1035, 'Peloponnese', 35, b'1'),
(1036, 'South Aegean', 35, b'1'),
(1037, 'Thessaly', 35, b'1'),
(1038, 'Western Greece', 35, b'1'),
(1039, 'Western Macedonia', 35, b'1'),
(1040, 'Kailahun', 36, b'1'),
(1041, 'Kenema', 36, b'1'),
(1042, 'Kono', 36, b'1'),
(1043, 'Bombali', 36, b'1'),
(1044, 'Kambia', 36, b'1'),
(1045, 'Koinadugu', 36, b'1'),
(1046, 'Port Loko', 36, b'1'),
(1047, 'Tonkolili', 36, b'1'),
(1048, 'Bo', 36, b'1'),
(1049, 'Bonthe', 36, b'1'),
(1050, 'Moyamba', 36, b'1'),
(1051, 'Pujehun', 36, b'1'),
(1052, 'Western Rural', 36, b'1'),
(1053, 'Western Urban', 36, b'1'),
(1054, 'Chihuahua', 37, b'1'),
(1055, 'Sonora', 37, b'1'),
(1056, 'Coahuila', 37, b'1'),
(1057, 'Durango', 37, b'1'),
(1058, 'Oaxaca', 37, b'1'),
(1059, 'Tamaulipas', 37, b'1'),
(1060, 'Jalisco', 37, b'1'),
(1061, 'Zacatecas', 37, b'1'),
(1062, 'Baja California Sur', 37, b'1'),
(1063, 'Chiapas', 37, b'1'),
(1064, 'Veracruz', 37, b'1'),
(1065, 'Baja California', 37, b'1'),
(1066, 'Nuevo Le?n', 37, b'1'),
(1067, 'Guerrero', 37, b'1'),
(1068, 'San Luis Potos?', 37, b'1'),
(1069, 'Michoac?n', 37, b'1'),
(1070, 'Campeche', 37, b'1'),
(1071, 'Sinaloa', 37, b'1'),
(1072, 'Quintana Roo', 37, b'1'),
(1073, 'Yucat?n', 37, b'1'),
(1074, 'Puebla', 37, b'1'),
(1075, 'Guanajuato', 37, b'1'),
(1076, 'Nayarit', 37, b'1'),
(1077, 'Tabasco', 37, b'1'),
(1078, 'M?xico', 37, b'1'),
(1079, 'Hidalgo', 37, b'1'),
(1080, 'Quer?taro', 37, b'1'),
(1081, 'Colima', 37, b'1'),
(1082, 'Aguascalientes', 37, b'1'),
(1083, 'Morelos', 37, b'1'),
(1084, 'Tlaxcala', 37, b'1'),
(1085, 'Mexico City', 37, b'1'),
(1086, 'Capital Region of Denmark', 38, b'1'),
(1087, 'Central Denmark Region', 38, b'1'),
(1088, 'North Denmark Region', 38, b'1'),
(1089, 'Region Zealand', 38, b'1'),
(1090, 'Region of Southern Denmark', 38, b'1'),
(1091, 'Z?rich', 39, b'1'),
(1092, 'Bern', 39, b'1'),
(1093, 'Luzern', 39, b'1'),
(1094, 'Uri', 39, b'1'),
(1095, 'Schwyz', 39, b'1'),
(1096, 'Obwalden', 39, b'1'),
(1097, 'Nidwalden', 39, b'1'),
(1098, 'Glarus', 39, b'1'),
(1099, 'Zug', 39, b'1'),
(1100, 'Fribourg', 39, b'1'),
(1101, 'Solothurn', 39, b'1'),
(1102, 'Basel-Stadt', 39, b'1'),
(1103, 'Basel-Landschaft', 39, b'1'),
(1104, 'Schaffhausen', 39, b'1'),
(1105, 'Appenzell Ausserrhoden', 39, b'1'),
(1106, 'Appenzell Innerrhoden', 39, b'1'),
(1107, 'St. Gallen', 39, b'1'),
(1108, 'Graub?nden', 39, b'1'),
(1109, 'Aargau', 39, b'1'),
(1110, 'Thurgau', 39, b'1'),
(1111, 'Ticino', 39, b'1'),
(1112, 'Vaud', 39, b'1'),
(1113, 'Valais', 39, b'1'),
(1114, 'Neuch?tel', 39, b'1'),
(1115, 'Geneva', 39, b'1'),
(1116, 'Jura', 39, b'1'),
(1117, 'Tanger-Tetouan-Al Hoceima', 40, b'1'),
(1118, 'Oriental', 40, b'1'),
(1119, 'F?s-Mekn?s', 40, b'1'),
(1120, 'Rabat-Sal?-K?nitra', 40, b'1'),
(1121, 'B?ni Mellal-Kh?nifra', 40, b'1'),
(1122, 'Casablanca-Settat', 40, b'1'),
(1123, 'Marrakesh-Safi', 40, b'1'),
(1124, 'Dr?a-Tafilalet', 40, b'1'),
(1125, 'Souss-Massa', 40, b'1'),
(1126, 'Guelmim-Oued Noun[A]', 40, b'1'),
(1127, 'La?youne-Sakia El Hamra[A]', 40, b'1'),
(1128, 'Dakhla-Oued Ed-Dahab[A]', 40, b'1'),
(1129, 'Northern Norway (Nord-Norge/Nord-Noreg)', 41, b'1'),
(1130, 'Tr?ndelag (alt. Midt-Norge/Midt-Noreg) ...', 41, b'1'),
(1131, 'Western Norway (Vestlandet)', 41, b'1'),
(1132, 'Southern Norway (S?rlandet or Agder)', 41, b'1'),
(1133, 'Eastern Norway (?stlandet/Austlandet)', 41, b'1'),
(1134, 'Leinster', 42, b'1'),
(1135, 'Ulster', 42, b'1'),
(1136, 'Munster', 42, b'1'),
(1137, 'Connacht', 42, b'1'),
(1138, 'Central Singapore Community Development Council', 43, b'1'),
(1139, 'North East Community Development Council', 43, b'1'),
(1140, 'North West Community Development Council', 43, b'1'),
(1141, 'South East Community Development Council', 43, b'1'),
(1142, 'South West Community Development Council', 43, b'1'),
(1143, 'Ashanti', 44, b'1'),
(1144, 'Brong-Ahafo', 44, b'1'),
(1145, 'Greater Accra', 44, b'1'),
(1146, 'Central', 44, b'1'),
(1147, 'Eastern', 44, b'1'),
(1148, 'Northern', 44, b'1'),
(1149, 'Western', 44, b'1'),
(1150, 'Upper East', 44, b'1'),
(1151, 'Upper West', 44, b'1'),
(1152, 'Volta', 44, b'1'),
(1153, 'Arusha', 45, b'1'),
(1154, 'Dar es Salaam', 45, b'1'),
(1155, 'Dodoma', 45, b'1'),
(1156, 'Geita', 45, b'1'),
(1157, 'Iringa', 45, b'1'),
(1158, 'Kagera', 45, b'1'),
(1159, 'Katavi', 45, b'1'),
(1160, 'Kigoma', 45, b'1'),
(1161, 'Kilimanjaro', 45, b'1'),
(1162, 'Lindi', 45, b'1'),
(1163, 'Manyara', 45, b'1'),
(1164, 'Mara', 45, b'1'),
(1165, 'Mbeya', 45, b'1'),
(1166, 'Morogoro', 45, b'1'),
(1167, 'Mtwara', 45, b'1'),
(1168, 'Mwanza', 45, b'1'),
(1169, 'Njombe', 45, b'1'),
(1170, 'Pemba North', 45, b'1'),
(1171, 'Pemba South', 45, b'1'),
(1172, 'Pwani', 45, b'1'),
(1173, 'Rukwa', 45, b'1'),
(1174, 'Ruvuma', 45, b'1'),
(1175, 'Shinyanga', 45, b'1'),
(1176, 'Simiyu', 45, b'1'),
(1177, 'Singida', 45, b'1'),
(1178, 'Tabora', 45, b'1'),
(1179, 'Tanga', 45, b'1'),
(1180, 'Zanzibar North', 45, b'1'),
(1181, 'Zanzibar South and Central', 45, b'1'),
(1182, 'Zanzibar West', 45, b'1'),
(1183, 'Auckland', 46, b'1'),
(1184, 'New Plymouth [* 1]', 46, b'1'),
(1185, 'Hawke\'s Bay', 46, b'1'),
(1186, 'Wellington', 46, b'1'),
(1187, 'Nelson', 46, b'1'),
(1188, 'Marlborough', 46, b'1'),
(1189, 'Westland', 46, b'1'),
(1190, 'Canterbury', 46, b'1'),
(1191, 'Otago', 46, b'1'),
(1192, 'Southland', 46, b'1'),
(1193, 'Province of Turku and Pori', 47, b'1'),
(1194, 'Province of Nyland and Tavastehus', 47, b'1'),
(1195, 'Province of Ostrobothnia', 47, b'1'),
(1196, 'Province of Viborg and Nyslott', 47, b'1'),
(1197, 'Province of Kexholm', 47, b'1'),
(1198, 'Province of Kymmeneg?rd and Nyslott', 47, b'1'),
(1199, 'Province of Savolax and Kymmeneg?rd', 47, b'1'),
(1200, 'Province of Vaasa', 47, b'1'),
(1201, 'Province of Oulu', 47, b'1'),
(1202, 'Province of Kymmeneg?rd', 47, b'1'),
(1203, 'Province of Savolax and Karelia', 47, b'1'),
(1204, 'Province of Viipuri', 47, b'1'),
(1205, 'Province of Uusimaa', 47, b'1'),
(1206, 'Province of H?me', 47, b'1'),
(1207, 'Province of Mikkeli', 47, b'1'),
(1208, 'Province of Kuopio', 47, b'1'),
(1209, 'Province of ?land', 47, b'1'),
(1210, 'Province of Petsamo', 47, b'1'),
(1211, 'Province of Lapland', 47, b'1'),
(1212, 'Province of Kymi', 47, b'1'),
(1213, 'Province of Central Finland', 47, b'1'),
(1214, 'Province of Northern Karelia', 47, b'1'),
(1215, 'Province of Southern Finland', 47, b'1'),
(1216, 'Province of Western Finland', 47, b'1'),
(1217, 'Province of Eastern Finland', 47, b'1'),
(1218, 'Alentejo.', 48, b'1'),
(1219, 'Algarve.', 48, b'1'),
(1220, 'Beira.', 48, b'1'),
(1221, 'Entre Douro e Minho.', 48, b'1'),
(1222, 'Estremadura.', 48, b'1'),
(1223, 'Tr?s-os-Montes', 48, b'1'),
(1224, 'Papua Region', 49, b'1'),
(1225, 'Highlands Region', 49, b'1'),
(1226, 'Islands Region', 49, b'1'),
(1227, 'Momase Region', 49, b'1'),
(1228, 'Papua Region', 49, b'1'),
(1229, 'Momase Region', 49, b'1'),
(1230, 'Islands Region', 49, b'1'),
(1231, 'Papua Region', 49, b'1'),
(1232, 'Islands Region', 49, b'1'),
(1233, 'Highlands Region', 49, b'1'),
(1234, 'Grand Bassa County', 50, b'1'),
(1235, 'Nimba County', 50, b'1'),
(1236, 'Bong County', 50, b'1'),
(1237, 'Lofa County', 50, b'1'),
(1238, 'Grand Cape Mount County', 50, b'1'),
(1239, 'Margibi County', 50, b'1'),
(1240, 'Bomi County', 50, b'1'),
(1241, 'Sinoe County', 50, b'1'),
(1242, 'Montserrado County', 50, b'1'),
(1243, 'Maryland County', 50, b'1'),
(1244, 'Grand Gedeh County', 50, b'1'),
(1245, 'Gbarpolu County', 50, b'1'),
(1246, 'River Gee County', 50, b'1'),
(1247, 'River Cess County', 50, b'1'),
(1248, 'Grand Kru County', 50, b'1'),
(1249, 'Other', 50, b'1'),
(1250, 'Irbid', 51, b'1'),
(1251, 'Ajloun', 51, b'1'),
(1252, 'Jerash', 51, b'1'),
(1253, 'Mafraq', 51, b'1'),
(1254, 'Balqa', 51, b'1'),
(1255, 'Amman', 51, b'1'),
(1256, 'Zarqa', 51, b'1'),
(1257, 'Madaba', 51, b'1'),
(1258, 'Karak', 51, b'1'),
(1259, 'Tafilah', 51, b'1'),
(1260, 'Ma\'an', 51, b'1'),
(1261, 'Aqaba', 51, b'1'),
(1262, 'Hanover', 52, b'1'),
(1263, 'Saint Elizabeth', 52, b'1'),
(1264, 'Saint James', 52, b'1'),
(1265, 'Trelawny', 52, b'1'),
(1266, 'Westmoreland', 52, b'1'),
(1267, 'Clarendon', 52, b'1'),
(1268, 'Manchester', 52, b'1'),
(1269, 'Saint Ann', 52, b'1'),
(1270, 'Saint Catherine', 52, b'1'),
(1271, 'Saint Mary', 52, b'1'),
(1272, 'Kingston Parish(1) (2)', 52, b'1'),
(1273, 'Portland', 52, b'1'),
(1274, 'Saint Andrew(1)', 52, b'1'),
(1275, 'Saint Thomas', 52, b'1'),
(1276, 'Adrar', 53, b'1'),
(1277, 'Chlef', 53, b'1'),
(1278, 'Laghouat', 53, b'1'),
(1279, 'Oum el-Bouaghi', 53, b'1'),
(1280, 'Batna', 53, b'1'),
(1281, 'B?ja?a', 53, b'1'),
(1282, 'Biskra', 53, b'1'),
(1283, 'B?char', 53, b'1'),
(1284, 'Blida', 53, b'1'),
(1285, 'Bou?ra', 53, b'1'),
(1286, 'Tamanghasset', 53, b'1'),
(1287, 'T?bessa', 53, b'1'),
(1288, 'Tlemcen', 53, b'1'),
(1289, 'Tiaret', 53, b'1'),
(1290, 'Tizi Ouzou', 53, b'1'),
(1291, 'Algiers', 53, b'1'),
(1292, 'Djelfa', 53, b'1'),
(1293, 'Jijel', 53, b'1'),
(1294, 'S?tif', 53, b'1'),
(1295, 'Sa?da', 53, b'1'),
(1296, 'Skikda', 53, b'1'),
(1297, 'Sidi Bel Abb?s', 53, b'1'),
(1298, 'Annaba', 53, b'1'),
(1299, 'Guelma', 53, b'1'),
(1300, 'Constantine', 53, b'1'),
(1301, 'M?d?a', 53, b'1'),
(1302, 'Mostaganem', 53, b'1'),
(1303, 'M\'Sila', 53, b'1'),
(1304, 'Mascara', 53, b'1'),
(1305, 'Ouargla', 53, b'1'),
(1306, 'Oran', 53, b'1'),
(1307, 'El Bayadh', 53, b'1'),
(1308, 'Illizi', 53, b'1'),
(1309, 'Bordj Bou Arr?ridj', 53, b'1'),
(1310, 'Boumerd?s', 53, b'1'),
(1311, 'El Taref', 53, b'1'),
(1312, 'Tindouf', 53, b'1'),
(1313, 'Tissemsilt', 53, b'1'),
(1314, 'El Oued', 53, b'1'),
(1315, 'Khenchela', 53, b'1'),
(1316, 'Souk Ahras', 53, b'1'),
(1317, 'Tipasa', 53, b'1'),
(1318, 'Mila', 53, b'1'),
(1319, 'A?n Defla', 53, b'1'),
(1320, 'Na?ma', 53, b'1'),
(1321, 'A?n T?mouchent', 53, b'1'),
(1322, 'Gharda?a', 53, b'1'),
(1323, 'Relizane', 53, b'1'),
(1324, 'Central', 54, b'1'),
(1325, 'Western', 54, b'1'),
(1326, 'Eastern', 54, b'1'),
(1327, 'Northern', 54, b'1'),
(1328, 'Central and Western', 55, b'1'),
(1329, 'Eastern', 55, b'1'),
(1330, 'Islands', 55, b'1'),
(1331, 'Kowloon City', 55, b'1'),
(1332, 'Kwai Tsing', 55, b'1'),
(1333, 'Kwun Tong', 55, b'1'),
(1334, 'North', 55, b'1'),
(1335, 'Sai Kung', 55, b'1'),
(1336, 'Sham Shui Po', 55, b'1'),
(1337, 'Sha Tin', 55, b'1'),
(1338, 'Southern', 55, b'1'),
(1339, 'Tai Po', 55, b'1'),
(1340, 'Tsuen Wan', 55, b'1'),
(1341, 'Tuen Mun', 55, b'1'),
(1342, 'Wan Chai', 55, b'1'),
(1343, 'Wong Tai Sin', 55, b'1'),
(1344, 'Yau Tsim Mong', 55, b'1'),
(1345, 'Yuen Long', 55, b'1'),
(1346, 'Prague', 56, b'1'),
(1347, 'Central Bohemia', 56, b'1'),
(1348, 'South Bohemia', 56, b'1'),
(1349, 'Plze?', 56, b'1'),
(1350, 'Karlovy Vary', 56, b'1'),
(1351, '?st? nad Labem', 56, b'1'),
(1352, 'Liberec', 56, b'1'),
(1353, 'Hradec Kr?lov?', 56, b'1'),
(1354, 'Pardubice', 56, b'1'),
(1355, 'Olomouc', 56, b'1'),
(1356, 'Moravia-Silesia', 56, b'1'),
(1357, 'South Moravia', 56, b'1'),
(1358, 'Zl?n', 56, b'1'),
(1359, 'Highlands', 56, b'1'),
(1360, 'Ciudad de Buenos Aires (Distrito Federal)', 57, b'1'),
(1361, 'Buenos Aires', 57, b'1'),
(1362, 'Catamarca', 57, b'1'),
(1363, 'Chaco', 57, b'1'),
(1364, 'Chubut', 57, b'1'),
(1365, 'C?rdoba', 57, b'1'),
(1366, 'Corrientes', 57, b'1'),
(1367, 'Entre R?os', 57, b'1'),
(1368, 'Formosa', 57, b'1'),
(1369, 'Jujuy', 57, b'1'),
(1370, 'La Pampa', 57, b'1'),
(1371, 'La Rioja', 57, b'1'),
(1372, 'Mendoza', 57, b'1'),
(1373, 'Misiones', 57, b'1'),
(1374, 'Neuqu?n', 57, b'1'),
(1375, 'R?o Negro', 57, b'1'),
(1376, 'Salta', 57, b'1'),
(1377, 'San Juan', 57, b'1'),
(1378, 'San Luis', 57, b'1'),
(1379, 'Santa Cruz', 57, b'1'),
(1380, 'Santa Fe', 57, b'1'),
(1381, 'Santiago del Estero', 57, b'1'),
(1382, 'Tierra del Fuego', 57, b'1'),
(1383, 'Tucum?n', 57, b'1'),
(1384, 'Amran', 58, b'1'),
(1385, 'Al Bayda', 58, b'1'),
(1386, 'Al Hudaydah', 58, b'1'),
(1387, 'Al Jawf', 58, b'1'),
(1388, 'Al Mahwit', 58, b'1'),
(1389, 'Amanat Al Asimah', 58, b'1'),
(1390, 'Dhamar', 58, b'1'),
(1391, 'Hajjah', 58, b'1'),
(1392, 'Ibb', 58, b'1'),
(1393, 'Ma\'rib', 58, b'1'),
(1394, 'Raymah', 58, b'1'),
(1395, 'Sa\'dah', 58, b'1'),
(1396, 'Sana\'a', 58, b'1'),
(1397, 'Taiz', 58, b'1'),
(1398, 'Former South Yemen', 58, b'1'),
(1399, 'Aden', 58, b'1'),
(1400, 'Abyan', 58, b'1'),
(1401, 'Dhale', 58, b'1'),
(1402, 'Al Mahrah', 58, b'1'),
(1403, 'Hadramaut', 58, b'1'),
(1404, 'Socotra', 58, b'1'),
(1405, 'Lahij', 58, b'1'),
(1406, 'Shabwah', 58, b'1'),
(1407, 'Croatia.', 59, b'1'),
(1408, 'Dalmatia.', 59, b'1'),
(1409, 'Sclavonia (Slavonia)', 59, b'1'),
(1410, 'Istria.', 59, b'1'),
(1411, 'Ragusina Respublica (Dubrovnik Republic)', 59, b'1'),
(1412, 'AntioquiaAntioquia', 60, b'1'),
(1413, 'Bol?var', 60, b'1'),
(1414, 'Boyac?', 60, b'1'),
(1415, 'Caldas', 60, b'1'),
(1416, 'Cauca', 60, b'1'),
(1417, 'Cundinamarca', 60, b'1'),
(1418, 'Huila', 60, b'1'),
(1419, 'La Guajira', 60, b'1'),
(1420, 'Meta', 60, b'1'),
(1421, 'Nari?o', 60, b'1'),
(1422, 'Norte de Santander', 60, b'1'),
(1423, 'Santander', 60, b'1'),
(1424, 'Sucre', 60, b'1'),
(1425, 'Tolima', 60, b'1'),
(1426, 'Valle del Cauca', 60, b'1'),
(1427, 'Northern Hungary', 61, b'1'),
(1428, 'Northern Great Plain', 61, b'1'),
(1429, 'Southern Great Plain', 61, b'1'),
(1430, 'Central Hungary', 61, b'1'),
(1431, 'Central Transdanubia', 61, b'1'),
(1432, 'Western Transdanubia', 61, b'1'),
(1433, 'Southern Transdanubia', 61, b'1'),
(1434, 'Aguadilla', 62, b'1'),
(1435, 'Arecibo', 62, b'1'),
(1436, 'Bayam?n', 62, b'1'),
(1437, 'Guayama', 62, b'1'),
(1438, 'Humacao', 62, b'1'),
(1439, 'Mayag?ez', 62, b'1'),
(1440, 'Ponce', 62, b'1'),
(1441, 'San Juan', 62, b'1'),
(1442, 'Central', 63, b'1'),
(1443, 'Copperbelt', 63, b'1'),
(1444, 'Eastern', 63, b'1'),
(1445, 'Luapula', 63, b'1'),
(1446, 'Lusaka', 63, b'1'),
(1447, 'Muchinga', 63, b'1'),
(1448, 'North-Western', 63, b'1'),
(1449, 'Northern', 63, b'1'),
(1450, 'Southern', 63, b'1'),
(1451, 'Western', 63, b'1'),
(1452, 'Zambia', 63, b'1'),
(1453, 'Blagoevgrad', 64, b'1'),
(1454, 'Burgas', 64, b'1'),
(1455, 'Dobrich', 64, b'1'),
(1456, 'Gabrovo', 64, b'1'),
(1457, 'Haskovo', 64, b'1'),
(1458, 'Kardzhali', 64, b'1'),
(1459, 'Kyustendil', 64, b'1'),
(1460, 'Lovech', 64, b'1'),
(1461, 'Montana', 64, b'1'),
(1462, 'Pazardzhik', 64, b'1'),
(1463, 'Pernik', 64, b'1'),
(1464, 'Pleven', 64, b'1'),
(1465, 'Plovdiv', 64, b'1'),
(1466, 'Razgrad', 64, b'1'),
(1467, 'Ruse', 64, b'1'),
(1468, 'Shumen', 64, b'1'),
(1469, 'Silistra', 64, b'1'),
(1470, 'Sliven', 64, b'1'),
(1471, 'Smolyan', 64, b'1'),
(1472, 'Sofia City', 64, b'1'),
(1473, 'Sofia (province)', 64, b'1'),
(1474, 'Stara Zagora', 64, b'1'),
(1475, 'Targovishte', 64, b'1'),
(1476, 'Varna', 64, b'1'),
(1477, 'Veliko Tarnovo', 64, b'1'),
(1478, 'Vidin', 64, b'1'),
(1479, 'Vratsa', 64, b'1'),
(1480, 'Yambol', 64, b'1'),
(1481, 'Akmola Region', 65, b'1'),
(1482, 'Aktobe Region', 65, b'1'),
(1483, 'Almaty', 65, b'1'),
(1484, 'Almaty Region', 65, b'1'),
(1485, 'Astana', 65, b'1'),
(1486, 'Atyrau Region', 65, b'1'),
(1487, 'Baikonur', 65, b'1'),
(1488, 'East Kazakhstan Region', 65, b'1'),
(1489, 'Jambyl Region', 65, b'1'),
(1490, 'Karaganda Region', 65, b'1'),
(1491, 'Kostanay Region', 65, b'1'),
(1492, 'Kyzylorda Region', 65, b'1'),
(1493, 'Mangystau Region', 65, b'1'),
(1494, 'North Kazakhstan Region', 65, b'1'),
(1495, 'Pavlodar Region', 65, b'1'),
(1496, 'South Kazakhstan Region', 65, b'1'),
(1497, 'West Kazakhstan Region', 65, b'1'),
(1498, 'Aakkar', 66, b'1'),
(1499, 'An Naba??yah', 66, b'1'),
(1500, 'Baalbek-Hermel', 66, b'1'),
(1501, 'Beirut', 66, b'1'),
(1502, 'Beqaa', 66, b'1'),
(1503, 'Mount Lebanon', 66, b'1'),
(1504, 'North Lebanon', 66, b'1'),
(1505, 'South Lebanon', 66, b'1'),
(1506, 'Arica', 67, b'1'),
(1507, 'Parinacota', 67, b'1'),
(1508, 'Iquique', 67, b'1'),
(1509, 'Tamarugal', 67, b'1'),
(1510, 'Antofagasta', 67, b'1'),
(1511, 'El Loa', 67, b'1'),
(1512, 'Tocopilla', 67, b'1'),
(1513, 'Copiap?', 67, b'1'),
(1514, 'Huasco', 67, b'1'),
(1515, 'Cha?aral', 67, b'1'),
(1516, 'Elqui', 67, b'1'),
(1517, 'Limar?', 67, b'1'),
(1518, 'Choapa', 67, b'1'),
(1519, 'Isla de Pascua', 67, b'1'),
(1520, 'Los Andes', 67, b'1'),
(1521, 'Marga Marga', 67, b'1'),
(1522, 'Petorca', 67, b'1'),
(1523, 'Quillota', 67, b'1'),
(1524, 'San Antonio', 67, b'1'),
(1525, 'San Felipe de Aconcagua', 67, b'1'),
(1526, 'Valpara?so', 67, b'1'),
(1527, 'Cachapoal', 67, b'1'),
(1528, 'Colchagua', 67, b'1'),
(1529, 'Cardenal Caro', 67, b'1'),
(1530, 'Talca', 67, b'1'),
(1531, 'Linares', 67, b'1'),
(1532, 'Curic?', 67, b'1'),
(1533, 'Cauquenes', 67, b'1'),
(1534, 'Concepci?n', 67, b'1'),
(1535, '?uble', 67, b'1'),
(1536, 'Biob?o', 67, b'1'),
(1537, 'Arauco', 67, b'1'),
(1538, 'Cautin', 67, b'1'),
(1539, 'Malleco', 67, b'1'),
(1540, 'Valdivia', 67, b'1'),
(1541, 'Ranco', 67, b'1'),
(1542, 'Kigali', 68, b'1'),
(1543, 'Southern', 68, b'1'),
(1544, 'Western', 68, b'1'),
(1545, 'Northern', 68, b'1'),
(1546, 'Eastern', 68, b'1'),
(1547, 'Bratislava', 69, b'1'),
(1548, 'Trnava', 69, b'1'),
(1549, 'Tren??n', 69, b'1'),
(1550, 'Nitra', 69, b'1'),
(1551, '?ilina', 69, b'1'),
(1552, 'Bansk? Bystrica', 69, b'1'),
(1553, 'Pre?ov', 69, b'1'),
(1554, 'Ko?ice', 69, b'1'),
(1555, 'County of Saint George', 70, b'1'),
(1556, 'Tobago', 70, b'1'),
(1557, 'County of Saint Patrick', 70, b'1'),
(1558, 'County of Victoria', 70, b'1'),
(1559, 'County of Saint Andrew', 70, b'1'),
(1560, 'County of Caroni', 70, b'1'),
(1561, 'County of Saint David', 70, b'1'),
(1562, 'Other', 70, b'1'),
(1563, 'Mayaro', 70, b'1'),
(1564, 'County of Nariva', 70, b'1'),
(1565, 'Port of Spain', 70, b'1'),
(1566, 'San Fernando', 70, b'1'),
(1567, 'Arima', 70, b'1'),
(1568, 'Mura', 71, b'1'),
(1569, 'Drava', 71, b'1'),
(1570, 'Carinthia', 71, b'1'),
(1571, 'Savinja', 71, b'1'),
(1572, 'Central Sava', 71, b'1'),
(1573, 'Lower Sava', 71, b'1'),
(1574, 'Southeast Slovenia', 71, b'1'),
(1575, 'Littoral?Inner Carniola', 71, b'1'),
(1576, 'Central Slovenia', 71, b'1'),
(1577, 'Upper Carniola', 71, b'1'),
(1578, 'Gorizia', 71, b'1'),
(1579, 'Coastal?Karst', 71, b'1'),
(1580, 'Brest Litovsk Voivodeship', 72, b'1'),
(1581, 'Minsk Voivodeship', 72, b'1'),
(1582, 'Mstsislaw Voivodeship', 72, b'1'),
(1583, 'Nowogr?dek Voivodeship', 72, b'1'),
(1584, 'Polotsk Voivodeship', 72, b'1'),
(1585, 'Samogitian Eldership', 72, b'1'),
(1586, 'Trakai Voivodeship', 72, b'1'),
(1587, 'Vilnius Voivodeship', 72, b'1'),
(1588, 'Vitebsk Voivodeship', 72, b'1'),
(1589, 'Jurmala', 73, b'1'),
(1590, 'Other', 73, b'1'),
(1591, 'Ventspils Rajons', 73, b'1'),
(1592, 'Talsu Rajons', 73, b'1'),
(1593, 'Cesu Rajons', 73, b'1'),
(1594, 'Kuldigas Rajons', 73, b'1'),
(1595, 'Saldus Rajons', 73, b'1'),
(1596, 'Liepajas Rajons', 73, b'1'),
(1597, 'Ludzas Rajons', 73, b'1'),
(1598, 'Madonas Rajons', 73, b'1'),
(1599, 'Rigas Rajons', 73, b'1'),
(1600, 'Jekabpils Rajons', 73, b'1'),
(1601, 'Balvu Rajons', 73, b'1'),
(1602, 'Rezeknes Rajons', 73, b'1'),
(1603, 'Kraslavas Rajons', 73, b'1'),
(1604, 'Limbazu Rajons', 73, b'1'),
(1605, 'Daugavpils Rajons', 73, b'1'),
(1606, 'Tukuma Rajons', 73, b'1'),
(1607, 'Preilu Rajons', 73, b'1'),
(1608, 'Valkas Rajons', 73, b'1'),
(1609, 'Valmieras Rajons', 73, b'1'),
(1610, 'Aizkraukles Rajons', 73, b'1'),
(1611, 'Aluksnes Rajons', 73, b'1'),
(1612, 'Gulbenes Rajons', 73, b'1'),
(1613, 'Ogres Rajons', 73, b'1'),
(1614, 'Bauskas Rajons', 73, b'1'),
(1615, 'Riga', 73, b'1'),
(1616, 'Ventspils', 73, b'1'),
(1617, 'Liepaja', 73, b'1'),
(1618, 'Rezekne', 73, b'1'),
(1619, 'Daugavpils', 73, b'1'),
(1620, 'Barima-Waini', 74, b'1'),
(1621, 'Pomeroon-Supenaam', 74, b'1'),
(1622, 'Essequibo Islands-West Demerara', 74, b'1'),
(1623, 'Demerara-Mahaica', 74, b'1'),
(1624, 'Mahaica-Berbice', 74, b'1'),
(1625, 'East Berbice-Corentyne', 74, b'1'),
(1626, 'Cuyuni-Mazaruni', 74, b'1'),
(1627, 'Potaro-Siparuni', 74, b'1'),
(1628, 'Upper Takutu-Upper Essequibo', 74, b'1'),
(1629, 'Upper Demerara-Berbice', 74, b'1'),
(1630, 'Gaborone', 75, b'1'),
(1631, 'Francistown', 75, b'1'),
(1632, 'Lobatse', 75, b'1'),
(1633, 'Selebi-Phikwe', 75, b'1'),
(1634, 'Jwaneng', 75, b'1'),
(1635, 'Orapa', 75, b'1'),
(1636, 'Sowa', 75, b'1'),
(1637, 'Southern District', 75, b'1'),
(1638, 'South-East District', 75, b'1'),
(1639, 'Kweneng District', 75, b'1'),
(1640, 'Kgatleng District', 75, b'1'),
(1641, 'Central District', 75, b'1'),
(1642, 'North-East District', 75, b'1'),
(1643, 'North-West District', 75, b'1'),
(1644, 'Ghanzi District', 75, b'1'),
(1645, 'Kgalagadi District', 75, b'1'),
(1646, 'Harju County', 76, b'1'),
(1647, 'Hiiu County', 76, b'1'),
(1648, 'Ida-Viru County', 76, b'1'),
(1649, 'J?geva County', 76, b'1'),
(1650, 'J?rva County', 76, b'1'),
(1651, 'L??ne County', 76, b'1'),
(1652, 'L??ne-Viru County', 76, b'1'),
(1653, 'P?lva County', 76, b'1'),
(1654, 'P?rnu County', 76, b'1'),
(1655, 'Rapla County', 76, b'1');
INSERT INTO `states_new` (`state_id`, `state_name`, `country_id`, `state_status`) VALUES
(1656, 'Saare County', 76, b'1'),
(1657, 'Tartu County', 76, b'1'),
(1658, 'Valga County', 76, b'1'),
(1659, 'Viljandi County', 76, b'1'),
(1660, 'V?ru County', 76, b'1'),
(1661, 'Famagusta', 77, b'1'),
(1662, 'Kyrenia', 77, b'1'),
(1663, 'Larnaca', 77, b'1'),
(1664, 'Limassol', 77, b'1'),
(1665, 'Nicosia', 77, b'1'),
(1666, 'Paphos', 77, b'1'),
(1667, 'Dedza', 78, b'1'),
(1668, 'Dowa', 78, b'1'),
(1669, 'Kasungu', 78, b'1'),
(1670, 'Lilongwe', 78, b'1'),
(1671, 'Mchinji', 78, b'1'),
(1672, 'Nkhotakota', 78, b'1'),
(1673, 'Ntcheu', 78, b'1'),
(1674, 'Ntchisi', 78, b'1'),
(1675, 'Salima', 78, b'1'),
(1676, 'Chitipa', 78, b'1'),
(1677, 'Karonga', 78, b'1'),
(1678, 'Likoma', 78, b'1'),
(1679, 'Mzimba', 78, b'1'),
(1680, 'Nkhata Bay', 78, b'1'),
(1681, 'Rumphi', 78, b'1'),
(1682, 'Balaka', 78, b'1'),
(1683, 'Blantyre', 78, b'1'),
(1684, 'Chikwawa', 78, b'1'),
(1685, 'Chiradzulu', 78, b'1'),
(1686, 'Machinga', 78, b'1'),
(1687, 'Mangochi', 78, b'1'),
(1688, 'Mulanje', 78, b'1'),
(1689, 'Mwanza', 78, b'1'),
(1690, 'Nsanje', 78, b'1'),
(1691, 'Thyolo', 78, b'1'),
(1692, 'Phalombe', 78, b'1'),
(1693, 'Zomba', 78, b'1'),
(1694, 'Neno', 78, b'1'),
(1695, 'Berea', 79, b'1'),
(1696, 'Butha-Buthe', 79, b'1'),
(1697, 'Leribe', 79, b'1'),
(1698, 'Mafeteng', 79, b'1'),
(1699, 'Maseru', 79, b'1'),
(1700, 'Mohale\'s Hoek', 79, b'1'),
(1701, 'Mokhotlong', 79, b'1'),
(1702, 'Qacha\'s Nek', 79, b'1'),
(1703, 'Quthing', 79, b'1'),
(1704, 'Thaba-Tseka', 79, b'1'),
(1705, 'Brokopondo', 80, b'1'),
(1706, 'Commewijne', 80, b'1'),
(1707, 'Coronie', 80, b'1'),
(1708, 'Marowijne', 80, b'1'),
(1709, 'Nickerie', 80, b'1'),
(1710, 'Para', 80, b'1'),
(1711, 'Paramaribo', 80, b'1'),
(1712, 'Saramacca', 80, b'1'),
(1713, 'Sipaliwini', 80, b'1'),
(1714, 'Wanica', 80, b'1'),
(1715, 'Central Region', 81, b'1'),
(1716, 'Gozo Region', 81, b'1'),
(1717, 'Northern Region', 81, b'1'),
(1718, 'South Eastern Region', 81, b'1'),
(1719, 'Southern Region', 81, b'1'),
(1720, 'Zambezi Region', 82, b'1'),
(1721, 'Erongo Region', 82, b'1'),
(1722, 'Hardap Region', 82, b'1'),
(1723, '?Karas Region', 82, b'1'),
(1724, 'Kavango East Region', 82, b'1'),
(1725, 'Kavango West Region', 82, b'1'),
(1726, 'Khomas Region', 82, b'1'),
(1727, 'Kunene Region', 82, b'1'),
(1728, 'Ohangwena Region', 82, b'1'),
(1729, 'Omaheke Region', 82, b'1'),
(1730, 'Omusati Region', 82, b'1'),
(1731, 'Oshana Region', 82, b'1'),
(1732, 'Oshikoto Region', 82, b'1'),
(1733, 'Otjozondjupa Region', 82, b'1'),
(1734, 'Arlon', 83, b'1'),
(1735, 'Attert', 83, b'1'),
(1736, 'Aubange', 83, b'1'),
(1737, 'Bastogne', 83, b'1'),
(1738, 'Bertogne', 83, b'1'),
(1739, 'Bertrix', 83, b'1'),
(1740, 'Bouillon', 83, b'1'),
(1741, 'Chiny', 83, b'1'),
(1742, 'Daverdisse', 83, b'1'),
(1743, 'Durbuy', 83, b'1'),
(1744, '?rez?e', 83, b'1'),
(1745, '?talle', 83, b'1'),
(1746, 'Fauvillers', 83, b'1'),
(1747, 'Florenville', 83, b'1'),
(1748, 'Gouvy', 83, b'1'),
(1749, 'Habay', 83, b'1'),
(1750, 'Herbeumont', 83, b'1'),
(1751, 'Hotton', 83, b'1'),
(1752, 'Houffalize', 83, b'1'),
(1753, 'La Roche-en-Ardenne', 83, b'1'),
(1754, 'L?glise', 83, b'1'),
(1755, 'Libin', 83, b'1'),
(1756, 'Libramont-Chevigny', 83, b'1'),
(1757, 'Manhay', 83, b'1'),
(1758, 'Marche-en-Famenne', 83, b'1'),
(1759, 'Martelange', 83, b'1'),
(1760, 'Meix-devant-Virton', 83, b'1'),
(1761, 'Messancy', 83, b'1'),
(1762, 'Musson', 83, b'1'),
(1763, 'Nassogne', 83, b'1'),
(1764, 'Neufch?teau', 83, b'1'),
(1765, 'Paliseul', 83, b'1'),
(1766, 'Rendeux', 83, b'1'),
(1767, 'Rouvroy', 83, b'1'),
(1768, 'Sainte-Ode', 83, b'1'),
(1769, 'Saint-Hubert', 83, b'1'),
(1770, 'Saint-L?ger', 83, b'1'),
(1771, 'Tellin', 83, b'1'),
(1772, 'Tenneville', 83, b'1'),
(1773, 'Tintigny', 83, b'1'),
(1774, 'Vaux-sur-S?re', 83, b'1'),
(1775, 'Vielsalm', 83, b'1'),
(1776, 'Virton', 83, b'1'),
(1777, 'Wellin', 83, b'1'),
(1778, 'Exuma District', 84, b'1'),
(1779, 'New Providence District', 84, b'1'),
(1780, 'Kemps Bay District', 84, b'1'),
(1781, 'Marsh Harbour District', 84, b'1'),
(1782, 'Acklins Island District', 84, b'1'),
(1783, 'Nichollstown and Berry Islands District', 84, b'1'),
(1784, 'Long Island District', 84, b'1'),
(1785, 'Green Turtle Cay District', 84, b'1'),
(1786, 'Ragged Island District', 84, b'1'),
(1787, 'Cat Island District', 84, b'1'),
(1788, 'City of Freeport District', 84, b'1'),
(1789, 'Bimini District', 84, b'1'),
(1790, 'San Salvador and Rum Cay District', 84, b'1'),
(1791, 'Fresh Creek District', 84, b'1'),
(1792, 'High Rock District', 84, b'1'),
(1793, 'Inagua District', 84, b'1'),
(1794, 'Governors Harbour District', 84, b'1'),
(1795, 'Harbour Island District', 84, b'1'),
(1796, 'Mayaguana District', 84, b'1'),
(1797, 'Rock Sound District', 84, b'1'),
(1798, 'Other', 84, b'1'),
(1799, 'Sandy Point District', 84, b'1'),
(1800, 'Christ Church', 85, b'1'),
(1801, 'Saint Andrew', 85, b'1'),
(1802, 'Saint George', 85, b'1'),
(1803, 'Saint James', 85, b'1'),
(1804, 'Saint John', 85, b'1'),
(1805, 'Saint Joseph', 85, b'1'),
(1806, 'Saint Lucy', 85, b'1'),
(1807, 'Saint Michael', 85, b'1'),
(1808, 'Saint Peter', 85, b'1'),
(1809, 'Saint Philip', 85, b'1'),
(1810, 'Saint Thomas', 85, b'1'),
(1811, 'Belize', 86, b'1'),
(1812, 'Cayo', 86, b'1'),
(1813, 'Corozal', 86, b'1'),
(1814, 'Orange Walk', 86, b'1'),
(1815, 'Stann Creek', 86, b'1'),
(1816, 'Toledo', 86, b'1'),
(1817, 'Antananarivo', 87, b'1'),
(1818, 'Antsiranana', 87, b'1'),
(1819, 'Fianarantsoa', 87, b'1'),
(1820, 'Mahajanga', 87, b'1'),
(1821, 'Toamasina', 87, b'1'),
(1822, 'Toliara', 87, b'1'),
(1823, 'Black River', 88, b'1'),
(1824, 'Flacq', 88, b'1'),
(1825, 'Grand Port', 88, b'1'),
(1826, 'Moka', 88, b'1'),
(1827, 'Pamplemousses', 88, b'1'),
(1828, 'Plaines Wilhems', 88, b'1'),
(1829, 'Port Louis (Capital of Mauritius)', 88, b'1'),
(1830, 'Rivi?re du Rempart', 88, b'1'),
(1831, 'Savanne', 88, b'1'),
(1832, 'Malampa', 89, b'1'),
(1833, 'Penama', 89, b'1'),
(1834, 'Sanma', 89, b'1'),
(1835, 'Shefa', 89, b'1'),
(1836, 'Tafea', 89, b'1'),
(1837, 'Torba', 89, b'1'),
(1838, 'Ba Province', 90, b'1'),
(1839, 'Bua Province', 90, b'1'),
(1840, 'Cakaudrove Province', 90, b'1'),
(1841, 'Kadavu Province', 90, b'1'),
(1842, 'Lau Province', 90, b'1'),
(1843, 'Lomaiviti Province', 90, b'1'),
(1844, 'Macuata Province', 90, b'1'),
(1845, 'Nadroga-Navosa Province', 90, b'1'),
(1846, 'Naitasiri Province', 90, b'1'),
(1847, 'Namosi Province', 90, b'1'),
(1848, 'Ra Province', 90, b'1'),
(1849, 'Rewa Province', 90, b'1'),
(1850, 'Serua Province', 90, b'1'),
(1851, 'Central Province', 91, b'1'),
(1852, 'Choiseul Province', 91, b'1'),
(1853, 'Guadalcanal Province[1]', 91, b'1'),
(1854, 'Isabel Province', 91, b'1'),
(1855, 'Makira-Ulawa Province', 91, b'1'),
(1856, 'Malaita Province', 91, b'1'),
(1857, 'Rennell and Bellona Province', 91, b'1'),
(1858, 'Temotu Province', 91, b'1'),
(1859, 'Western Province', 91, b'1'),
(1860, 'Capital Territory', 91, b'1'),
(1861, 'Other', 92, b'1'),
(1862, 'Belait', 93, b'1'),
(1863, 'Brunei-Muara', 93, b'1'),
(1864, 'Temburong', 93, b'1'),
(1865, 'Tutong', 93, b'1'),
(1866, 'Grenadines', 94, b'1'),
(1867, 'Saint George', 94, b'1'),
(1868, 'Charlotte', 94, b'1'),
(1869, 'Other', 94, b'1'),
(1870, 'Saint Andrew', 94, b'1'),
(1871, 'Saint David', 94, b'1'),
(1872, 'Saint Patrick', 94, b'1'),
(1873, 'St. Croix', 95, b'1'),
(1874, 'St. John', 95, b'1'),
(1875, 'St. Thomas', 95, b'1'),
(1876, 'Saint George', 96, b'1'),
(1877, 'Saint Andrew', 96, b'1'),
(1878, 'Saint Patrick', 96, b'1'),
(1879, 'Saint David', 96, b'1'),
(1880, 'Other', 96, b'1'),
(1881, 'Saint John', 96, b'1'),
(1882, 'Saint Mark', 96, b'1'),
(1883, 'Other', 97, b'1'),
(1884, 'other', 98, b'1'),
(1885, 'Other', 99, b'1'),
(1886, 'Paro Dzongkhag', 99, b'1'),
(1887, 'Bumthang Dzongkhag', 99, b'1'),
(1888, 'Lhuentse Dzongkhag', 99, b'1'),
(1889, 'Sarpang Dzongkhag', 99, b'1'),
(1890, 'Trashigang Dzongkhag', 99, b'1'),
(1891, 'Wangdue Phodrang Dzongkhag', 99, b'1'),
(1892, 'Chhukha Dzongkhag', 99, b'1'),
(1893, 'Haa Dzongkhag', 99, b'1'),
(1894, 'Samdrup Jongkhar Dzongkhag', 99, b'1'),
(1895, 'Mongar Dzongkhag', 99, b'1'),
(1896, 'Samtse Dzongkhag', 99, b'1'),
(1897, 'Thimphu Dzongkhag', 99, b'1'),
(1898, 'Tsirang Dzongkhag', 99, b'1'),
(1899, 'Zhemgang Dzongkhag', 99, b'1'),
(1900, 'Dagana Dzongkhag', 99, b'1'),
(1901, 'Trongsa Dzongkhag', 99, b'1'),
(1902, 'Castries', 100, b'1'),
(1903, 'Gros Islet', 100, b'1'),
(1904, 'Vieux Fort', 100, b'1'),
(1905, 'Soufriere', 100, b'1'),
(1906, 'Micoud', 100, b'1'),
(1907, 'Dennery', 100, b'1'),
(1908, 'Dauphin', 100, b'1'),
(1909, 'Anse la Raye', 100, b'1'),
(1910, 'Praslin', 100, b'1'),
(1911, 'Laborie', 100, b'1'),
(1912, 'Other', 100, b'1'),
(1913, 'Choiseul', 100, b'1'),
(1914, 'Other', 101, b'1'),
(1915, 'Saint John', 102, b'1'),
(1916, 'Saint Mary', 102, b'1'),
(1917, 'Saint Philip', 102, b'1'),
(1918, 'Saint Paul', 102, b'1'),
(1919, 'Barbuda', 102, b'1'),
(1920, 'Saint Peter', 102, b'1'),
(1921, 'Saint George', 102, b'1'),
(1922, 'Other', 102, b'1'),
(1923, 'Other', 103, b'1'),
(1924, 'State of Pohnpei', 104, b'1'),
(1925, 'Yap', 104, b'1'),
(1926, 'Chuuk', 104, b'1'),
(1927, 'Pohnpei', 104, b'1'),
(1928, 'Kosrae', 104, b'1'),
(1929, 'Saint George Parish', 105, b'1'),
(1930, 'Sandys Parish', 105, b'1'),
(1931, 'Southampton Parish', 105, b'1'),
(1932, 'Warwick Parish', 105, b'1'),
(1933, 'Pembroke Parish', 105, b'1'),
(1934, 'Hamilton Parish', 105, b'1'),
(1935, 'Smiths Parish', 105, b'1'),
(1936, 'Paget Parish', 105, b'1'),
(1937, 'Devonshire Parish', 105, b'1'),
(1938, 'Saint George', 105, b'1'),
(1939, 'Other', 105, b'1'),
(1940, 'Hamilton', 105, b'1'),
(1941, 'Saint Andrew', 106, b'1'),
(1942, 'Saint David', 106, b'1'),
(1943, 'Saint Patrick', 106, b'1'),
(1944, 'Saint John', 106, b'1'),
(1945, 'Saint George', 106, b'1'),
(1946, 'Saint Joseph', 106, b'1'),
(1947, 'Saint Paul', 106, b'1'),
(1948, 'Saint Peter', 106, b'1'),
(1949, 'Other', 106, b'1'),
(1950, 'Saint Mark', 106, b'1'),
(1951, 'Saint Luke', 106, b'1'),
(1952, 'Ailinglaplap Atoll', 107, b'1'),
(1953, 'Ailuk Atoll', 107, b'1'),
(1954, 'Arno Atoll', 107, b'1'),
(1955, 'Aur Atoll', 107, b'1'),
(1956, 'Ebon Atoll', 107, b'1'),
(1957, 'Enewetok/Ujelang', 107, b'1'),
(1958, 'Jabat Island', 107, b'1'),
(1959, 'Jaluit Atoll', 107, b'1'),
(1960, 'Kili/Bikini/Ejit', 107, b'1'),
(1961, 'Kwajalein Atoll', 107, b'1'),
(1962, 'Lae Atoll', 107, b'1'),
(1963, 'Lib Island', 107, b'1'),
(1964, 'Likiep Atoll', 107, b'1'),
(1965, 'Majuro Atoll (capital)', 107, b'1'),
(1966, 'Maloelap Atoll', 107, b'1'),
(1967, 'Mejit Island', 107, b'1'),
(1968, 'Mili Atoll', 107, b'1'),
(1969, 'Namorik Atoll', 107, b'1'),
(1970, 'Namu Atoll', 107, b'1'),
(1971, 'Rongelap Atoll', 107, b'1'),
(1972, 'Ujae Atoll', 107, b'1'),
(1973, 'Utirik Atoll', 107, b'1'),
(1974, 'Wotho Atoll', 107, b'1'),
(1975, 'Wotje Atoll', 107, b'1'),
(1976, 'Hhohho', 108, b'1'),
(1977, 'Lubombo', 108, b'1'),
(1978, 'Manzini', 108, b'1'),
(1979, 'Shiselweni', 108, b'1'),
(1980, 'Aruba (general)', 109, b'1'),
(1981, 'Other', 110, b'1'),
(1982, 'Western Division', 110, b'1'),
(1983, 'North Bank Division', 110, b'1'),
(1984, 'Lower River Division', 110, b'1'),
(1985, 'City of Banjul', 110, b'1'),
(1986, 'Central River Division', 110, b'1'),
(1987, 'Upper River Division', 110, b'1'),
(1988, 'Other', 111, b'1'),
(1989, 'Saint George Basseterre', 111, b'1'),
(1990, 'Saint James Windward', 111, b'1'),
(1991, 'Saint George Gingerland', 111, b'1'),
(1992, 'Saint John Capesterre', 111, b'1'),
(1993, 'Saint John Figtree', 111, b'1'),
(1994, 'Saint Peter Basseterre', 111, b'1'),
(1995, 'Saint Thomas Middle Island', 111, b'1'),
(1996, 'Saint Thomas Lowland', 111, b'1'),
(1997, 'Saint Paul Capesterre', 111, b'1'),
(1998, 'Christ Church Nichola Town', 111, b'1'),
(1999, 'Saint Mary Cayon', 111, b'1'),
(2000, 'Trinity Palmetto Point', 111, b'1'),
(2001, 'Saint Anne Sandy Point', 111, b'1'),
(2002, 'Saint Paul Charlestown', 111, b'1'),
(2003, 'Other', 112, b'1'),
(2004, 'Other', 113, b'1'),
(2005, 'Anse aux Pins', 113, b'1'),
(2006, 'Beau Vallon', 113, b'1'),
(2007, 'Bel Ombre', 113, b'1'),
(2008, 'Anse Boileau', 113, b'1'),
(2009, 'Anse Etoile', 113, b'1'),
(2010, 'Anse Royale', 113, b'1'),
(2011, 'Au Cap', 113, b'1'),
(2012, 'Baie Lazare', 113, b'1'),
(2013, 'Baie Sainte Anne', 113, b'1'),
(2014, 'Bel Air', 113, b'1'),
(2015, 'Cascade', 113, b'1'),
(2016, 'Grand Anse Mahe', 113, b'1'),
(2017, 'Grand Anse Praslin', 113, b'1'),
(2018, 'Les Mamelles', 113, b'1'),
(2019, 'Mont Buxton', 113, b'1'),
(2020, 'Mont Fleuri', 113, b'1'),
(2021, 'Plaisance', 113, b'1'),
(2022, 'Pointe Larue', 113, b'1'),
(2023, 'Roche Caiman', 113, b'1'),
(2024, 'Saint Louis', 113, b'1'),
(2025, 'Takamaka', 113, b'1'),
(2026, 'Other', 114, b'1'),
(2027, 'Other', 115, b'1'),
(2028, 'Gilbert Islands', 116, b'1'),
(2029, 'Anegada', 117, b'1'),
(2030, 'Jost Van Dyke', 117, b'1'),
(2031, 'Tortola', 117, b'1'),
(2032, 'Road Town', 117, b'1'),
(2033, 'Virgin Gorda', 117, b'1'),
(2034, 'other inhabitated smaller islands', 117, b'1'),
(2035, 'institutional & marine population', 117, b'1'),
(2036, 'State of Ngiwal', 118, b'1'),
(2037, 'Other', 119, b'1'),
(2038, 'Parroquia Andorra la Vella', 119, b'1'),
(2039, 'Parroquia de Sant Julia de Loria', 119, b'1'),
(2040, 'Parroquia de la Massana', 119, b'1'),
(2041, 'Parroquia de Canillo', 119, b'1'),
(2042, 'Parroquia Ordino', 119, b'1'),
(2043, 'Parroquia Encamp', 119, b'1'),
(2044, 'Parroquia Escaldes Engordany', 119, b'1'),
(2045, 'Other', 120, b'1'),
(2046, 'Anguilla', 120, b'1'),
(2047, 'Other', 121, b'1'),
(2048, 'Other', 122, b'1'),
(2049, 'Saint Georges', 123, b'1'),
(2050, 'Saint Peter', 123, b'1'),
(2051, 'Saint Anthony', 123, b'1'),
(2052, 'Other', 123, b'1');

-- --------------------------------------------------------

--
-- Table structure for table `sub_castes`
--

CREATE TABLE `sub_castes` (
  `sub_caste_id` int(20) NOT NULL,
  `religion_id` int(30) NOT NULL DEFAULT '1',
  `caste_id` int(10) NOT NULL,
  `sub_caste_name` varchar(100) NOT NULL,
  `sub_caste_status` int(10) NOT NULL
) ENGINE=InnoDB DEFAULT CHARSET=latin1 COMMENT='Sub castes of members';

--
-- Dumping data for table `sub_castes`
--

INSERT INTO `sub_castes` (`sub_caste_id`, `religion_id`, `caste_id`, `sub_caste_name`, `sub_caste_status`) VALUES
(1, 1, 1, '24 Manai A', 1),
(2, 1, 1, '24 Manai B', 1);

-- --------------------------------------------------------

--
-- Table structure for table `success_story`
--

CREATE TABLE `success_story` (
  `success_id` int(11) NOT NULL,
  `matrimony_id` varchar(200) NOT NULL,
  `story` longtext NOT NULL,
  `date` datetime DEFAULT NULL,
  `name` varchar(255) NOT NULL,
  `photo` varchar(255) NOT NULL,
  `source` varchar(750) NOT NULL,
  `success_status` int(11) NOT NULL,
  `success_approval` int(11) NOT NULL
) ENGINE=InnoDB DEFAULT CHARSET=latin1;

--
-- Dumping data for table `success_story`
--

INSERT INTO `success_story` (`success_id`, `matrimony_id`, `story`, `date`, `name`, `photo`, `source`, `success_status`, `success_approval`) VALUES
(1, '5980622', '"Thank You for helping usfind each other.', '2017-01-21 00:00:00', 'Jai&Christy', 'assets/uploads/success_story/1485342466_pic8.png', 'TeluguCatholicMatrimony', 1, 1),
(2, '7577796', 'fghbythn', '2017-01-23 00:00:00', 'jai&Christy', 'assets/uploads/success_story/1485867746_2.jpg', 'TeluguCatholicMatrimony', 1, 1),
(3, '4370060', 'happily ever after!!!!! The end!!!!!!!', '2017-02-02 00:00:00', 'jenni&william', 'assets/uploads/success_story/1486039700_Cala-di-Volpe-Hotel-CostaSmeralda-Wedding-Couple-with-Bouquet.jpg', 'TeluguCatholicMatrimony', 1, 1),
(4, '7535161', 'Thank u for helping to find my better half...', '2017-05-24 00:00:00', 'Priya', 'assets/uploads/success_story/1494050902_8.jpg', 'solmate', 1, 1),
(5, '5136172', 'hvjnm vh jm', '2017-07-24 00:00:00', 'hjvm', 'assets/uploads/success_story/1499684004_yyyuyuuuyu.jpg', 'solmate', 1, 0);

-- --------------------------------------------------------

--
-- Table structure for table `users`
--

CREATE TABLE `users` (
  `user_id` int(20) NOT NULL,
  `email` varchar(100) NOT NULL,
  `password` varchar(200) NOT NULL,
  `created_date` datetime NOT NULL,
  `modified_date` datetime NOT NULL,
  `user_type` int(11) NOT NULL,
  `user_status` int(11) NOT NULL,
  `email_unique` varchar(250) NOT NULL,
  `email_status` int(11) NOT NULL DEFAULT '0'
) ENGINE=InnoDB DEFAULT CHARSET=latin1 COMMENT='User table includes credentials of members';

--
-- Dumping data for table `users`
--

INSERT INTO `users` (`user_id`, `email`, `password`, `created_date`, `modified_date`, `user_type`, `user_status`, `email_unique`, `email_status`) VALUES
(1, 'doan@antony.com', 'p1xjr8+OJO8CrO28FGHyjITrce+rVZhvJj2ZkH2Y3rNobyQDqVCSxpmhFNVsHRV5WZa2qaW9XzvHiaNFPW8g7w==', '2017-04-27 14:33:22', '2017-05-10 14:39:57', 1, 1, '', 0),
(2, 'aswathi@gmail.com', 'p1xjr8+OJO8CrO28FGHyjITrce+rVZhvJj2ZkH2Y3rNobyQDqVCSxpmhFNVsHRV5WZa2qaW9XzvHiaNFPW8g7w==', '2017-04-27 15:40:57', '2017-07-07 14:49:53', 1, 1, 'cb13fb5fec214929e0766b6ab4f433eb', 0),
(3, 'admin', 'KbHnAOGUD49uFXuMA768TH+wcUWe0ijZWqV0cpz9HVBpLb+jG67EgibG/r7g1AalvxU3oGhTtEGzONX8mUfenw==', '0000-00-00 00:00:00', '0000-00-00 00:00:00', 2, 1, '', 0),
(4, 'revathy@gmail.com', 'p1xjr8+OJO8CrO28FGHyjITrce+rVZhvJj2ZkH2Y3rNobyQDqVCSxpmhFNVsHRV5WZa2qaW9XzvHiaNFPW8g7w==', '2017-04-28 15:07:22', '2017-04-28 15:07:22', 1, 1, '12430433eec143fae6fe89512a2ca9f1', 0),
(5, 'sam@gmail.com', 'OxuHALMqKoI9T6B5L7CX2YYQ0bYc9/wXD4XIAWUtIVeIdXu1OKC7VzxxowijrCvUMUMzAM95PH5QlTmE0NJC+g==', '2017-05-12 11:07:12', '2017-05-12 11:07:12', 1, 1, '', 0),
(6, 'neena@mail.com', 'K5j2eSGE8dnNOcJDRZ/ZakY3tyJqTMoxjrqCX3q3i0s/M6B5xEZUTbNg0A5hDipwLfvE/+96roD5Q1U78NpTyQ==', '2017-05-12 14:28:32', '2017-05-12 14:28:32', 1, 1, '', 0),
(7, 'ammu@gmail.com', 'uhVfWr1pkU1g1vLNGSdUbQW9l94fwIjKo+/41bhf84Eiup7upszC/+/SZ/Tat5pzoIuvYMaZwJkZSOiomtTDTw==', '2017-07-12 15:11:04', '2017-07-12 15:11:04', 1, 1, 'c6754e143e283fa4d797b7adabffb464', 0),
(9, 'achu@gmail.com', 'BAVWIQ9hqfsECeTDuKg67Kl96woykCSj8IIXPmlHLzzDIGix4ZMkoce3Q7sDObeZL5UECK/U0gwUAlnB9+8lnw==', '2017-07-26 11:29:19', '2017-07-26 11:29:19', 1, 1, 'ea689799472fd58338714ecba9c9e664', 0),
(10, 'a@gmail.com', 'HXyJU1maHm2tKZyrDnZSIBpeogFNi9dzYT1DnP8HdH9tLipaITgkcr4+hvFPXj/gErgCt+ihBC1WlsTaLcSP5g==', '2017-07-26 12:04:29', '2017-07-26 12:04:29', 1, 1, '', 0),
(11, 'anu@gmail.com', '/YME6YIoSi7UDb00i5xPL+HVAHX0gr1IHwB38qkGW5Oj1MCWL+feeDBZkN8pt3j697WQh6AuWC4gS/QmT4S+qA==', '2017-07-26 12:24:45', '2017-07-26 12:24:45', 1, 1, '', 0),
(12, 'abc@gmail.com', 'TXCqDbDwTxO7s+uMYwLRjUe9XkngjuPl67Kvig/ATjhAV//JJYNyfCl6ZANOzY/CU5UM1Z3fG+xAkU6XCsNQ9g==', '2017-07-26 14:34:20', '2017-07-26 14:34:20', 1, 1, '2f8add95b14a7eff894f68e8d081a1e9', 0),
(13, 'meenu@gmail.com', 'SwvTu4O0rWRJXXSONHAabn7tn1dFnu+O5OD+XKJq9eAxkvNm4Bu1UDJHv3IX/u7VYwTu/eKdwoBCGSkVj0J7uA==', '2017-07-26 15:00:13', '2017-07-26 15:00:13', 1, 1, '', 0),
(14, 'anoop@gmail.com', 'MYS8a9jRIo6bWyMOTMruYGpgxBdQJNK5mrdJzc8Nl7TaPKtkY3HtJ/o/StwUmZ5s3hN2BRzmQvtcwIq8mBAoyw==', '2017-07-26 15:12:17', '2017-07-26 15:12:17', 1, 1, '', 0),
(15, 'ab@gmail.com', 'thHPZ5TLpKpiMHmIlwgdlk61c4iDX0cBccRqrEH76Abz6KwBpI4S+nhe/EcwMIZii8rI9mvSicKdFCPuuEIUVQ==', '2017-07-26 15:15:25', '2017-07-26 15:15:25', 1, 1, '', 0),
(16, 'abc@gmail.com', 'kuUt6f2lYUJ6sLPXfM71OiBhCCJkkboygBzcEp4ZeUSTC9tkI/5XbQlaVeWQKzF4fbXJDl6Par2Bm4y3uO7qWA==', '2017-07-26 15:21:44', '2017-07-26 15:21:44', 1, 1, '', 0),
(17, 'appu@gmail.comk', 'X6T+kieKo7685cNy0sFxgce8yt/XQt5zfE++Ih06ta5SpbjN8CR857RHTPXQgYloykLTbJK3hJ+fwlF26PQgUQ==', '2017-07-26 15:38:32', '2017-07-26 15:38:32', 1, 1, 'beb5599456b92a6b3959975e2bab3b9d', 0),
(18, 'abcd@gmail.com', 'e2YX2KPHREam7XsNPOTPAL9LXxFuizsnwqNyKiLoT9mrE7itxCVZdU01/AgOpNa7vaWyInwWcz5soY4mkos/nQ==', '2017-07-26 15:46:18', '2017-07-26 15:46:18', 1, 1, '5588b0599db7da381460e26a24723772', 0),
(19, 'm1@gmail.cm', 'xojp0ChWogY6jxqZc/sjG+37nEGmulSu2fMbDK2+/tuqCxqcAVvDh5g6jqnwqL/MSW0FfGOGhVpKlDvy7dZlGg==', '2017-07-27 15:29:17', '2017-07-27 15:29:17', 1, 1, '', 0);

-- --------------------------------------------------------

--
-- Table structure for table `weight`
--

CREATE TABLE `weight` (
  `weight_id` int(10) NOT NULL,
  `weight` varchar(20) DEFAULT NULL
) ENGINE=InnoDB DEFAULT CHARSET=latin1 COMMENT='Weight Details';

--
-- Dumping data for table `weight`
--

INSERT INTO `weight` (`weight_id`, `weight`) VALUES
(1, '41 kg'),
(2, '42 kg'),
(3, '43 kg'),
(4, '44 kg'),
(5, '45 kg'),
(6, '46 kg'),
(7, '47 kg'),
(8, '48 kg'),
(9, '49 kg'),
(10, '50 kg'),
(11, '51 kg'),
(12, '52 kg'),
(13, '53 kg'),
(14, '54 kg'),
(15, '55 kg'),
(16, '56 kg'),
(17, '57 kg'),
(18, '58 kg'),
(19, '59 kg'),
(20, '60 kg'),
(21, '61 kg'),
(22, '62 kg'),
(23, '63 kg'),
(24, '64 kg'),
(25, '65 kg'),
(26, '66 kg'),
(27, '67 kg'),
(28, '68 kg'),
(29, '69 kg'),
(30, '70 kg'),
(31, '71 kg'),
(32, '72 kg'),
(33, '73 kg'),
(34, '74 kg'),
(35, '75 kg'),
(36, '76 kg'),
(37, '77 kg'),
(38, '\r\n78 kg'),
(39, '79 kg'),
(40, '80 kg'),
(41, '81 kg'),
(42, '82 kg'),
(43, '83 kg'),
(44, '84 kg'),
(45, '85 kg'),
(46, '86 kg'),
(47, '87 kg'),
(48, '88 kg'),
(49, '89 kg'),
(50, '90 kg'),
(51, '91 kg'),
(52, '92 kg'),
(53, '93 kg'),
(54, '94 kg'),
(55, '95 kg'),
(56, '96 kg'),
(57, '97 kg'),
(58, '98 kg'),
(59, '99 kg'),
(60, '100 kg'),
(61, '101 kg'),
(62, '102 kg'),
(63, '103 kg'),
(64, '104 kg'),
(65, '105 kg'),
(66, '106 kg'),
(67, '107 kg'),
(68, '108 kg'),
(69, '109 kg'),
(70, '110 kg'),
(71, '111 kg'),
(72, '112 kg'),
(73, '113 kg'),
(74, '114 kg'),
(75, '115 kg'),
(76, '116 kg'),
(77, '117 kg'),
(78, '118 kg'),
(79, '119 kg'),
(80, '120 kg'),
(81, '121 kg'),
(82, '122 kg'),
(83, '123 kg'),
(84, '124 kg'),
(85, '125 kg'),
(86, '126 kg'),
(87, '127 kg'),
(88, '128 kg'),
(89, '129 kg'),
(90, '130 kg'),
(91, '131 kg'),
(92, '132 kg'),
(93, '133 kg'),
(94, '134 kg'),
(95, '135 kg'),
(96, '136 kg'),
(97, '137 kg'),
(98, '138 kg'),
(99, '139 kg'),
(100, '140 kg');

--
-- Indexes for dumped tables
--

--
-- Indexes for table `active_members`
--
ALTER TABLE `active_members`
  ADD PRIMARY KEY (`id`);

--
-- Indexes for table `app_tokens`
--
ALTER TABLE `app_tokens`
  ADD PRIMARY KEY (`token_id`);

--
-- Indexes for table `badge`
--
ALTER TABLE `badge`
  ADD PRIMARY KEY (`id`);

--
-- Indexes for table `castes`
--
ALTER TABLE `castes`
  ADD PRIMARY KEY (`caste_id`);

--
-- Indexes for table `castes_old`
--
ALTER TABLE `castes_old`
  ADD PRIMARY KEY (`caste_id`);

--
-- Indexes for table `cities`
--
ALTER TABLE `cities`
  ADD PRIMARY KEY (`city_id`);

--
-- Indexes for table `classifieds_ads`
--
ALTER TABLE `classifieds_ads`
  ADD PRIMARY KEY (`ad_id`);

--
-- Indexes for table `classifieds_ads_categories`
--
ALTER TABLE `classifieds_ads_categories`
  ADD PRIMARY KEY (`ads_category_id`);

--
-- Indexes for table `classifieds_ads_gallery`
--
ALTER TABLE `classifieds_ads_gallery`
  ADD PRIMARY KEY (`gallery_id`);

--
-- Indexes for table `classifieds_categories`
--
ALTER TABLE `classifieds_categories`
  ADD PRIMARY KEY (`category_id`);

--
-- Indexes for table `classifieds_providers`
--
ALTER TABLE `classifieds_providers`
  ADD PRIMARY KEY (`provider_id`);

--
-- Indexes for table `classified_images`
--
ALTER TABLE `classified_images`
  ADD PRIMARY KEY (`id`);

--
-- Indexes for table `country`
--
ALTER TABLE `country`
  ADD PRIMARY KEY (`country_id`);

--
-- Indexes for table `country_new`
--
ALTER TABLE `country_new`
  ADD PRIMARY KEY (`country_id`);

--
-- Indexes for table `count_mobileviews`
--
ALTER TABLE `count_mobileviews`
  ADD PRIMARY KEY (`mobileviews_id`);

--
-- Indexes for table `count_sms`
--
ALTER TABLE `count_sms`
  ADD PRIMARY KEY (`sms_id`);

--
-- Indexes for table `deactivation_check`
--
ALTER TABLE `deactivation_check`
  ADD PRIMARY KEY (`id`);

--
-- Indexes for table `educations`
--
ALTER TABLE `educations`
  ADD PRIMARY KEY (`education_id`);

--
-- Indexes for table `employed_in`
--
ALTER TABLE `employed_in`
  ADD PRIMARY KEY (`id`);

--
-- Indexes for table `height`
--
ALTER TABLE `height`
  ADD PRIMARY KEY (`height_id`);

--
-- Indexes for table `helpline_numbers`
--
ALTER TABLE `helpline_numbers`
  ADD PRIMARY KEY (`id`);

--
-- Indexes for table `history`
--
ALTER TABLE `history`
  ADD PRIMARY KEY (`history_id`);

--
-- Indexes for table `hobbies`
--
ALTER TABLE `hobbies`
  ADD PRIMARY KEY (`id`);

--
-- Indexes for table `index_management`
--
ALTER TABLE `index_management`
  ADD PRIMARY KEY (`id`);

--
-- Indexes for table `logs_table`
--
ALTER TABLE `logs_table`
  ADD PRIMARY KEY (`log_id`);

--
-- Indexes for table `mail_alerts`
--
ALTER TABLE `mail_alerts`
  ADD PRIMARY KEY (`id`);

--
-- Indexes for table `membership_details`
--
ALTER TABLE `membership_details`
  ADD PRIMARY KEY (`membership_id`);

--
-- Indexes for table `mobile_view`
--
ALTER TABLE `mobile_view`
  ADD PRIMARY KEY (`mobileview_id`);

--
-- Indexes for table `mother_tongues`
--
ALTER TABLE `mother_tongues`
  ADD PRIMARY KEY (`mother_tongue_id`);

--
-- Indexes for table `mytable`
--
ALTER TABLE `mytable`
  ADD PRIMARY KEY (`city_id`);

--
-- Indexes for table `occupations`
--
ALTER TABLE `occupations`
  ADD PRIMARY KEY (`occupation_id`);

--
-- Indexes for table `otp_details`
--
ALTER TABLE `otp_details`
  ADD PRIMARY KEY (`otp_id`);

--
-- Indexes for table `packages`
--
ALTER TABLE `packages`
  ADD PRIMARY KEY (`id`);

--
-- Indexes for table `parish`
--
ALTER TABLE `parish`
  ADD PRIMARY KEY (`id`);

--
-- Indexes for table `payments`
--
ALTER TABLE `payments`
  ADD PRIMARY KEY (`id`);

--
-- Indexes for table `pic_gallery`
--
ALTER TABLE `pic_gallery`
  ADD PRIMARY KEY (`id`),
  ADD KEY `shop_id` (`user_id`);

--
-- Indexes for table `preferences`
--
ALTER TABLE `preferences`
  ADD PRIMARY KEY (`preference_id`),
  ADD KEY `profile_id` (`profile_id`);

--
-- Indexes for table `profiles`
--
ALTER TABLE `profiles`
  ADD PRIMARY KEY (`profile_id`),
  ADD KEY `user_id` (`user_id`),
  ADD KEY `religion` (`religion`),
  ADD KEY `caste` (`caste`),
  ADD KEY `sub_caste` (`sub_caste`),
  ADD KEY `mother_language` (`mother_language`),
  ADD KEY `country` (`country`),
  ADD KEY `state` (`state`),
  ADD KEY `city` (`city`),
  ADD KEY `education_id` (`education_id`),
  ADD KEY `occupation_id` (`occupation_id`),
  ADD KEY `height_id` (`height_id`),
  ADD KEY `weight_id` (`weight_id`),
  ADD KEY `sports_id` (`sports_id`),
  ADD KEY `hobby_id` (`hobby_id`),
  ADD KEY `music_id` (`music_id`),
  ADD KEY `star_id` (`star_id`);

--
-- Indexes for table `profile_deactivate`
--
ALTER TABLE `profile_deactivate`
  ADD PRIMARY KEY (`id`);

--
-- Indexes for table `profile_delete`
--
ALTER TABLE `profile_delete`
  ADD PRIMARY KEY (`delete_id`);

--
-- Indexes for table `profile_hobbies`
--
ALTER TABLE `profile_hobbies`
  ADD PRIMARY KEY (`hobby_id`);

--
-- Indexes for table `profile_interest`
--
ALTER TABLE `profile_interest`
  ADD PRIMARY KEY (`interest_id`);

--
-- Indexes for table `profile_mails`
--
ALTER TABLE `profile_mails`
  ADD PRIMARY KEY (`mail_id`);

--
-- Indexes for table `profile_musics`
--
ALTER TABLE `profile_musics`
  ADD PRIMARY KEY (`music_id`);

--
-- Indexes for table `profile_photo_request`
--
ALTER TABLE `profile_photo_request`
  ADD PRIMARY KEY (`photo_request_id`);

--
-- Indexes for table `profile_pic_verification`
--
ALTER TABLE `profile_pic_verification`
  ADD PRIMARY KEY (`pic_verification_id`);

--
-- Indexes for table `profile_recent`
--
ALTER TABLE `profile_recent`
  ADD PRIMARY KEY (`view_id`);

--
-- Indexes for table `profile_shortlist`
--
ALTER TABLE `profile_shortlist`
  ADD PRIMARY KEY (`shortlist_id`);

--
-- Indexes for table `profile_sports`
--
ALTER TABLE `profile_sports`
  ADD PRIMARY KEY (`sports_id`);

--
-- Indexes for table `raasi`
--
ALTER TABLE `raasi`
  ADD PRIMARY KEY (`raasi_id`);

--
-- Indexes for table `religions`
--
ALTER TABLE `religions`
  ADD PRIMARY KEY (`religion_id`);

--
-- Indexes for table `religions_old`
--
ALTER TABLE `religions_old`
  ADD PRIMARY KEY (`religion_id`);

--
-- Indexes for table `save_search`
--
ALTER TABLE `save_search`
  ADD PRIMARY KEY (`id`);

--
-- Indexes for table `send_sms`
--
ALTER TABLE `send_sms`
  ADD PRIMARY KEY (`send_sms_id`);

--
-- Indexes for table `settings`
--
ALTER TABLE `settings`
  ADD PRIMARY KEY (`id`);

--
-- Indexes for table `settings_preferences`
--
ALTER TABLE `settings_preferences`
  ADD PRIMARY KEY (`settings_id`);

--
-- Indexes for table `staff`
--
ALTER TABLE `staff`
  ADD PRIMARY KEY (`id`);

--
-- Indexes for table `staff_roles`
--
ALTER TABLE `staff_roles`
  ADD PRIMARY KEY (`id`);

--
-- Indexes for table `stars`
--
ALTER TABLE `stars`
  ADD PRIMARY KEY (`star_id`);

--
-- Indexes for table `states`
--
ALTER TABLE `states`
  ADD PRIMARY KEY (`state_id`);

--
-- Indexes for table `states_new`
--
ALTER TABLE `states_new`
  ADD PRIMARY KEY (`state_id`);

--
-- Indexes for table `sub_castes`
--
ALTER TABLE `sub_castes`
  ADD PRIMARY KEY (`sub_caste_id`);

--
-- Indexes for table `success_story`
--
ALTER TABLE `success_story`
  ADD PRIMARY KEY (`success_id`);

--
-- Indexes for table `users`
--
ALTER TABLE `users`
  ADD PRIMARY KEY (`user_id`);

--
-- Indexes for table `weight`
--
ALTER TABLE `weight`
  ADD PRIMARY KEY (`weight_id`);

--
-- AUTO_INCREMENT for dumped tables
--

--
-- AUTO_INCREMENT for table `active_members`
--
ALTER TABLE `active_members`
  MODIFY `id` int(11) NOT NULL AUTO_INCREMENT, AUTO_INCREMENT=43;
--
-- AUTO_INCREMENT for table `app_tokens`
--
ALTER TABLE `app_tokens`
  MODIFY `token_id` int(11) UNSIGNED NOT NULL AUTO_INCREMENT, AUTO_INCREMENT=425;
--
-- AUTO_INCREMENT for table `badge`
--
ALTER TABLE `badge`
  MODIFY `id` int(11) NOT NULL AUTO_INCREMENT, AUTO_INCREMENT=2;
--
-- AUTO_INCREMENT for table `castes`
--
ALTER TABLE `castes`
  MODIFY `caste_id` int(11) NOT NULL AUTO_INCREMENT, AUTO_INCREMENT=2271;
--
-- AUTO_INCREMENT for table `castes_old`
--
ALTER TABLE `castes_old`
  MODIFY `caste_id` int(10) NOT NULL AUTO_INCREMENT, AUTO_INCREMENT=632;
--
-- AUTO_INCREMENT for table `cities`
--
ALTER TABLE `cities`
  MODIFY `city_id` int(20) NOT NULL AUTO_INCREMENT, AUTO_INCREMENT=55;
--
-- AUTO_INCREMENT for table `classifieds_ads`
--
ALTER TABLE `classifieds_ads`
  MODIFY `ad_id` int(50) NOT NULL AUTO_INCREMENT, AUTO_INCREMENT=16;
--
-- AUTO_INCREMENT for table `classifieds_ads_categories`
--
ALTER TABLE `classifieds_ads_categories`
  MODIFY `ads_category_id` int(50) NOT NULL AUTO_INCREMENT, AUTO_INCREMENT=43;
--
-- AUTO_INCREMENT for table `classifieds_ads_gallery`
--
ALTER TABLE `classifieds_ads_gallery`
  MODIFY `gallery_id` int(50) NOT NULL AUTO_INCREMENT, AUTO_INCREMENT=26;
--
-- AUTO_INCREMENT for table `classifieds_categories`
--
ALTER TABLE `classifieds_categories`
  MODIFY `category_id` int(50) NOT NULL AUTO_INCREMENT, AUTO_INCREMENT=86;
--
-- AUTO_INCREMENT for table `classifieds_providers`
--
ALTER TABLE `classifieds_providers`
  MODIFY `provider_id` int(50) NOT NULL AUTO_INCREMENT, AUTO_INCREMENT=20;
--
-- AUTO_INCREMENT for table `classified_images`
--
ALTER TABLE `classified_images`
  MODIFY `id` int(11) NOT NULL AUTO_INCREMENT, AUTO_INCREMENT=13;
--
-- AUTO_INCREMENT for table `country`
--
ALTER TABLE `country`
  MODIFY `country_id` int(20) NOT NULL AUTO_INCREMENT, AUTO_INCREMENT=210;
--
-- AUTO_INCREMENT for table `count_mobileviews`
--
ALTER TABLE `count_mobileviews`
  MODIFY `mobileviews_id` int(50) NOT NULL AUTO_INCREMENT;
--
-- AUTO_INCREMENT for table `count_sms`
--
ALTER TABLE `count_sms`
  MODIFY `sms_id` int(50) NOT NULL AUTO_INCREMENT;
--
-- AUTO_INCREMENT for table `deactivation_check`
--
ALTER TABLE `deactivation_check`
  MODIFY `id` int(11) NOT NULL AUTO_INCREMENT, AUTO_INCREMENT=21;
--
-- AUTO_INCREMENT for table `educations`
--
ALTER TABLE `educations`
  MODIFY `education_id` int(20) NOT NULL AUTO_INCREMENT, AUTO_INCREMENT=107;
--
-- AUTO_INCREMENT for table `employed_in`
--
ALTER TABLE `employed_in`
  MODIFY `id` int(11) NOT NULL AUTO_INCREMENT, AUTO_INCREMENT=2;
--
-- AUTO_INCREMENT for table `height`
--
ALTER TABLE `height`
  MODIFY `height_id` int(10) NOT NULL AUTO_INCREMENT, AUTO_INCREMENT=77;
--
-- AUTO_INCREMENT for table `helpline_numbers`
--
ALTER TABLE `helpline_numbers`
  MODIFY `id` int(11) NOT NULL AUTO_INCREMENT, AUTO_INCREMENT=4;
--
-- AUTO_INCREMENT for table `history`
--
ALTER TABLE `history`
  MODIFY `history_id` int(30) NOT NULL AUTO_INCREMENT, AUTO_INCREMENT=3;
--
-- AUTO_INCREMENT for table `hobbies`
--
ALTER TABLE `hobbies`
  MODIFY `id` int(11) NOT NULL AUTO_INCREMENT, AUTO_INCREMENT=40;
--
-- AUTO_INCREMENT for table `index_management`
--
ALTER TABLE `index_management`
  MODIFY `id` int(11) NOT NULL AUTO_INCREMENT, AUTO_INCREMENT=43;
--
-- AUTO_INCREMENT for table `logs_table`
--
ALTER TABLE `logs_table`
  MODIFY `log_id` int(11) NOT NULL AUTO_INCREMENT, AUTO_INCREMENT=158;
--
-- AUTO_INCREMENT for table `mail_alerts`
--
ALTER TABLE `mail_alerts`
  MODIFY `id` int(11) NOT NULL AUTO_INCREMENT, AUTO_INCREMENT=11;
--
-- AUTO_INCREMENT for table `membership_details`
--
ALTER TABLE `membership_details`
  MODIFY `membership_id` int(50) NOT NULL AUTO_INCREMENT, AUTO_INCREMENT=220;
--
-- AUTO_INCREMENT for table `mobile_view`
--
ALTER TABLE `mobile_view`
  MODIFY `mobileview_id` int(11) UNSIGNED NOT NULL AUTO_INCREMENT, AUTO_INCREMENT=12;
--
-- AUTO_INCREMENT for table `mother_tongues`
--
ALTER TABLE `mother_tongues`
  MODIFY `mother_tongue_id` int(20) NOT NULL AUTO_INCREMENT, AUTO_INCREMENT=16;
--
-- AUTO_INCREMENT for table `occupations`
--
ALTER TABLE `occupations`
  MODIFY `occupation_id` int(20) NOT NULL AUTO_INCREMENT, AUTO_INCREMENT=91;
--
-- AUTO_INCREMENT for table `otp_details`
--
ALTER TABLE `otp_details`
  MODIFY `otp_id` int(50) NOT NULL AUTO_INCREMENT, AUTO_INCREMENT=13;
--
-- AUTO_INCREMENT for table `packages`
--
ALTER TABLE `packages`
  MODIFY `id` int(11) NOT NULL AUTO_INCREMENT, AUTO_INCREMENT=12;
--
-- AUTO_INCREMENT for table `parish`
--
ALTER TABLE `parish`
  MODIFY `id` int(11) NOT NULL AUTO_INCREMENT, AUTO_INCREMENT=73;
--
-- AUTO_INCREMENT for table `payments`
--
ALTER TABLE `payments`
  MODIFY `id` int(11) NOT NULL AUTO_INCREMENT, AUTO_INCREMENT=102;
--
-- AUTO_INCREMENT for table `pic_gallery`
--
ALTER TABLE `pic_gallery`
  MODIFY `id` int(11) NOT NULL AUTO_INCREMENT, AUTO_INCREMENT=5;
--
-- AUTO_INCREMENT for table `preferences`
--
ALTER TABLE `preferences`
  MODIFY `preference_id` int(20) NOT NULL AUTO_INCREMENT, AUTO_INCREMENT=22;
--
-- AUTO_INCREMENT for table `profiles`
--
ALTER TABLE `profiles`
  MODIFY `profile_id` int(20) NOT NULL AUTO_INCREMENT, AUTO_INCREMENT=19;
--
-- AUTO_INCREMENT for table `profile_deactivate`
--
ALTER TABLE `profile_deactivate`
  MODIFY `id` int(11) NOT NULL AUTO_INCREMENT, AUTO_INCREMENT=62;
--
-- AUTO_INCREMENT for table `profile_delete`
--
ALTER TABLE `profile_delete`
  MODIFY `delete_id` int(11) NOT NULL AUTO_INCREMENT, AUTO_INCREMENT=74;
--
-- AUTO_INCREMENT for table `profile_hobbies`
--
ALTER TABLE `profile_hobbies`
  MODIFY `hobby_id` int(20) NOT NULL AUTO_INCREMENT;
--
-- AUTO_INCREMENT for table `profile_interest`
--
ALTER TABLE `profile_interest`
  MODIFY `interest_id` int(11) UNSIGNED NOT NULL AUTO_INCREMENT, AUTO_INCREMENT=3;
--
-- AUTO_INCREMENT for table `profile_mails`
--
ALTER TABLE `profile_mails`
  MODIFY `mail_id` int(11) NOT NULL AUTO_INCREMENT, AUTO_INCREMENT=25;
--
-- AUTO_INCREMENT for table `profile_musics`
--
ALTER TABLE `profile_musics`
  MODIFY `music_id` int(20) NOT NULL AUTO_INCREMENT;
--
-- AUTO_INCREMENT for table `profile_photo_request`
--
ALTER TABLE `profile_photo_request`
  MODIFY `photo_request_id` int(50) NOT NULL AUTO_INCREMENT, AUTO_INCREMENT=28;
--
-- AUTO_INCREMENT for table `profile_pic_verification`
--
ALTER TABLE `profile_pic_verification`
  MODIFY `pic_verification_id` int(30) NOT NULL AUTO_INCREMENT, AUTO_INCREMENT=12;
--
-- AUTO_INCREMENT for table `profile_recent`
--
ALTER TABLE `profile_recent`
  MODIFY `view_id` int(11) UNSIGNED NOT NULL AUTO_INCREMENT, AUTO_INCREMENT=8;
--
-- AUTO_INCREMENT for table `profile_shortlist`
--
ALTER TABLE `profile_shortlist`
  MODIFY `shortlist_id` int(11) UNSIGNED NOT NULL AUTO_INCREMENT, AUTO_INCREMENT=3;
--
-- AUTO_INCREMENT for table `profile_sports`
--
ALTER TABLE `profile_sports`
  MODIFY `sports_id` int(20) NOT NULL AUTO_INCREMENT;
--
-- AUTO_INCREMENT for table `raasi`
--
ALTER TABLE `raasi`
  MODIFY `raasi_id` int(10) NOT NULL AUTO_INCREMENT, AUTO_INCREMENT=13;
--
-- AUTO_INCREMENT for table `religions`
--
ALTER TABLE `religions`
  MODIFY `religion_id` int(11) NOT NULL AUTO_INCREMENT, AUTO_INCREMENT=19;
--
-- AUTO_INCREMENT for table `religions_old`
--
ALTER TABLE `religions_old`
  MODIFY `religion_id` int(20) NOT NULL AUTO_INCREMENT, AUTO_INCREMENT=17;
--
-- AUTO_INCREMENT for table `save_search`
--
ALTER TABLE `save_search`
  MODIFY `id` int(11) NOT NULL AUTO_INCREMENT, AUTO_INCREMENT=39;
--
-- AUTO_INCREMENT for table `send_sms`
--
ALTER TABLE `send_sms`
  MODIFY `send_sms_id` int(11) UNSIGNED NOT NULL AUTO_INCREMENT, AUTO_INCREMENT=8;
--
-- AUTO_INCREMENT for table `settings_preferences`
--
ALTER TABLE `settings_preferences`
  MODIFY `settings_id` int(50) NOT NULL AUTO_INCREMENT, AUTO_INCREMENT=209;
--
-- AUTO_INCREMENT for table `staff`
--
ALTER TABLE `staff`
  MODIFY `id` int(11) NOT NULL AUTO_INCREMENT, AUTO_INCREMENT=15;
--
-- AUTO_INCREMENT for table `staff_roles`
--
ALTER TABLE `staff_roles`
  MODIFY `id` int(11) NOT NULL AUTO_INCREMENT, AUTO_INCREMENT=15;
--
-- AUTO_INCREMENT for table `stars`
--
ALTER TABLE `stars`
  MODIFY `star_id` int(20) NOT NULL AUTO_INCREMENT, AUTO_INCREMENT=28;
--
-- AUTO_INCREMENT for table `states`
--
ALTER TABLE `states`
  MODIFY `state_id` int(20) NOT NULL AUTO_INCREMENT, AUTO_INCREMENT=216;
--
-- AUTO_INCREMENT for table `sub_castes`
--
ALTER TABLE `sub_castes`
  MODIFY `sub_caste_id` int(20) NOT NULL AUTO_INCREMENT, AUTO_INCREMENT=3;
--
-- AUTO_INCREMENT for table `success_story`
--
ALTER TABLE `success_story`
  MODIFY `success_id` int(11) NOT NULL AUTO_INCREMENT, AUTO_INCREMENT=6;
--
-- AUTO_INCREMENT for table `users`
--
ALTER TABLE `users`
  MODIFY `user_id` int(20) NOT NULL AUTO_INCREMENT, AUTO_INCREMENT=20;
--
-- AUTO_INCREMENT for table `weight`
--
ALTER TABLE `weight`
  MODIFY `weight_id` int(10) NOT NULL AUTO_INCREMENT, AUTO_INCREMENT=101;
/*!40101 SET CHARACTER_SET_CLIENT=@OLD_CHARACTER_SET_CLIENT */;
/*!40101 SET CHARACTER_SET_RESULTS=@OLD_CHARACTER_SET_RESULTS */;
/*!40101 SET COLLATION_CONNECTION=@OLD_COLLATION_CONNECTION */;
